{"type":"FeatureCollection","features":[{"type":"Feature","properties":{"cve_mun":"09017","nombre_municipio":"Venustiano Carranza","cve_ent":"09","nombre_entidad":"Ciudad de México"},"geometry":{"type":"Polygon","coordinates":[[[-99.1222,19.4598],[-99.1014,19.4499],[-99.0932,19.4516],[-99.0872,19.4458],[-99.0809,19.4502],[-99.0623,19.4448],[-99.0509,19.4502],[-99.0465,19.4424],[-99.0558,19.4221],[-99.0695,19.4203],[-99.078,19.4071],[-99.098,19.4091],[-99.1257,19.4043],[-99.1282,19.4138],[-99.1231,19.4425],[-99.1259,19.4482],[-99.1222,19.4598]]]}},{"type":"Feature","properties":{"cve_mun":"09014","nombre_municipio":"Benito Juárez","cve_ent":"09","nombre_entidad":"Ciudad de México"},"geometry":{"type":"Polygon","coordinates":[[[-99.1468,19.404],[-99.1374,19.4035],[-99.1372,19.3992],[-99.1309,19.399],[-99.1398,19.3569],[-99.1698,19.3587],[-99.1777,19.3651],[-99.1837,19.3617],[-99.1911,19.3635],[-99.1891,19.3956],[-99.1468,19.404]]]}},{"type":"Feature","properties":{"cve_mun":"09009","nombre_municipio":"Milpa Alta","cve_ent":"09","nombre_entidad":"Ciudad de México"},"geometry":{"type":"Polygon","coordinates":[[[-98.9988,19.2277],[-98.9906,19.2258],[-98.9668,19.209],[-98.9697,19.2043],[-98.967,19.1999],[-98.9677,19.1897],[-98.9524,19.1686],[-98.9674,19.1644],[-98.9546,19.1495],[-98.9665,19.1439],[-98.9575,19.1224],[-98.9591,19.1043],[-98.9657,19.0859],[-98.979,19.0745],[-98.9836,19.0788],[-99.029,19.0854],[-99.0432,19.0758],[-99.0598,19.0482],[-99.1254,19.0621],[-99.1354,19.0893],[-99.1633,19.1175],[-99.1525,19.1421],[-99.1496,19.1603],[-99.1324,19.1486],[-99.1017,19.2048],[-99.0946,19.2115],[-98.9988,19.2277]]]}},{"type":"Feature","properties":{"cve_mun":"09008","nombre_municipio":"La Magdalena Contreras","cve_ent":"09","nombre_entidad":"Ciudad de México"},"geometry":{"type":"Polygon","coordinates":[[[-99.2079,19.3379],[-99.2127,19.3269],[-99.2212,19.3201],[-99.2205,19.3113],[-99.2319,19.305],[-99.2333,19.2966],[-99.2427,19.2923],[-99.2408,19.287],[-99.2454,19.277],[-99.2435,19.2698],[-99.2471,19.2647],[-99.2472,19.2603],[-99.2439,19.2592],[-99.2446,19.2527],[-99.2504,19.2457],[-99.2534,19.2348],[-99.2707,19.2242],[-99.2773,19.2147],[-99.2831,19.2131],[-99.2932,19.2139],[-99.3223,19.2326],[-99.3232,19.2392],[-99.3176,19.2445],[-99.3154,19.2564],[-99.298,19.2615],[-99.2926,19.2683],[-99.2862,19.2707],[-99.2811,19.2806],[-99.2733,19.2852],[-99.2762,19.2891],[-99.2697,19.3012],[-99.2722,19.3025],[-99.2684,19.3051],[-99.2713,19.3083],[-99.2695,19.3136],[-99.2659,19.3134],[-99.2547,19.3268],[-99.2442,19.3286],[-99.2373,19.3247],[-99.2312,19.3298],[-99.2079,19.3379]]]}},{"type":"Feature","properties":{"cve_mun":"09007","nombre_municipio":"Iztapalapa","cve_ent":"09","nombre_entidad":"Ciudad de México"},"geometry":{"type":"Polygon","coordinates":[[[-99.0581,19.4007],[-98.9919,19.3676],[-98.9946,19.3581],[-98.9604,19.3254],[-98.9786,19.3239],[-98.9799,19.3261],[-99.0014,19.3271],[-99.0436,19.3122],[-99.0466,19.3149],[-99.0538,19.3119],[-99.0599,19.3044],[-99.0634,19.3057],[-99.0616,19.2927],[-99.0692,19.2851],[-99.1122,19.3342],[-99.122,19.3577],[-99.1399,19.3574],[-99.1354,19.3773],[-99.1225,19.3757],[-99.1225,19.3824],[-99.0956,19.3796],[-99.0888,19.3904],[-99.0846,19.3895],[-99.084,19.3926],[-99.0608,19.3826],[-99.0581,19.4007]]]}},{"type":"Feature","properties":{"cve_mun":"09003","nombre_municipio":"Coyoacán","cve_ent":"09","nombre_entidad":"Ciudad de México"},"geometry":{"type":"Polygon","coordinates":[[[-99.1717,19.3596],[-99.122,19.3577],[-99.1129,19.3354],[-99.0992,19.3209],[-99.1009,19.3],[-99.1168,19.3014],[-99.1347,19.3083],[-99.1426,19.2996],[-99.1474,19.3013],[-99.1567,19.2968],[-99.1623,19.3013],[-99.1951,19.3021],[-99.2058,19.3057],[-99.1949,19.322],[-99.1947,19.3302],[-99.1963,19.3336],[-99.1998,19.3335],[-99.1912,19.3369],[-99.1717,19.3596]]]}},{"type":"Feature","properties":{"cve_mun":"09011","nombre_municipio":"Tláhuac","cve_ent":"09","nombre_entidad":"Ciudad de México"},"geometry":{"type":"Polygon","coordinates":[[[-99.0014,19.3271],[-98.9579,19.3232],[-98.9672,19.306],[-98.9765,19.2531],[-98.966,19.2499],[-98.9686,19.2322],[-98.9403,19.2232],[-98.9426,19.2156],[-98.9511,19.2182],[-98.9539,19.2146],[-98.9685,19.2106],[-98.9937,19.2275],[-98.9958,19.225],[-99.003,19.2276],[-99.0001,19.2263],[-99.0302,19.2236],[-99.007,19.2516],[-99.0165,19.26],[-99.0298,19.2626],[-99.0373,19.2717],[-99.069,19.285],[-99.0616,19.2927],[-99.0634,19.3057],[-99.0599,19.3044],[-99.0538,19.3119],[-99.0466,19.3149],[-99.0436,19.3122],[-99.0014,19.3271]]]}},{"type":"Feature","properties":{"cve_mun":"09012","nombre_municipio":"Tlalpan","cve_ent":"09","nombre_entidad":"Ciudad de México"},"geometry":{"type":"Polygon","coordinates":[[[-99.2198,19.3121],[-99.2154,19.3076],[-99.1963,19.3023],[-99.1656,19.3017],[-99.1567,19.2968],[-99.1474,19.3013],[-99.1426,19.2996],[-99.1347,19.3083],[-99.1168,19.3014],[-99.1009,19.3],[-99.1014,19.2952],[-99.105,19.2935],[-99.1249,19.2852],[-99.1411,19.2825],[-99.1412,19.2735],[-99.1449,19.2674],[-99.1424,19.2666],[-99.1394,19.2547],[-99.1417,19.249],[-99.1389,19.246],[-99.1443,19.2447],[-99.144,19.2397],[-99.1475,19.2403],[-99.1445,19.2345],[-99.1507,19.2347],[-99.1534,19.226],[-99.1512,19.2234],[-99.1544,19.2206],[-99.1383,19.2157],[-99.1328,19.21],[-99.1293,19.203],[-99.1307,19.1913],[-99.1271,19.1873],[-99.1324,19.1785],[-99.13,19.1722],[-99.1328,19.1549],[-99.1302,19.1525],[-99.1324,19.1486],[-99.1496,19.1603],[-99.1525,19.1421],[-99.1633,19.1175],[-99.1365,19.0894],[-99.2268,19.0961],[-99.2787,19.1317],[-99.2876,19.1466],[-99.3028,19.1909],[-99.3071,19.2137],[-99.3162,19.2215],[-99.3156,19.2274],[-99.2932,19.2139],[-99.2824,19.2131],[-99.2534,19.2348],[-99.2504,19.2457],[-99.2446,19.2527],[-99.2439,19.2592],[-99.2472,19.2603],[-99.2471,19.2647],[-99.2435,19.2698],[-99.2454,19.277],[-99.2408,19.287],[-99.2427,19.2923],[-99.2333,19.2966],[-99.2319,19.305],[-99.2198,19.3121]]]}},{"type":"Feature","properties":{"cve_mun":"09006","nombre_municipio":"Iztacalco","cve_ent":"09","nombre_entidad":"Ciudad de México"},"geometry":{"type":"Polygon","coordinates":[[[-99.0559,19.4222],[-99.0608,19.3826],[-99.084,19.3926],[-99.0846,19.3895],[-99.0888,19.3904],[-99.0956,19.3796],[-99.1225,19.3824],[-99.1225,19.3757],[-99.1355,19.3772],[-99.1309,19.399],[-99.1372,19.3992],[-99.1366,19.4028],[-99.098,19.4091],[-99.0782,19.4071],[-99.0695,19.4203],[-99.0559,19.4222]]]}},{"type":"Feature","properties":{"cve_mun":"09013","nombre_municipio":"Xochimilco","cve_ent":"09","nombre_entidad":"Ciudad de México"},"geometry":{"type":"Polygon","coordinates":[[[-99.0987,19.3196],[-99.0683,19.2844],[-99.0373,19.2717],[-99.0298,19.2626],[-99.0165,19.26],[-99.007,19.2516],[-99.0302,19.2236],[-99.0946,19.2115],[-99.0993,19.2081],[-99.1317,19.1526],[-99.1299,19.1724],[-99.1324,19.1785],[-99.1271,19.1873],[-99.1307,19.1913],[-99.1293,19.203],[-99.1383,19.2157],[-99.1544,19.2206],[-99.1512,19.2234],[-99.1534,19.226],[-99.1507,19.2347],[-99.1445,19.2345],[-99.1475,19.2403],[-99.144,19.2397],[-99.1443,19.2447],[-99.1389,19.246],[-99.1417,19.249],[-99.1394,19.2547],[-99.1424,19.2666],[-99.1449,19.2674],[-99.1412,19.2735],[-99.1411,19.2825],[-99.1249,19.2852],[-99.1014,19.2952],[-99.0987,19.3196]]]}},{"type":"Feature","properties":{"cve_mun":"09010","nombre_municipio":"Álvaro Obregón","cve_ent":"09","nombre_entidad":"Ciudad de México"},"geometry":{"type":"Polygon","coordinates":[[[-99.1922,19.4037],[-99.1884,19.3936],[-99.1917,19.3827],[-99.1911,19.3635],[-99.1837,19.3617],[-99.1777,19.3651],[-99.1717,19.3596],[-99.1912,19.3369],[-99.1998,19.3335],[-99.1963,19.3336],[-99.1947,19.3302],[-99.195,19.3218],[-99.2002,19.3112],[-99.2058,19.3057],[-99.2159,19.3079],[-99.2205,19.3137],[-99.2211,19.3203],[-99.2128,19.3268],[-99.2075,19.3378],[-99.2312,19.3298],[-99.2373,19.3247],[-99.2442,19.3286],[-99.2552,19.3266],[-99.2659,19.3134],[-99.2705,19.3119],[-99.2712,19.3072],[-99.2684,19.3051],[-99.2722,19.3025],[-99.2697,19.3012],[-99.2762,19.2891],[-99.2733,19.2852],[-99.2811,19.2806],[-99.2862,19.2707],[-99.2926,19.2683],[-99.298,19.2615],[-99.3154,19.2564],[-99.3176,19.2445],[-99.3227,19.2403],[-99.3223,19.2326],[-99.3243,19.2326],[-99.3236,19.2651],[-99.3157,19.2822],[-99.3164,19.3001],[-99.3116,19.3068],[-99.3088,19.3051],[-99.3033,19.3111],[-99.3013,19.3095],[-99.3005,19.3223],[-99.2948,19.3169],[-99.2906,19.3215],[-99.2913,19.3292],[-99.288,19.3335],[-99.2867,19.3298],[-99.285,19.3365],[-99.2802,19.3352],[-99.2812,19.3374],[-99.2684,19.3419],[-99.2582,19.3498],[-99.2613,19.361],[-99.2668,19.3635],[-99.2651,19.3717],[-99.2684,19.3687],[-99.27,19.3731],[-99.2421,19.3874],[-99.2378,19.3935],[-99.1922,19.4037]]]}},{"type":"Feature","properties":{"cve_mun":"09015","nombre_municipio":"Cuauhtémoc","cve_ent":"09","nombre_entidad":"Ciudad de México"},"geometry":{"type":"Polygon","coordinates":[[[-99.1417,19.4658],[-99.1222,19.4598],[-99.1259,19.4482],[-99.1231,19.4425],[-99.1282,19.4138],[-99.1257,19.4043],[-99.1563,19.4041],[-99.1704,19.3998],[-99.1711,19.4035],[-99.1843,19.4078],[-99.1658,19.4436],[-99.1631,19.4591],[-99.1587,19.4639],[-99.1417,19.4658]]]}},{"type":"Feature","properties":{"cve_mun":"09005","nombre_municipio":"Gustavo A. Madero","cve_ent":"09","nombre_entidad":"Ciudad de México"},"geometry":{"type":"Polygon","coordinates":[[[-99.1221,19.5925],[-99.1179,19.5906],[-99.1186,19.5845],[-99.1081,19.5649],[-99.1306,19.5361],[-99.1274,19.5351],[-99.128,19.5245],[-99.1144,19.5111],[-99.1073,19.5097],[-99.0974,19.5126],[-99.0639,19.4988],[-99.068,19.4891],[-99.0509,19.4502],[-99.0526,19.4484],[-99.0623,19.4448],[-99.0809,19.4502],[-99.0872,19.4458],[-99.0932,19.4516],[-99.1014,19.4499],[-99.1333,19.4649],[-99.1431,19.4651],[-99.163,19.518],[-99.1746,19.5241],[-99.1714,19.5272],[-99.177,19.5293],[-99.176,19.532],[-99.1568,19.5281],[-99.1558,19.5324],[-99.1585,19.5339],[-99.1511,19.5448],[-99.1609,19.5493],[-99.1581,19.5574],[-99.1468,19.5646],[-99.1338,19.5862],[-99.1221,19.5925]]]}},{"type":"Feature","properties":{"cve_mun":"09004","nombre_municipio":"Cuajimalpa de Morelos","cve_ent":"09","nombre_entidad":"Ciudad de México"},"geometry":{"type":"Polygon","coordinates":[[[-99.2577,19.4047],[-99.2553,19.3987],[-99.2593,19.3926],[-99.2548,19.3952],[-99.247,19.3942],[-99.2477,19.386],[-99.2702,19.3726],[-99.2684,19.3687],[-99.2651,19.3717],[-99.2668,19.3635],[-99.2613,19.361],[-99.2582,19.3497],[-99.2684,19.3419],[-99.2812,19.3374],[-99.2802,19.3352],[-99.285,19.3365],[-99.2867,19.3298],[-99.288,19.3335],[-99.2913,19.3292],[-99.2906,19.3215],[-99.2948,19.3169],[-99.3005,19.3223],[-99.3013,19.3095],[-99.3033,19.3111],[-99.3088,19.3051],[-99.3116,19.3068],[-99.3164,19.3001],[-99.3157,19.2822],[-99.3236,19.2651],[-99.3243,19.2326],[-99.3267,19.2326],[-99.3308,19.2379],[-99.3423,19.2411],[-99.3392,19.2677],[-99.3482,19.274],[-99.3649,19.2778],[-99.3515,19.2942],[-99.3535,19.2974],[-99.35,19.2968],[-99.3563,19.302],[-99.3566,19.3067],[-99.3338,19.3306],[-99.3283,19.3452],[-99.3285,19.3531],[-99.3233,19.3583],[-99.3181,19.3582],[-99.3195,19.3636],[-99.3131,19.3704],[-99.3078,19.3716],[-99.3035,19.3778],[-99.3012,19.3697],[-99.2956,19.3691],[-99.2617,19.396],[-99.2577,19.4047]]]}},{"type":"Feature","properties":{"cve_mun":"09016","nombre_municipio":"Miguel Hidalgo","cve_ent":"09","nombre_entidad":"Ciudad de México"},"geometry":{"type":"Polygon","coordinates":[[[-99.2008,19.4734],[-99.1904,19.4705],[-99.1885,19.4608],[-99.1637,19.4564],[-99.1658,19.4436],[-99.1843,19.4078],[-99.1711,19.4035],[-99.1704,19.3998],[-99.1891,19.3956],[-99.1922,19.4037],[-99.1976,19.4031],[-99.2378,19.3935],[-99.2399,19.3889],[-99.2477,19.386],[-99.247,19.3942],[-99.2548,19.3952],[-99.2592,19.3926],[-99.2549,19.4046],[-99.2373,19.4124],[-99.2308,19.4217],[-99.2223,19.4269],[-99.2296,19.4374],[-99.2181,19.4441],[-99.22,19.4529],[-99.2153,19.4562],[-99.2115,19.468],[-99.2008,19.4734]]]}},{"type":"Feature","properties":{"cve_mun":"09002","nombre_municipio":"Azcapotzalco","cve_ent":"09","nombre_entidad":"Ciudad de México"},"geometry":{"type":"Polygon","coordinates":[[[-99.2043,19.515],[-99.1569,19.5027],[-99.1431,19.4651],[-99.1587,19.4639],[-99.1637,19.4564],[-99.1885,19.4608],[-99.191,19.4706],[-99.2211,19.4751],[-99.2102,19.5111],[-99.2043,19.515]]]}},{"type":"Feature","properties":{"cve_mun":"14113","nombre_municipio":"San Gabriel","cve_ent":"14","nombre_entidad":"Jalisco"},"geometry":{"type":"Polygon","coordinates":[[[-103.7894,19.8388],[-103.7815,19.8335],[-103.7778,19.8201],[-103.7715,19.8229],[-103.7519,19.8176],[-103.7462,19.8131],[-103.7329,19.8211],[-103.7168,19.8396],[-103.7121,19.8299],[-103.7156,19.8119],[-103.7031,19.8136],[-103.6984,19.8002],[-103.694,19.8032],[-103.6957,19.8107],[-103.6917,19.8155],[-103.6916,19.8277],[-103.6853,19.8265],[-103.6783,19.8118],[-103.6711,19.8057],[-103.6622,19.8201],[-103.6496,19.8317],[-103.6509,19.8197],[-103.647,19.8146],[-103.652,19.8033],[-103.6271,19.7902],[-103.6231,19.7782],[-103.6088,19.7729],[-103.6144,19.766],[-103.6238,19.7696],[-103.6125,19.7582],[-103.6175,19.7466],[-103.6153,19.7403],[-103.6206,19.729],[-103.6124,19.717],[-103.6158,19.7122],[-103.6095,19.712],[-103.6114,19.7077],[-103.6051,19.7058],[-103.6064,19.7042],[-103.5983,19.704],[-103.601,19.7009],[-103.596,19.6988],[-103.5999,19.6985],[-103.5976,19.6954],[-103.5999,19.6938],[-103.5834,19.696],[-103.5786,19.6926],[-103.5792,19.687],[-103.5674,19.687],[-103.5734,19.6729],[-103.5705,19.6636],[-103.572,19.6577],[-103.5677,19.6553],[-103.5683,19.6509],[-103.5584,19.654],[-103.5552,19.6523],[-103.5612,19.6396],[-103.5407,19.6443],[-103.5298,19.6328],[-103.5353,19.6282],[-103.5533,19.6259],[-103.5594,19.6177],[-103.5656,19.6172],[-103.5664,19.6108],[-103.571,19.6094],[-103.5679,19.6081],[-103.5724,19.6032],[-103.5777,19.605],[-103.5761,19.6029],[-103.5811,19.5985],[-103.5849,19.5997],[-103.5893,19.596],[-103.5863,19.594],[-103.5982,19.5911],[-103.6074,19.579],[-103.6193,19.5823],[-103.6278,19.5704],[-103.6468,19.5677],[-103.6579,19.5709],[-103.6537,19.5755],[-103.6595,19.5775],[-103.6574,19.5804],[-103.6622,19.5896],[-103.6607,19.5977],[-103.6668,19.5927],[-103.6851,19.595],[-103.6986,19.5917],[-103.699,19.5955],[-103.7085,19.6011],[-103.7051,19.6025],[-103.7474,19.6099],[-103.7706,19.6254],[-103.7864,19.618],[-103.7969,19.619],[-103.8087,19.6109],[-103.8167,19.6099],[-103.8177,19.6146],[-103.8127,19.6207],[-103.8205,19.6167],[-103.829,19.6169],[-103.8243,19.6208],[-103.8292,19.6211],[-103.827,19.6406],[-103.8307,19.646],[-103.8475,19.6422],[-103.8484,19.6541],[-103.8586,19.6523],[-103.8633,19.6575],[-103.8735,19.6521],[-103.8739,19.658],[-103.9078,19.6566],[-103.9105,19.6636],[-103.9036,19.6634],[-103.8931,19.6803],[-103.8808,19.6927],[-103.8739,19.6935],[-103.8878,19.7025],[-103.8975,19.704],[-103.8751,19.7062],[-103.8706,19.7165],[-103.8658,19.7156],[-103.8615,19.7229],[-103.8625,19.7274],[-103.8679,19.7285],[-103.868,19.7357],[-103.8756,19.7375],[-103.8833,19.7472],[-103.8964,19.7466],[-103.9064,19.7358],[-103.938,19.7498],[-103.9395,19.7556],[-103.9436,19.7572],[-103.9443,19.7676],[-103.9497,19.7758],[-103.9475,19.7794],[-103.9396,19.7842],[-103.9386,19.7906],[-103.9311,19.799],[-103.9181,19.7991],[-103.9074,19.8049],[-103.8948,19.8034],[-103.8895,19.814],[-103.8806,19.8192],[-103.875,19.8167],[-103.863,19.8284],[-103.8563,19.8244],[-103.8528,19.8322],[-103.8368,19.8201],[-103.8197,19.8237],[-103.7982,19.8123],[-103.8013,19.8172],[-103.7965,19.8174],[-103.7948,19.8255],[-103.798,19.8285],[-103.7972,19.8333],[-103.8013,19.8348],[-103.7894,19.8388]]]}},{"type":"Feature","properties":{"cve_mun":"14057","nombre_municipio":"La Manzanilla de la Paz","cve_ent":"14","nombre_entidad":"Jalisco"},"geometry":{"type":"Polygon","coordinates":[[[-103.1621,20.0898],[-103.1572,20.0855],[-103.1225,20.0815],[-103.1199,20.0747],[-103.1222,20.0762],[-103.1215,20.073],[-103.1272,20.0721],[-103.1251,20.065],[-103.1221,20.064],[-103.1246,20.0613],[-103.1194,20.0551],[-103.1274,20.0515],[-103.1185,20.0475],[-103.1132,20.0516],[-103.1104,20.0438],[-103.0999,20.0438],[-103.0911,20.0329],[-103.0701,20.0444],[-103.0645,20.055],[-103.065,20.0623],[-103.0608,20.0654],[-103.0498,20.0658],[-103.0438,20.0698],[-103.0382,20.0654],[-103.0344,20.0675],[-103.0292,20.0649],[-103.0294,20.0591],[-103.0247,20.0578],[-103.0245,20.0525],[-103.0216,20.0533],[-103.0207,20.0489],[-103.026,20.0499],[-103.0282,20.0447],[-103.0284,20.0364],[-103.0244,20.0333],[-103.0357,20.0294],[-103.0326,20.0247],[-103.0482,20.0073],[-103.0441,20.0046],[-103.0442,20.0002],[-103.0647,19.9891],[-103.0676,19.984],[-103.0643,19.9741],[-103.0693,19.9754],[-103.0814,19.9692],[-103.0834,19.9619],[-103.1071,19.9712],[-103.1323,19.9671],[-103.1479,19.9752],[-103.1548,19.9652],[-103.1581,19.9759],[-103.1666,19.9789],[-103.1631,19.9948],[-103.1678,19.9957],[-103.1659,20.0023],[-103.1615,20.0038],[-103.1715,20.01],[-103.1733,20.0063],[-103.1789,20.0098],[-103.1828,20.0086],[-103.1871,20.0138],[-103.181,20.0173],[-103.1739,20.0149],[-103.1587,20.025],[-103.1711,20.0555],[-103.1753,20.0558],[-103.172,20.0596],[-103.1713,20.0782],[-103.1649,20.0809],[-103.1666,20.0887],[-103.1621,20.0898]]]}},{"type":"Feature","properties":{"cve_mun":"14056","nombre_municipio":"Santa María del Oro","cve_ent":"14","nombre_entidad":"Jalisco"},"geometry":{"type":"Polygon","coordinates":[[[-102.7989,19.6641],[-102.7927,19.6626],[-102.7922,19.6536],[-102.7842,19.6521],[-102.7875,19.6482],[-102.7821,19.6466],[-102.7823,19.6426],[-102.7796,19.6443],[-102.7751,19.6272],[-102.7609,19.6275],[-102.7537,19.6229],[-102.7554,19.6198],[-102.7476,19.6128],[-102.7372,19.6151],[-102.7261,19.6131],[-102.7259,19.6099],[-102.7188,19.6094],[-102.7203,19.6059],[-102.7159,19.6029],[-102.7185,19.5929],[-102.7266,19.5861],[-102.7224,19.5824],[-102.726,19.579],[-102.7204,19.5796],[-102.7206,19.5743],[-102.7168,19.5706],[-102.7196,19.5683],[-102.7135,19.5633],[-102.7184,19.5503],[-102.7116,19.5456],[-102.7107,19.5411],[-102.7167,19.5335],[-102.7146,19.5308],[-102.7184,19.5259],[-102.7175,19.5195],[-102.7223,19.5181],[-102.7246,19.5091],[-102.7272,19.5122],[-102.731,19.5105],[-102.7302,19.5068],[-102.7389,19.4987],[-102.7377,19.493],[-102.732,19.496],[-102.7237,19.4932],[-102.7044,19.5072],[-102.6895,19.5134],[-102.6774,19.5103],[-102.673,19.512],[-102.672,19.4946],[-102.6688,19.4914],[-102.6709,19.4906],[-102.6575,19.4872],[-102.6289,19.5005],[-102.6205,19.4988],[-102.5985,19.5186],[-102.584,19.5227],[-102.5819,19.5283],[-102.5762,19.5249],[-102.5763,19.5159],[-102.5719,19.5112],[-102.5753,19.5037],[-102.5738,19.5001],[-102.5837,19.486],[-102.5889,19.4651],[-102.618,19.466],[-102.6472,19.4371],[-102.6522,19.438],[-102.6516,19.4409],[-102.664,19.4459],[-102.6668,19.45],[-102.6744,19.4492],[-102.6808,19.4534],[-102.6873,19.4496],[-102.6947,19.4526],[-102.7123,19.446],[-102.7149,19.4514],[-102.7184,19.4483],[-102.7344,19.4489],[-102.7406,19.4452],[-102.7361,19.4415],[-102.7383,19.4289],[-102.7472,19.4246],[-102.7489,19.418],[-102.7544,19.4168],[-102.7538,19.4045],[-102.7669,19.3988],[-102.7699,19.3879],[-102.7762,19.393],[-102.7829,19.3937],[-102.7792,19.396],[-102.7803,19.4026],[-102.7877,19.4038],[-102.7876,19.4125],[-102.8019,19.4133],[-102.8008,19.4207],[-102.8061,19.422],[-102.8111,19.4314],[-102.8186,19.4248],[-102.8215,19.4117],[-102.8457,19.3995],[-102.8585,19.3865],[-102.8642,19.3965],[-102.863,19.4012],[-102.869,19.4161],[-102.8675,19.4202],[-102.8766,19.4285],[-102.876,19.4351],[-102.8732,19.4391],[-102.8702,19.4372],[-102.8677,19.4425],[-102.8807,19.4529],[-102.8918,19.4554],[-102.896,19.461],[-102.8947,19.4661],[-102.9023,19.4688],[-102.9106,19.4653],[-102.9182,19.45],[-102.9341,19.4561],[-102.9358,19.4528],[-102.9446,19.4541],[-102.9649,19.4672],[-102.9747,19.4643],[-102.9831,19.4734],[-102.9904,19.4713],[-103.0,19.477],[-103.0064,19.4765],[-103.0144,19.4805],[-103.0129,19.4845],[-103.0257,19.493],[-103.0347,19.4958],[-103.0376,19.4999],[-103.0456,19.4966],[-103.0585,19.5072],[-103.0486,19.5031],[-103.0286,19.5192],[-103.0188,19.5219],[-103.0183,19.5302],[-103.0036,19.5537],[-103.0071,19.5594],[-103.0215,19.5613],[-103.029,19.5865],[-103.0181,19.5956],[-103.0157,19.6096],[-103.0096,19.6103],[-103.0092,19.6142],[-103.0071,19.6111],[-103.0066,19.6371],[-103.0018,19.6429],[-102.9885,19.6329],[-102.9878,19.6355],[-102.9831,19.6328],[-102.9719,19.6346],[-102.972,19.6287],[-102.9665,19.6254],[-102.9685,19.6212],[-102.9665,19.6124],[-102.9622,19.6154],[-102.9614,19.623],[-102.9566,19.6217],[-102.949,19.6316],[-102.9478,19.6296],[-102.9402,19.6327],[-102.9303,19.6285],[-102.9292,19.6341],[-102.9252,19.6354],[-102.9166,19.6329],[-102.9086,19.6254],[-102.9003,19.6364],[-102.8927,19.6309],[-102.8866,19.6304],[-102.8814,19.6341],[-102.8824,19.6297],[-102.8788,19.6269],[-102.8762,19.6338],[-102.869,19.6391],[-102.8667,19.6508],[-102.8587,19.6557],[-102.8518,19.6572],[-102.8366,19.654],[-102.8288,19.6571],[-102.8232,19.6505],[-102.8206,19.6515],[-102.8233,19.6561],[-102.8203,19.6568],[-102.82,19.6614],[-102.7989,19.6641]]]}},{"type":"Feature","properties":{"cve_mun":"14054","nombre_municipio":"El Limón","cve_ent":"14","nombre_entidad":"Jalisco"},"geometry":{"type":"Polygon","coordinates":[[[-104.0483,19.9294],[-104.0403,19.9253],[-104.0316,19.9138],[-104.0304,19.91],[-104.0401,19.8944],[-104.0313,19.8916],[-104.0302,19.8868],[-104.0486,19.8781],[-104.0476,19.8724],[-104.0514,19.8739],[-104.0591,19.8549],[-104.0658,19.8477],[-104.0735,19.8508],[-104.0767,19.8453],[-104.0739,19.8385],[-104.0767,19.8266],[-104.074,19.8235],[-104.0697,19.8263],[-104.0672,19.8219],[-104.0452,19.8164],[-104.0499,19.8069],[-104.0473,19.7907],[-104.043,19.7897],[-104.0464,19.7873],[-104.0467,19.782],[-104.0522,19.7826],[-104.0743,19.773],[-104.0946,19.7918],[-104.1021,19.7936],[-104.1089,19.8063],[-104.116,19.8068],[-104.1167,19.8113],[-104.1256,19.8129],[-104.1387,19.8082],[-104.1598,19.8131],[-104.1857,19.8061],[-104.1843,19.8085],[-104.1919,19.8149],[-104.1883,19.8159],[-104.1826,19.8271],[-104.1757,19.8328],[-104.1769,19.8395],[-104.1728,19.845],[-104.1775,19.8544],[-104.1506,19.8649],[-104.1239,19.8648],[-104.0911,19.8749],[-104.0815,19.8688],[-104.0814,19.877],[-104.0703,19.8778],[-104.0663,19.8872],[-104.068,19.8913],[-104.0749,19.8945],[-104.0703,19.8996],[-104.0681,19.9103],[-104.0633,19.9141],[-104.056,19.9134],[-104.0563,19.9187],[-104.0496,19.9239],[-104.0483,19.9294]]]}},{"type":"Feature","properties":{"cve_mun":"14053","nombre_municipio":"Lagos de Moreno","cve_ent":"14","nombre_entidad":"Jalisco"},"geometry":{"type":"Polygon","coordinates":[[[-101.9402,21.8872],[-101.9352,21.889],[-101.9269,21.8856],[-101.9323,21.878],[-101.9337,21.8658],[-101.9285,21.8626],[-101.9324,21.8573],[-101.9066,21.8498],[-101.8814,21.8471],[-101.863,21.8299],[-101.8559,21.7992],[-101.8438,21.789],[-101.8369,21.79],[-101.8263,21.7841],[-101.8319,21.7735],[-101.8473,21.7595],[-101.8354,21.7604],[-101.8298,21.7492],[-101.8147,21.76],[-101.8075,21.758],[-101.7969,21.7436],[-101.7994,21.7368],[-101.8049,21.7338],[-101.8007,21.7284],[-101.821,21.733],[-101.8222,21.7303],[-101.8041,21.7085],[-101.7719,21.6763],[-101.762,21.6782],[-101.7512,21.6739],[-101.7322,21.6608],[-101.7404,21.6481],[-101.7354,21.6417],[-101.7162,21.6299],[-101.7049,21.6275],[-101.6939,21.6294],[-101.6938,21.6228],[-101.681,21.6109],[-101.6838,21.6104],[-101.6812,21.6034],[-101.6845,21.5973],[-101.6857,21.5791],[-101.6801,21.5684],[-101.6733,21.5629],[-101.6789,21.5545],[-101.6589,21.5597],[-101.6576,21.5511],[-101.6414,21.5498],[-101.644,21.5468],[-101.6389,21.5448],[-101.6392,21.5416],[-101.6283,21.5463],[-101.6221,21.5445],[-101.62,21.5411],[-101.6242,21.536],[-101.6405,21.5286],[-101.6403,21.5136],[-101.6324,21.5191],[-101.589,21.4649],[-101.59,21.4568],[-101.5867,21.4526],[-101.5901,21.4502],[-101.59,21.4456],[-101.5879,21.4424],[-101.5819,21.4478],[-101.5804,21.4283],[-101.5704,21.4185],[-101.5891,21.4151],[-101.6003,21.4205],[-101.6066,21.415],[-101.6188,21.4154],[-101.6309,21.4073],[-101.6384,21.41],[-101.6704,21.4023],[-101.6795,21.3895],[-101.6762,21.3898],[-101.6687,21.3809],[-101.6516,21.3696],[-101.6516,21.3653],[-101.6428,21.3551],[-101.6466,21.3381],[-101.6461,21.3258],[-101.6409,21.3147],[-101.6432,21.2993],[-101.654,21.2959],[-101.6629,21.2866],[-101.6762,21.2884],[-101.6867,21.2941],[-101.6977,21.2838],[-101.702,21.2755],[-101.7072,21.2765],[-101.7094,21.2807],[-101.7358,21.2773],[-101.7385,21.2692],[-101.7496,21.272],[-101.7567,21.2698],[-101.7597,21.2676],[-101.7594,21.2606],[-101.7682,21.2577],[-101.7546,21.2439],[-101.7659,21.2422],[-101.7712,21.2347],[-101.7738,21.22],[-101.7839,21.2189],[-101.7897,21.214],[-101.8086,21.2085],[-101.8089,21.1994],[-101.8182,21.1925],[-101.8292,21.1928],[-101.8329,21.1818],[-101.8409,21.1854],[-101.8475,21.179],[-101.8598,21.1771],[-101.8621,21.177],[-101.8606,21.1922],[-101.8686,21.1981],[-101.8685,21.2099],[-101.8756,21.2242],[-101.8807,21.2312],[-101.8853,21.2316],[-101.8829,21.2347],[-101.8914,21.2466],[-101.9006,21.2458],[-101.9006,21.2516],[-101.9061,21.2556],[-101.9486,21.2576],[-101.977,21.2724],[-101.9885,21.2665],[-101.9879,21.2726],[-101.9925,21.2745],[-101.9869,21.2746],[-101.9864,21.2772],[-101.99,21.2786],[-101.9892,21.2755],[-101.9981,21.2753],[-101.999,21.2682],[-102.0079,21.2637],[-102.0198,21.2679],[-102.0218,21.2738],[-102.0249,21.2746],[-102.033,21.2629],[-102.0268,21.2597],[-102.0188,21.2621],[-102.012,21.2428],[-102.0275,21.227],[-102.0276,21.2229],[-102.0325,21.2228],[-102.0403,21.2418],[-102.0447,21.2364],[-102.0682,21.2357],[-102.0763,21.2204],[-102.0809,21.2197],[-102.0923,21.2251],[-102.0923,21.2318],[-102.1038,21.2349],[-102.0888,21.2429],[-102.0851,21.2421],[-102.0856,21.2486],[-102.0918,21.2492],[-102.0946,21.255],[-102.1104,21.2629],[-102.1145,21.2708],[-102.1279,21.2696],[-102.1231,21.275],[-102.1303,21.2775],[-102.1442,21.2762],[-102.145,21.2803],[-102.1328,21.2903],[-102.1312,21.2978],[-102.1488,21.2944],[-102.1482,21.2996],[-102.1554,21.3046],[-102.1688,21.3021],[-102.1577,21.3177],[-102.1567,21.3237],[-102.1606,21.3307],[-102.1563,21.347],[-102.1393,21.3537],[-102.1418,21.3544],[-102.1427,21.3646],[-102.1492,21.3786],[-102.1497,21.3878],[-102.1453,21.39],[-102.1489,21.3927],[-102.1305,21.4016],[-102.121,21.4131],[-102.1215,21.4213],[-102.1166,21.4261],[-102.1373,21.4349],[-102.1369,21.4395],[-102.1319,21.4404],[-102.1333,21.4432],[-102.1254,21.4418],[-102.1073,21.453],[-102.0964,21.4515],[-102.0879,21.4573],[-102.0631,21.4642],[-102.058,21.4609],[-102.0518,21.4622],[-102.0524,21.4686],[-102.0466,21.4745],[-102.0479,21.4846],[-102.064,21.4946],[-102.0544,21.4959],[-102.0497,21.5009],[-102.0499,21.5113],[-102.0314,21.5063],[-102.023,21.5082],[-102.027,21.5147],[-102.0268,21.5281],[-102.0249,21.5311],[-102.017,21.5265],[-102.0121,21.5278],[-102.0021,21.5511],[-102.0036,21.5568],[-101.9984,21.5611],[-101.999,21.5728],[-101.984,21.5827],[-101.978,21.5945],[-101.9925,21.6077],[-101.9904,21.6171],[-101.987,21.6224],[-101.9713,21.6324],[-101.9965,21.6615],[-101.9926,21.6709],[-101.9904,21.6669],[-101.9785,21.6614],[-101.9796,21.6729],[-101.9739,21.6873],[-101.9722,21.7034],[-101.9771,21.7084],[-101.9824,21.7044],[-101.9803,21.7113],[-101.9844,21.7191],[-101.9827,21.7231],[-101.9867,21.7218],[-101.9874,21.727],[-101.9995,21.7138],[-102.0078,21.7165],[-102.0094,21.7266],[-102.0222,21.7304],[-102.0251,21.7278],[-102.0248,21.7384],[-102.019,21.748],[-102.0212,21.7524],[-102.0621,21.7491],[-102.0661,21.753],[-102.0782,21.7545],[-102.0777,21.7505],[-102.086,21.7491],[-102.1038,21.7513],[-102.1034,21.7584],[-102.1016,21.7616],[-102.0862,21.7673],[-102.0946,21.7777],[-102.0831,21.7871],[-102.072,21.7827],[-102.0637,21.7977],[-102.058,21.8019],[-102.0529,21.8133],[-102.0551,21.8164],[-102.0417,21.8231],[-102.0384,21.8532],[-102.0208,21.8512],[-102.02,21.8625],[-101.9412,21.8895],[-101.9402,21.8872]]]}},{"type":"Feature","properties":{"cve_mun":"14052","nombre_municipio":"Juchitlán","cve_ent":"14","nombre_entidad":"Jalisco"},"geometry":{"type":"Polygon","coordinates":[[[-104.0448,20.1623],[-104.039,20.1568],[-104.0388,20.1517],[-104.0338,20.1565],[-104.0339,20.1416],[-104.0298,20.1344],[-104.0344,20.1311],[-104.0353,20.125],[-104.0296,20.1147],[-104.0188,20.1157],[-104.0119,20.1208],[-104.0011,20.1182],[-103.9912,20.1208],[-103.948,20.1083],[-103.944,20.1108],[-103.9491,20.102],[-103.9462,20.0955],[-103.9554,20.0856],[-103.9644,20.082],[-103.9621,20.08],[-103.9655,20.0705],[-103.9639,20.0622],[-103.9809,20.0463],[-103.9802,20.0379],[-103.9883,20.0252],[-103.9808,20.0189],[-103.9605,20.0159],[-103.9568,20.0113],[-103.9531,19.989],[-103.9709,19.982],[-103.983,19.9852],[-103.9961,19.9838],[-104.001,19.977],[-104.0149,19.9733],[-104.0224,19.9663],[-104.0452,19.9632],[-104.0545,19.9639],[-104.0627,19.9707],[-104.068,19.9694],[-104.0869,19.9802],[-104.0665,19.99],[-104.0663,19.9966],[-104.0891,20.0094],[-104.0921,20.016],[-104.0997,20.0212],[-104.1013,20.03],[-104.1049,20.0331],[-104.1121,20.0383],[-104.1422,20.0391],[-104.1274,20.0588],[-104.1316,20.0609],[-104.1286,20.0666],[-104.1333,20.0707],[-104.1301,20.0766],[-104.1265,20.0764],[-104.1264,20.0806],[-104.1366,20.0869],[-104.1274,20.0862],[-104.1247,20.0823],[-104.1078,20.0846],[-104.1064,20.0926],[-104.1017,20.0948],[-104.1005,20.0921],[-104.0853,20.1087],[-104.0744,20.1148],[-104.0755,20.1217],[-104.0675,20.1333],[-104.0638,20.1461],[-104.0448,20.1623]]]}},{"type":"Feature","properties":{"cve_mun":"14051","nombre_municipio":"Juanacatlán","cve_ent":"14","nombre_entidad":"Jalisco"},"geometry":{"type":"Polygon","coordinates":[[[-103.1303,20.5684],[-103.1352,20.5563],[-103.1311,20.5517],[-103.1322,20.5468],[-103.1179,20.5441],[-103.0965,20.5302],[-103.109,20.518],[-103.099,20.5135],[-103.093,20.5186],[-103.089,20.5182],[-103.0945,20.4833],[-103.081,20.4877],[-103.0913,20.4161],[-103.0843,20.4004],[-103.1216,20.4055],[-103.1432,20.4229],[-103.1447,20.4437],[-103.1632,20.4551],[-103.1721,20.4531],[-103.1996,20.4589],[-103.2106,20.4802],[-103.1906,20.5029],[-103.1761,20.5029],[-103.1734,20.5125],[-103.1761,20.5134],[-103.1695,20.523],[-103.1704,20.5326],[-103.1657,20.5391],[-103.1648,20.5488],[-103.162,20.5487],[-103.1619,20.5529],[-103.1481,20.5577],[-103.1481,20.5698],[-103.137,20.5718],[-103.1303,20.5684]]]}},{"type":"Feature","properties":{"cve_mun":"14050","nombre_municipio":"Jocotepec","cve_ent":"14","nombre_entidad":"Jalisco"},"geometry":{"type":"Polygon","coordinates":[[[-103.5275,20.4113],[-103.5206,20.4064],[-103.5063,20.4049],[-103.4825,20.3952],[-103.4654,20.3848],[-103.4559,20.3741],[-103.443,20.3723],[-103.4372,20.3652],[-103.418,20.3597],[-103.3831,20.3646],[-103.3588,20.3618],[-103.3525,20.368],[-103.3432,20.3686],[-103.3341,20.3822],[-103.3339,20.387],[-103.328,20.3927],[-103.3156,20.3981],[-103.3105,20.3918],[-103.3083,20.4019],[-103.2888,20.4008],[-103.291,20.3976],[-103.2966,20.3974],[-103.299,20.3905],[-103.2943,20.3694],[-103.29,20.3693],[-103.2891,20.3621],[-103.295,20.3559],[-103.2898,20.3486],[-103.2863,20.3327],[-103.2917,20.3263],[-103.3011,20.3236],[-103.2983,20.3152],[-103.3029,20.3011],[-103.2991,20.2871],[-103.3204,20.2876],[-103.3381,20.2831],[-103.3509,20.2891],[-103.3759,20.2893],[-103.376,20.2932],[-103.396,20.2868],[-103.4104,20.2887],[-103.4178,20.2778],[-103.4187,20.259],[-103.422,20.2514],[-103.4192,20.2326],[-103.4026,20.2232],[-103.3884,20.2266],[-103.3608,20.2266],[-103.3749,20.2089],[-103.3737,20.1986],[-103.3706,20.1934],[-103.3435,20.179],[-103.343,20.1727],[-103.35,20.1681],[-103.3647,20.1675],[-103.3748,20.1697],[-103.381,20.1793],[-103.3906,20.1846],[-103.3931,20.1806],[-103.402,20.1838],[-103.4123,20.1805],[-103.4156,20.1889],[-103.4259,20.1974],[-103.4178,20.2069],[-103.4432,20.2075],[-103.4448,20.2144],[-103.4621,20.2281],[-103.4696,20.2466],[-103.4619,20.2571],[-103.4605,20.2693],[-103.4763,20.2748],[-103.4801,20.2778],[-103.4783,20.2834],[-103.4836,20.2908],[-103.4998,20.2929],[-103.4989,20.2963],[-103.5114,20.3055],[-103.5165,20.3204],[-103.5399,20.3494],[-103.5475,20.3702],[-103.5467,20.3796],[-103.5403,20.3864],[-103.5464,20.3943],[-103.5425,20.3962],[-103.5483,20.4043],[-103.5363,20.4059],[-103.5366,20.4082],[-103.5275,20.4113]]]}},{"type":"Feature","properties":{"cve_mun":"14031","nombre_municipio":"Chimaltitán","cve_ent":"14","nombre_entidad":"Jalisco"},"geometry":{"type":"Polygon","coordinates":[[[-103.6832,21.9272],[-103.676,21.918],[-103.6587,21.923],[-103.6506,21.9208],[-103.6515,21.9006],[-103.6579,21.8922],[-103.6492,21.8739],[-103.6498,21.8694],[-103.6302,21.8759],[-103.6238,21.8722],[-103.6188,21.8547],[-103.6259,21.8372],[-103.6178,21.8307],[-103.6146,21.8234],[-103.61,21.8222],[-103.6055,21.816],[-103.5982,21.8168],[-103.592,21.8075],[-103.573,21.8038],[-103.5679,21.7971],[-103.5694,21.7892],[-103.5659,21.7848],[-103.5626,21.7857],[-103.5608,21.7803],[-103.5538,21.7798],[-103.5433,21.7711],[-103.5288,21.7732],[-103.5085,21.7397],[-103.5107,21.737],[-103.5101,21.7215],[-103.5078,21.7197],[-103.5098,21.713],[-103.5179,21.7115],[-103.5266,21.687],[-103.5267,21.6756],[-103.5408,21.6653],[-103.547,21.6507],[-103.5522,21.6458],[-103.5555,21.6341],[-103.5556,21.6254],[-103.5506,21.6134],[-103.5504,21.597],[-103.5452,21.5876],[-103.5524,21.5839],[-103.5547,21.5766],[-103.5589,21.5764],[-103.5742,21.5849],[-103.58,21.5842],[-103.582,21.5892],[-103.5905,21.5898],[-103.5948,21.5817],[-103.5933,21.5759],[-103.5967,21.5655],[-103.5929,21.5592],[-103.619,21.5569],[-103.6216,21.5581],[-103.6213,21.5646],[-103.6298,21.5734],[-103.6449,21.5765],[-103.66,21.5648],[-103.6583,21.5559],[-103.6638,21.5581],[-103.6736,21.5549],[-103.6782,21.5578],[-103.6864,21.5565],[-103.6921,21.5616],[-103.6926,21.5731],[-103.6987,21.5783],[-103.7037,21.5945],[-103.7091,21.5992],[-103.6848,21.6061],[-103.6843,21.6192],[-103.7015,21.6446],[-103.6967,21.6541],[-103.6942,21.6525],[-103.6896,21.6693],[-103.6859,21.6698],[-103.6826,21.6647],[-103.6746,21.6761],[-103.6765,21.6809],[-103.6646,21.6803],[-103.6645,21.6881],[-103.6581,21.6943],[-103.6596,21.6993],[-103.6556,21.7032],[-103.6511,21.7012],[-103.6517,21.7089],[-103.6475,21.7136],[-103.6467,21.7222],[-103.6531,21.7163],[-103.6577,21.7169],[-103.6661,21.7118],[-103.6743,21.7129],[-103.681,21.701],[-103.6888,21.7025],[-103.6973,21.6957],[-103.7028,21.6963],[-103.7056,21.6972],[-103.7062,21.7083],[-103.7272,21.7162],[-103.7268,21.7232],[-103.7322,21.7209],[-103.7473,21.7258],[-103.7653,21.7203],[-103.7925,21.7336],[-103.8032,21.7289],[-103.8141,21.738],[-103.833,21.7386],[-103.8398,21.7339],[-103.8472,21.7386],[-103.8498,21.7452],[-103.8611,21.7457],[-103.8757,21.7574],[-103.8754,21.7707],[-103.8815,21.7627],[-103.8899,21.7601],[-103.895,21.7495],[-103.8804,21.8243],[-103.8611,21.8274],[-103.8486,21.8209],[-103.8462,21.8143],[-103.8354,21.8134],[-103.812,21.7985],[-103.792,21.7971],[-103.7908,21.8006],[-103.7828,21.8027],[-103.7659,21.8022],[-103.7554,21.8093],[-103.7532,21.8021],[-103.7405,21.8026],[-103.7315,21.823],[-103.7219,21.8204],[-103.7139,21.8285],[-103.7104,21.8259],[-103.6876,21.8487],[-103.6742,21.8447],[-103.6645,21.8498],[-103.6651,21.8616],[-103.6752,21.8644],[-103.6953,21.8577],[-103.7041,21.8581],[-103.7098,21.8526],[-103.7119,21.8548],[-103.7058,21.8581],[-103.705,21.8733],[-103.7016,21.8769],[-103.7047,21.9036],[-103.7002,21.9141],[-103.6907,21.917],[-103.6832,21.9272]]]}},{"type":"Feature","properties":{"cve_mun":"14049","nombre_municipio":"Jilotlán de los Dolores","cve_ent":"14","nombre_entidad":"Jalisco"},"geometry":{"type":"Polygon","coordinates":[[[-103.0665,19.5122],[-103.0456,19.4966],[-103.0376,19.4999],[-103.0347,19.4958],[-103.0257,19.493],[-103.0129,19.4845],[-103.0144,19.4805],[-103.0064,19.4765],[-103.0,19.477],[-102.9904,19.4713],[-102.9831,19.4734],[-102.9747,19.4643],[-102.9649,19.4672],[-102.9446,19.4541],[-102.9358,19.4528],[-102.9341,19.4561],[-102.9182,19.45],[-102.9106,19.4653],[-102.9023,19.4688],[-102.8947,19.4661],[-102.896,19.461],[-102.8918,19.4554],[-102.8807,19.4529],[-102.8677,19.4425],[-102.8702,19.4372],[-102.8732,19.4391],[-102.876,19.4351],[-102.8766,19.4285],[-102.8675,19.4202],[-102.869,19.4161],[-102.863,19.4012],[-102.8642,19.3965],[-102.8585,19.3865],[-102.8457,19.3995],[-102.8215,19.4117],[-102.8186,19.4248],[-102.8109,19.4314],[-102.8061,19.422],[-102.8008,19.4207],[-102.8019,19.4133],[-102.7876,19.4125],[-102.7877,19.4038],[-102.7803,19.4026],[-102.7792,19.396],[-102.7829,19.3937],[-102.7762,19.393],[-102.7699,19.3879],[-102.7669,19.3988],[-102.7538,19.4045],[-102.7544,19.4168],[-102.7489,19.418],[-102.7472,19.4246],[-102.7383,19.4289],[-102.7361,19.4415],[-102.7401,19.4458],[-102.7254,19.4502],[-102.7184,19.4483],[-102.7149,19.4514],[-102.7123,19.446],[-102.6947,19.4526],[-102.6873,19.4496],[-102.6808,19.4534],[-102.6744,19.4492],[-102.6668,19.45],[-102.664,19.4459],[-102.6516,19.4409],[-102.6522,19.438],[-102.6472,19.4371],[-102.618,19.466],[-102.5889,19.4651],[-102.5837,19.486],[-102.5759,19.4981],[-102.5491,19.4924],[-102.5427,19.4764],[-102.5483,19.4714],[-102.5548,19.4709],[-102.5569,19.4645],[-102.5633,19.4649],[-102.5686,19.4455],[-102.5667,19.4426],[-102.5587,19.447],[-102.5477,19.4395],[-102.558,19.4396],[-102.5592,19.4369],[-102.5525,19.4335],[-102.5466,19.4351],[-102.5437,19.4296],[-102.551,19.4254],[-102.5556,19.4315],[-102.5651,19.4352],[-102.5707,19.4267],[-102.5768,19.4239],[-102.5688,19.4126],[-102.5826,19.3897],[-102.588,19.3887],[-102.5947,19.3712],[-102.6011,19.3645],[-102.6055,19.3493],[-102.6051,19.3385],[-102.6112,19.3228],[-102.62,19.3152],[-102.6261,19.3149],[-102.6299,19.3071],[-102.6327,19.307],[-102.6312,19.3045],[-102.6382,19.2951],[-102.6431,19.2783],[-102.6389,19.273],[-102.6403,19.2666],[-102.6431,19.2662],[-102.6382,19.2627],[-102.6456,19.2595],[-102.6483,19.2499],[-102.6512,19.2492],[-102.6497,19.246],[-102.6569,19.2405],[-102.6518,19.2355],[-102.6568,19.2325],[-102.6562,19.2287],[-102.6613,19.2286],[-102.6621,19.2188],[-102.6683,19.221],[-102.6699,19.2124],[-102.6939,19.2263],[-102.7007,19.2245],[-102.6973,19.238],[-102.6944,19.2374],[-102.6966,19.2488],[-102.7053,19.2471],[-102.7071,19.2383],[-102.7127,19.2358],[-102.7279,19.2424],[-102.7377,19.2422],[-102.7406,19.2483],[-102.7538,19.2558],[-102.7769,19.2436],[-102.7902,19.2425],[-102.7938,19.2254],[-102.8084,19.2233],[-102.8177,19.2091],[-102.8244,19.2057],[-102.8314,19.2146],[-102.8456,19.199],[-102.8626,19.2032],[-102.8654,19.2113],[-102.8864,19.2044],[-102.9151,19.1794],[-102.9274,19.1773],[-102.9351,19.182],[-102.9362,19.1736],[-102.942,19.1771],[-102.9523,19.1766],[-102.9555,19.1696],[-102.9601,19.1741],[-102.9627,19.1658],[-102.9743,19.1537],[-102.9794,19.1524],[-102.9776,19.1201],[-103.0052,19.1377],[-103.0398,19.1285],[-103.0438,19.1358],[-103.047,19.1646],[-103.0513,19.1667],[-103.0524,19.1717],[-103.0467,19.1756],[-103.0468,19.1832],[-103.0571,19.183],[-103.0841,19.1932],[-103.0874,19.2003],[-103.0951,19.2036],[-103.105,19.2159],[-103.0925,19.2294],[-103.0919,19.2365],[-103.0806,19.2417],[-103.0771,19.2569],[-103.0826,19.2601],[-103.0845,19.2661],[-103.0994,19.2594],[-103.1196,19.2776],[-103.1307,19.2748],[-103.1301,19.2777],[-103.1383,19.2805],[-103.1476,19.2928],[-103.147,19.3013],[-103.1547,19.3038],[-103.1495,19.3073],[-103.1632,19.315],[-103.156,19.3289],[-103.1479,19.3339],[-103.148,19.3375],[-103.1346,19.3428],[-103.1278,19.351],[-103.1248,19.3508],[-103.1255,19.3547],[-103.1296,19.3563],[-103.1274,19.3603],[-103.1171,19.3658],[-103.1116,19.3619],[-103.1086,19.3664],[-103.1102,19.3696],[-103.1004,19.3703],[-103.0993,19.3787],[-103.0938,19.3808],[-103.0907,19.3925],[-103.084,19.3983],[-103.0829,19.402],[-103.0929,19.4069],[-103.0858,19.4135],[-103.0921,19.415],[-103.0906,19.4196],[-103.0964,19.4206],[-103.0982,19.4267],[-103.1065,19.4183],[-103.1134,19.4176],[-103.1125,19.4241],[-103.1195,19.4275],[-103.1169,19.4333],[-103.1183,19.4418],[-103.1142,19.4398],[-103.1124,19.4423],[-103.116,19.445],[-103.1094,19.4457],[-103.1025,19.438],[-103.0991,19.4405],[-103.0967,19.4513],[-103.0881,19.4465],[-103.0848,19.4499],[-103.0825,19.4477],[-103.0783,19.4499],[-103.0758,19.4464],[-103.0662,19.4452],[-103.065,19.4488],[-103.0766,19.4542],[-103.0778,19.46],[-103.0744,19.4626],[-103.0758,19.4654],[-103.0809,19.465],[-103.0787,19.4721],[-103.0835,19.4704],[-103.0917,19.4744],[-103.0797,19.4779],[-103.0743,19.4749],[-103.0683,19.4824],[-103.0613,19.4838],[-103.0656,19.4912],[-103.0792,19.4928],[-103.0834,19.4895],[-103.0913,19.4936],[-103.0896,19.5015],[-103.0866,19.5011],[-103.0883,19.5036],[-103.0833,19.5036],[-103.0854,19.5048],[-103.0829,19.51],[-103.0751,19.51],[-103.0714,19.5143],[-103.0665,19.5122]]]}},{"type":"Feature","properties":{"cve_mun":"14048","nombre_municipio":"Jesús María","cve_ent":"14","nombre_entidad":"Jalisco"},"geometry":{"type":"Polygon","coordinates":[[[-102.1157,20.785],[-102.1061,20.7782],[-102.1006,20.7629],[-102.0946,20.7595],[-102.0877,20.7788],[-102.0825,20.7772],[-102.0811,20.7715],[-102.0789,20.7741],[-102.0761,20.7722],[-102.0736,20.7768],[-102.0676,20.7722],[-102.0656,20.7668],[-102.0723,20.7594],[-102.0736,20.7488],[-102.061,20.7485],[-102.0645,20.7387],[-102.0614,20.7371],[-102.0435,20.7374],[-102.0421,20.7405],[-102.0345,20.7421],[-102.0342,20.7355],[-102.0404,20.7232],[-102.0377,20.7174],[-102.0281,20.7198],[-102.0144,20.7171],[-102.0125,20.7139],[-102.0191,20.6762],[-102.0141,20.6712],[-102.0138,20.6644],[-102.0047,20.6603],[-101.9971,20.6647],[-101.9904,20.6609],[-101.9819,20.6633],[-101.9814,20.6575],[-101.9737,20.6607],[-101.9738,20.6643],[-101.9679,20.6634],[-101.9702,20.658],[-101.9679,20.6446],[-101.9712,20.6376],[-101.9641,20.6389],[-101.9571,20.6326],[-101.9587,20.6088],[-101.9511,20.6074],[-101.958,20.5983],[-101.9593,20.5868],[-101.967,20.5793],[-101.9628,20.5702],[-101.9699,20.5688],[-101.9693,20.5591],[-101.9753,20.5487],[-101.9739,20.5418],[-101.9789,20.5428],[-101.984,20.535],[-101.9884,20.5396],[-101.9879,20.5453],[-101.9918,20.542],[-101.994,20.5443],[-101.9962,20.5405],[-101.9995,20.5459],[-102.0094,20.545],[-102.0209,20.5507],[-102.0291,20.5499],[-102.0379,20.5434],[-102.0431,20.5489],[-102.0507,20.5492],[-102.0554,20.5345],[-102.0628,20.537],[-102.0863,20.5283],[-102.0892,20.5296],[-102.0955,20.548],[-102.0884,20.5513],[-102.0843,20.5594],[-102.0873,20.5619],[-102.1023,20.5525],[-102.0991,20.5435],[-102.1026,20.5421],[-102.107,20.5296],[-102.1109,20.5301],[-102.1213,20.5228],[-102.124,20.5265],[-102.1359,20.5269],[-102.1606,20.5192],[-102.1699,20.5251],[-102.1885,20.5301],[-102.1934,20.5243],[-102.2135,20.5203],[-102.2233,20.5102],[-102.2324,20.5113],[-102.2288,20.521],[-102.238,20.5263],[-102.2365,20.5336],[-102.2486,20.5446],[-102.2488,20.5543],[-102.2427,20.5571],[-102.2462,20.5625],[-102.2546,20.5643],[-102.2522,20.5692],[-102.2576,20.5743],[-102.2676,20.5751],[-102.2557,20.5823],[-102.2525,20.5917],[-102.2722,20.5862],[-102.2747,20.5829],[-102.2798,20.5843],[-102.2817,20.59],[-102.2786,20.591],[-102.2777,20.597],[-102.2823,20.5968],[-102.2847,20.6021],[-102.2825,20.6033],[-102.286,20.607],[-102.2724,20.6261],[-102.2582,20.6356],[-102.2432,20.6383],[-102.2477,20.6571],[-102.2569,20.6561],[-102.263,20.6728],[-102.2541,20.6816],[-102.2396,20.6835],[-102.2293,20.7007],[-102.2202,20.7037],[-102.2234,20.7106],[-102.213,20.7073],[-102.2022,20.723],[-102.1934,20.7219],[-102.1892,20.7249],[-102.1906,20.7434],[-102.1826,20.7496],[-102.1652,20.7505],[-102.1608,20.7556],[-102.1657,20.7618],[-102.1625,20.7696],[-102.1572,20.7731],[-102.1439,20.7744],[-102.1305,20.7867],[-102.1157,20.785]]]}},{"type":"Feature","properties":{"cve_mun":"14047","nombre_municipio":"Jamay","cve_ent":"14","nombre_entidad":"Jalisco"},"geometry":{"type":"Polygon","coordinates":[[[-102.672,20.3751],[-102.6615,20.3727],[-102.6577,20.3687],[-102.6649,20.3526],[-102.6605,20.3437],[-102.6513,20.3364],[-102.6548,20.3293],[-102.6616,20.3265],[-102.6625,20.3153],[-102.6516,20.3125],[-102.6385,20.315],[-102.6301,20.3102],[-102.6344,20.3064],[-102.6454,20.3086],[-102.6637,20.3054],[-102.6651,20.294],[-102.6037,20.2927],[-102.6148,20.2633],[-102.6133,20.2551],[-102.621,20.2525],[-102.6169,20.2479],[-102.627,20.2296],[-102.6387,20.2241],[-102.6667,20.2313],[-102.6729,20.2266],[-102.6798,20.2261],[-102.6854,20.218],[-102.6846,20.2122],[-102.6955,20.2141],[-102.7044,20.2101],[-102.7295,20.2152],[-102.7481,20.2115],[-102.7468,20.2169],[-102.7498,20.2212],[-102.7432,20.2249],[-102.747,20.2299],[-102.7317,20.3023],[-102.7339,20.3107],[-102.7429,20.312],[-102.745,20.3169],[-102.7489,20.3176],[-102.7275,20.3436],[-102.7198,20.3429],[-102.7095,20.3491],[-102.6752,20.3576],[-102.677,20.3622],[-102.6728,20.3732],[-102.6804,20.3748],[-102.672,20.3751]]]}},{"type":"Feature","properties":{"cve_mun":"14046","nombre_municipio":"Jalostotitlán","cve_ent":"14","nombre_entidad":"Jalisco"},"geometry":{"type":"Polygon","coordinates":[[[-102.4678,21.3365],[-102.448,21.3275],[-102.4297,21.3288],[-102.4345,21.315],[-102.4482,21.3008],[-102.4518,21.3043],[-102.4535,21.3026],[-102.4568,21.2961],[-102.4537,21.2873],[-102.4561,21.2813],[-102.455,21.2785],[-102.451,21.2804],[-102.44,21.2763],[-102.4405,21.2894],[-102.4323,21.2808],[-102.4233,21.2815],[-102.4216,21.2792],[-102.4202,21.2722],[-102.4278,21.2665],[-102.4311,21.2673],[-102.4234,21.2597],[-102.4173,21.2394],[-102.4274,21.2337],[-102.4396,21.2316],[-102.4271,21.2238],[-102.4147,21.2207],[-102.4217,21.2077],[-102.4093,21.2116],[-102.3959,21.2011],[-102.4129,21.1921],[-102.4181,21.1861],[-102.4059,21.1829],[-102.4116,21.1684],[-102.4083,21.1676],[-102.4083,21.1615],[-102.4018,21.1608],[-102.3975,21.1662],[-102.3875,21.1606],[-102.3799,21.1647],[-102.3736,21.1591],[-102.3622,21.1642],[-102.3512,21.164],[-102.3402,21.1595],[-102.3379,21.1551],[-102.3235,21.1502],[-102.3132,21.1362],[-102.3148,21.1054],[-102.3181,21.109],[-102.3298,21.1109],[-102.3323,21.1053],[-102.3399,21.101],[-102.3424,21.1014],[-102.3428,21.1067],[-102.3482,21.1083],[-102.3597,21.0965],[-102.3691,21.1097],[-102.3762,21.1135],[-102.3948,21.1087],[-102.4165,21.0977],[-102.42,21.1044],[-102.4259,21.1043],[-102.4291,21.0954],[-102.4224,21.0836],[-102.4419,21.0824],[-102.4551,21.0696],[-102.4688,21.0721],[-102.4847,21.0657],[-102.4931,21.0663],[-102.503,21.0853],[-102.5099,21.0875],[-102.5105,21.0814],[-102.5172,21.0834],[-102.5166,21.0862],[-102.521,21.0894],[-102.5322,21.0873],[-102.5383,21.0822],[-102.5389,21.0779],[-102.5495,21.076],[-102.5479,21.0986],[-102.55,21.1049],[-102.5468,21.1124],[-102.5569,21.1159],[-102.5614,21.1128],[-102.5723,21.1139],[-102.5852,21.1187],[-102.5922,21.1166],[-102.5888,21.1272],[-102.5733,21.1291],[-102.572,21.1386],[-102.5747,21.1408],[-102.578,21.1387],[-102.5749,21.1432],[-102.578,21.1439],[-102.5702,21.1469],[-102.573,21.1525],[-102.5792,21.155],[-102.5764,21.1586],[-102.5846,21.1604],[-102.596,21.1493],[-102.6082,21.1521],[-102.6093,21.162],[-102.6047,21.1721],[-102.6143,21.1761],[-102.6121,21.1803],[-102.6177,21.1821],[-102.6143,21.1882],[-102.618,21.189],[-102.6177,21.1948],[-102.622,21.1973],[-102.6187,21.2007],[-102.625,21.2031],[-102.6216,21.2057],[-102.6171,21.2039],[-102.6082,21.2098],[-102.6025,21.22],[-102.5986,21.2178],[-102.593,21.2233],[-102.5929,21.216],[-102.5894,21.2207],[-102.5828,21.2199],[-102.5794,21.223],[-102.5752,21.2355],[-102.5821,21.2428],[-102.5811,21.2469],[-102.573,21.2509],[-102.573,21.258],[-102.5927,21.2596],[-102.5961,21.2547],[-102.6106,21.2656],[-102.6196,21.2654],[-102.6186,21.2712],[-102.6265,21.2793],[-102.6135,21.29],[-102.6125,21.3001],[-102.6078,21.3049],[-102.5985,21.3034],[-102.5863,21.3084],[-102.5795,21.3043],[-102.5733,21.309],[-102.5745,21.3025],[-102.5694,21.3007],[-102.5646,21.3085],[-102.5586,21.3108],[-102.5543,21.3064],[-102.5576,21.3029],[-102.5565,21.2926],[-102.5413,21.3001],[-102.5313,21.2952],[-102.5299,21.3046],[-102.5207,21.3002],[-102.5045,21.3149],[-102.4998,21.3149],[-102.4678,21.3365]]]}},{"type":"Feature","properties":{"cve_mun":"14045","nombre_municipio":"Ixtlahuacán del Río","cve_ent":"14","nombre_entidad":"Jalisco"},"geometry":{"type":"Polygon","coordinates":[[[-103.2091,21.0941],[-103.2017,21.0859],[-103.1884,21.0852],[-103.1917,21.0793],[-103.187,21.0744],[-103.1884,21.0707],[-103.1801,21.0746],[-103.1788,21.0719],[-103.1702,21.0724],[-103.1661,21.0692],[-103.1624,21.0698],[-103.1629,21.0729],[-103.1524,21.0693],[-103.1501,21.0651],[-103.1432,21.0657],[-103.1413,21.0611],[-103.1301,21.0535],[-103.126,21.0548],[-103.1383,21.0479],[-103.1396,21.0389],[-103.149,21.0319],[-103.1457,21.0152],[-103.1541,20.9905],[-103.1491,20.9832],[-103.148,20.9878],[-103.1357,20.9984],[-103.119,20.995],[-103.1193,20.9775],[-103.1291,20.9784],[-103.1332,20.9759],[-103.1195,20.9611],[-103.1317,20.9581],[-103.1327,20.953],[-103.1334,20.96],[-103.1373,20.9609],[-103.1393,20.9532],[-103.1488,20.9549],[-103.1568,20.9497],[-103.1732,20.9476],[-103.1791,20.9412],[-103.1827,20.9422],[-103.1826,20.9342],[-103.1576,20.9291],[-103.1522,20.925],[-103.147,20.9094],[-103.1486,20.897],[-103.1545,20.8902],[-103.1512,20.8907],[-103.1498,20.8855],[-103.1408,20.8847],[-103.1384,20.8757],[-103.1201,20.8849],[-103.1157,20.8791],[-103.1024,20.8771],[-103.1002,20.8554],[-103.0923,20.8521],[-103.0937,20.8491],[-103.0868,20.8392],[-103.0866,20.834],[-103.0785,20.8348],[-103.0788,20.8283],[-103.0738,20.8284],[-103.0746,20.8147],[-103.0699,20.8018],[-103.0776,20.7947],[-103.0858,20.7795],[-103.083,20.7599],[-103.0994,20.7595],[-103.1065,20.7653],[-103.1201,20.7631],[-103.1335,20.7561],[-103.1451,20.7565],[-103.1775,20.7351],[-103.2107,20.7305],[-103.2285,20.7144],[-103.2838,20.7305],[-103.2869,20.7381],[-103.3046,20.7459],[-103.3138,20.7539],[-103.3071,20.7654],[-103.3068,20.7792],[-103.3231,20.7828],[-103.3248,20.7881],[-103.3217,20.7927],[-103.3282,20.8019],[-103.334,20.8026],[-103.3255,20.8179],[-103.3332,20.8324],[-103.3254,20.8456],[-103.3326,20.8582],[-103.3303,20.8648],[-103.342,20.8843],[-103.3517,20.8925],[-103.3518,20.9121],[-103.3558,20.9137],[-103.3606,20.9245],[-103.3681,20.9291],[-103.37,20.9355],[-103.3538,20.9466],[-103.3406,20.9468],[-103.3379,20.9546],[-103.343,20.9628],[-103.3594,20.9665],[-103.3551,20.9773],[-103.3567,20.9891],[-103.3428,20.9951],[-103.3421,20.9995],[-103.3375,20.9997],[-103.3343,21.0118],[-103.3391,21.0223],[-103.3485,21.0269],[-103.345,21.0319],[-103.3493,21.0398],[-103.3453,21.0461],[-103.3402,21.0422],[-103.335,21.0426],[-103.333,21.0524],[-103.3273,21.0557],[-103.3167,21.0541],[-103.307,21.0575],[-103.3019,21.0546],[-103.2966,21.0648],[-103.2791,21.0565],[-103.2757,21.0514],[-103.2572,21.0707],[-103.2617,21.0746],[-103.2582,21.0831],[-103.2552,21.0846],[-103.2524,21.081],[-103.2435,21.0841],[-103.2378,21.0786],[-103.2326,21.0791],[-103.2274,21.0849],[-103.22,21.0856],[-103.2091,21.0941]]]}},{"type":"Feature","properties":{"cve_mun":"14044","nombre_municipio":"Ixtlahuacán de los Membrillos","cve_ent":"14","nombre_entidad":"Jalisco"},"geometry":{"type":"Polygon","coordinates":[[[-103.21,20.4787],[-103.1996,20.4589],[-103.1721,20.4531],[-103.1632,20.4551],[-103.1441,20.4431],[-103.1432,20.4229],[-103.1215,20.4062],[-103.1235,20.3942],[-103.1343,20.3954],[-103.1366,20.3883],[-103.1273,20.3869],[-103.1256,20.3612],[-103.1463,20.3358],[-103.1571,20.3439],[-103.1581,20.3365],[-103.1689,20.3358],[-103.174,20.3323],[-103.1777,20.3367],[-103.1842,20.3349],[-103.1847,20.3273],[-103.1954,20.3258],[-103.2305,20.338],[-103.2438,20.3392],[-103.2489,20.3368],[-103.2717,20.3416],[-103.2823,20.3383],[-103.2863,20.3327],[-103.2898,20.3486],[-103.295,20.3559],[-103.2891,20.3621],[-103.29,20.3693],[-103.2943,20.3694],[-103.2943,20.3756],[-103.2969,20.3761],[-103.2972,20.3966],[-103.2908,20.3977],[-103.2831,20.4087],[-103.2622,20.42],[-103.2622,20.4258],[-103.258,20.4299],[-103.2619,20.4349],[-103.2611,20.4419],[-103.2562,20.4363],[-103.2551,20.429],[-103.2407,20.4318],[-103.249,20.4515],[-103.2186,20.4568],[-103.2263,20.4676],[-103.2202,20.4684],[-103.218,20.4754],[-103.21,20.4787]]]}},{"type":"Feature","properties":{"cve_mun":"14042","nombre_municipio":"Huejuquilla el Alto","cve_ent":"14","nombre_entidad":"Jalisco"},"geometry":{"type":"Polygon","coordinates":[[[-103.9399,22.7502],[-103.9314,22.7452],[-103.9089,22.75],[-103.9025,22.7384],[-103.9034,22.7309],[-103.8983,22.7283],[-103.8911,22.7352],[-103.8751,22.7372],[-103.8678,22.7324],[-103.8655,22.7354],[-103.858,22.7333],[-103.8546,22.7297],[-103.8385,22.7318],[-103.8362,22.728],[-103.8327,22.7336],[-103.8295,22.7309],[-103.8266,22.7349],[-103.8216,22.734],[-103.8192,22.7283],[-103.8056,22.7316],[-103.7814,22.7298],[-103.7717,22.7333],[-103.7691,22.7204],[-103.7548,22.7195],[-103.7513,22.695],[-103.7632,22.677],[-103.7636,22.6627],[-103.7587,22.6584],[-103.7685,22.6433],[-103.7652,22.6295],[-103.761,22.6256],[-103.7735,22.6115],[-103.8196,22.5956],[-103.8252,22.588],[-103.8524,22.5776],[-103.8579,22.5665],[-103.8607,22.5676],[-103.8518,22.5536],[-103.8542,22.5494],[-103.8669,22.5447],[-103.8647,22.5394],[-103.8715,22.5382],[-103.8752,22.5216],[-103.8642,22.5135],[-103.864,22.4914],[-103.8711,22.4725],[-103.8761,22.472],[-103.8821,22.4772],[-103.8854,22.4735],[-103.8848,22.469],[-103.8818,22.4688],[-103.8829,22.4546],[-103.8784,22.4514],[-103.8761,22.4412],[-103.8902,22.4418],[-103.8947,22.4382],[-103.8732,22.4248],[-103.8806,22.4182],[-103.8737,22.4191],[-103.873,22.416],[-103.866,22.4152],[-103.8693,22.4013],[-103.8862,22.4002],[-103.8835,22.39],[-103.8925,22.388],[-103.8912,22.3836],[-103.8987,22.3796],[-103.8957,22.3641],[-103.9049,22.3643],[-103.9118,22.3523],[-103.9213,22.3479],[-103.9206,22.335],[-103.9397,22.3244],[-103.9435,22.3269],[-103.9486,22.3236],[-103.952,22.3287],[-103.96,22.3291],[-103.9746,22.3061],[-103.9862,22.3103],[-103.9918,22.3204],[-104.0046,22.3308],[-104.0131,22.3523],[-104.0232,22.3645],[-104.0151,22.3648],[-104.0127,22.3785],[-104.0033,22.3899],[-104.0059,22.4087],[-103.9928,22.4105],[-103.9864,22.4148],[-103.985,22.4231],[-103.9765,22.4273],[-103.9756,22.4362],[-103.9606,22.4332],[-103.9587,22.4511],[-103.9493,22.4618],[-103.938,22.4628],[-103.9385,22.4697],[-103.9334,22.4712],[-103.9378,22.4752],[-103.9298,22.4746],[-103.9398,22.4889],[-103.9331,22.4891],[-103.9381,22.4954],[-103.9344,22.4999],[-103.9407,22.4994],[-103.9456,22.5041],[-103.9499,22.5029],[-103.95,22.5089],[-103.9564,22.5046],[-103.9634,22.508],[-103.9631,22.515],[-103.9662,22.5172],[-103.9743,22.5162],[-103.9752,22.5135],[-103.9779,22.5168],[-103.9806,22.5151],[-103.9803,22.519],[-103.9913,22.5233],[-103.9872,22.5288],[-103.9998,22.5308],[-104.0056,22.5366],[-103.9989,22.5436],[-103.9801,22.5406],[-103.9723,22.5451],[-103.9822,22.5495],[-103.9839,22.5541],[-103.9907,22.557],[-103.9939,22.5645],[-104.0008,22.5668],[-103.9902,22.573],[-103.99,22.5825],[-103.9833,22.5855],[-103.9862,22.5909],[-103.9964,22.5908],[-104.0181,22.597],[-104.027,22.6132],[-104.0259,22.6242],[-104.0333,22.6341],[-104.0277,22.6395],[-104.0248,22.653],[-104.0195,22.6526],[-104.0155,22.6689],[-104.0308,22.6791],[-104.0337,22.6707],[-104.0433,22.6719],[-104.0469,22.6771],[-104.0548,22.6784],[-104.0469,22.6818],[-104.049,22.6871],[-104.0692,22.6901],[-104.0736,22.697],[-104.0721,22.7014],[-104.069,22.7012],[-104.0592,22.6921],[-104.058,22.6967],[-104.0642,22.707],[-104.0511,22.7078],[-104.0477,22.7122],[-104.0559,22.724],[-104.037,22.7296],[-104.036,22.734],[-104.0257,22.7433],[-104.0119,22.7479],[-104.0078,22.7443],[-103.9919,22.748],[-103.9889,22.7465],[-103.9891,22.7418],[-103.9771,22.7472],[-103.9741,22.747],[-103.972,22.7416],[-103.9694,22.7467],[-103.9467,22.7457],[-103.9399,22.7502]]]}},{"type":"Feature","properties":{"cve_mun":"14041","nombre_municipio":"Huejúcar","cve_ent":"14","nombre_entidad":"Jalisco"},"geometry":{"type":"Polygon","coordinates":[[[-103.2837,22.4142],[-103.2749,22.4096],[-103.2602,22.4119],[-103.2522,22.3989],[-103.235,22.3971],[-103.2321,22.3934],[-103.2209,22.4096],[-103.2134,22.4101],[-103.2039,22.4041],[-103.2053,22.4005],[-103.1988,22.3806],[-103.1894,22.3902],[-103.1813,22.3904],[-103.1779,22.3867],[-103.1686,22.385],[-103.1705,22.3789],[-103.174,22.3778],[-103.1664,22.3706],[-103.1704,22.3618],[-103.1686,22.3546],[-103.1789,22.3426],[-103.1827,22.3429],[-103.1941,22.332],[-103.2082,22.3331],[-103.2095,22.3202],[-103.2127,22.3191],[-103.2096,22.3146],[-103.2204,22.2964],[-103.2184,22.2889],[-103.2224,22.2826],[-103.2144,22.2775],[-103.2019,22.2803],[-103.1906,22.2985],[-103.1651,22.2948],[-103.1647,22.2971],[-103.1547,22.2984],[-103.1401,22.2937],[-103.1005,22.2939],[-103.0981,22.2863],[-103.0911,22.2859],[-103.0872,22.2784],[-103.083,22.2771],[-103.0838,22.2634],[-103.0787,22.2582],[-103.085,22.2477],[-103.0839,22.2423],[-103.0935,22.2498],[-103.0965,22.248],[-103.0954,22.2402],[-103.1019,22.2416],[-103.0994,22.2365],[-103.109,22.2276],[-103.1099,22.2211],[-103.1069,22.2166],[-103.1254,22.2196],[-103.1398,22.2069],[-103.14,22.2094],[-103.15,22.2102],[-103.1595,22.2051],[-103.1616,22.2098],[-103.1578,22.2166],[-103.1645,22.221],[-103.1622,22.228],[-103.1749,22.2352],[-103.1827,22.2584],[-103.189,22.2609],[-103.1932,22.2575],[-103.1977,22.2672],[-103.2023,22.2619],[-103.2125,22.264],[-103.2168,22.2618],[-103.2178,22.2653],[-103.2237,22.263],[-103.2217,22.2695],[-103.2502,22.28],[-103.2607,22.2775],[-103.2692,22.2685],[-103.275,22.267],[-103.2821,22.2541],[-103.2907,22.2547],[-103.2991,22.2491],[-103.2947,22.2544],[-103.2968,22.2571],[-103.3139,22.2587],[-103.3053,22.2657],[-103.3078,22.2817],[-103.2978,22.2983],[-103.3069,22.3063],[-103.3277,22.3074],[-103.3384,22.2875],[-103.3557,22.2798],[-103.3501,22.3075],[-103.3638,22.3145],[-103.3596,22.3206],[-103.3494,22.3259],[-103.343,22.3351],[-103.3626,22.3364],[-103.3666,22.3501],[-103.3647,22.3695],[-103.3531,22.3694],[-103.3474,22.3755],[-103.3481,22.3795],[-103.3396,22.3855],[-103.3293,22.3845],[-103.3234,22.3891],[-103.3146,22.4049],[-103.3095,22.3983],[-103.3092,22.392],[-103.3053,22.3904],[-103.3005,22.393],[-103.2856,22.4056],[-103.2837,22.4142]]]}},{"type":"Feature","properties":{"cve_mun":"14040","nombre_municipio":"Hostotipaquillo","cve_ent":"14","nombre_entidad":"Jalisco"},"geometry":{"type":"Polygon","coordinates":[[[-104.085,21.2052],[-104.0809,21.2018],[-104.081,21.1897],[-104.0718,21.1888],[-104.0719,21.1666],[-104.0544,21.1616],[-104.049,21.1523],[-104.0317,21.1366],[-104.0122,21.1359],[-104.0029,21.1405],[-103.9971,21.1382],[-103.9853,21.1243],[-103.9672,21.1117],[-103.9575,21.0942],[-103.9403,21.0899],[-103.934,21.0792],[-103.9221,21.0799],[-103.9032,21.0721],[-103.8937,21.0759],[-103.888,21.0839],[-103.872,21.0806],[-103.8563,21.0726],[-103.8583,21.0634],[-103.8654,21.0604],[-103.8684,21.0514],[-103.8779,21.0523],[-103.8819,21.0494],[-103.8756,21.037],[-103.8634,21.0383],[-103.8622,21.0273],[-103.8655,21.0159],[-103.8742,21.0131],[-103.8811,21.0054],[-103.8835,20.9841],[-103.8969,20.9803],[-103.9102,20.9674],[-103.9249,20.9618],[-103.9283,20.9506],[-103.9371,20.9448],[-103.9401,20.937],[-103.9653,20.9386],[-103.9703,20.946],[-103.9665,20.9556],[-103.9809,20.9595],[-103.9845,20.9684],[-103.9908,20.9717],[-103.987,20.9771],[-104.0022,20.9901],[-104.0005,20.9917],[-104.0117,21.0079],[-104.021,21.0043],[-104.0229,21.0061],[-104.0204,21.0027],[-104.0235,20.9941],[-104.0273,20.9952],[-104.0318,20.9804],[-104.041,20.9815],[-104.0519,20.976],[-104.0618,20.9588],[-104.0793,20.9525],[-104.0966,20.9575],[-104.1,20.9542],[-104.0925,20.9494],[-104.0916,20.9442],[-104.1002,20.9412],[-104.1094,20.9472],[-104.1179,20.942],[-104.1336,20.9394],[-104.1378,20.946],[-104.1445,20.9492],[-104.1493,20.9476],[-104.1569,20.9366],[-104.1668,20.9374],[-104.1797,20.9406],[-104.1786,20.9457],[-104.1729,20.9473],[-104.1697,20.9532],[-104.176,20.9577],[-104.1783,20.9553],[-104.1848,20.9577],[-104.1862,20.9666],[-104.192,20.9497],[-104.1957,20.9574],[-104.201,20.9599],[-104.2186,20.9603],[-104.2331,20.9687],[-104.2385,20.9922],[-104.2339,20.9983],[-104.225,20.9961],[-104.2232,21.0013],[-104.2296,21.0163],[-104.2407,21.0217],[-104.2427,21.0273],[-104.236,21.0315],[-104.2358,21.0401],[-104.2266,21.0443],[-104.2252,21.0505],[-104.2311,21.0492],[-104.2384,21.0523],[-104.2392,21.0571],[-104.2348,21.0677],[-104.2291,21.0662],[-104.2218,21.07],[-104.2167,21.0858],[-104.2208,21.1014],[-104.2146,21.1077],[-104.2155,21.114],[-104.2121,21.1145],[-104.2148,21.1168],[-104.2109,21.1186],[-104.2106,21.1309],[-104.215,21.134],[-104.2151,21.1391],[-104.219,21.1376],[-104.2215,21.1407],[-104.2252,21.1512],[-104.222,21.1533],[-104.2249,21.1577],[-104.2217,21.159],[-104.2242,21.1605],[-104.2215,21.1658],[-104.2236,21.1692],[-104.2179,21.1727],[-104.2194,21.1766],[-104.2028,21.1928],[-104.1658,21.1889],[-104.1595,21.1846],[-104.1473,21.1916],[-104.1387,21.1887],[-104.1286,21.191],[-104.124,21.1963],[-104.1108,21.1886],[-104.1088,21.1956],[-104.1,21.2009],[-104.0942,21.1958],[-104.0888,21.1961],[-104.0885,21.2036],[-104.085,21.2052]]]}},{"type":"Feature","properties":{"cve_mun":"14039","nombre_municipio":"Guadalajara","cve_ent":"14","nombre_entidad":"Jalisco"},"geometry":{"type":"Polygon","coordinates":[[[-103.3123,20.7526],[-103.2869,20.7381],[-103.2803,20.7261],[-103.2806,20.72],[-103.2743,20.7109],[-103.2658,20.7056],[-103.2706,20.6902],[-103.2638,20.6685],[-103.2677,20.6641],[-103.2697,20.6451],[-103.2875,20.6409],[-103.3207,20.6463],[-103.3179,20.6425],[-103.3198,20.6328],[-103.3247,20.6263],[-103.3291,20.628],[-103.3328,20.6222],[-103.3301,20.6189],[-103.3359,20.613],[-103.3398,20.6147],[-103.3403,20.6093],[-103.3465,20.6084],[-103.3523,20.6153],[-103.3658,20.6154],[-103.3688,20.6106],[-103.3841,20.6113],[-103.3874,20.6037],[-103.3894,20.613],[-103.3962,20.6131],[-103.3899,20.6208],[-103.3991,20.6262],[-103.3951,20.6422],[-103.3999,20.6429],[-103.3993,20.6505],[-103.3936,20.6548],[-103.3989,20.6571],[-103.3973,20.6594],[-103.4026,20.6657],[-103.4,20.6744],[-103.4027,20.6749],[-103.4037,20.6816],[-103.4008,20.6817],[-103.3982,20.6907],[-103.4051,20.6926],[-103.3995,20.6991],[-103.4066,20.7114],[-103.3902,20.7098],[-103.3442,20.7159],[-103.3411,20.7231],[-103.33,20.7295],[-103.3256,20.7375],[-103.3263,20.7449],[-103.3123,20.7526]]]}},{"type":"Feature","properties":{"cve_mun":"14038","nombre_municipio":"Guachinango","cve_ent":"14","nombre_entidad":"Jalisco"},"geometry":{"type":"Polygon","coordinates":[[[-104.5907,20.9346],[-104.5693,20.9309],[-104.5569,20.9242],[-104.5557,20.9181],[-104.5429,20.9119],[-104.5437,20.898],[-104.5357,20.8959],[-104.5341,20.8835],[-104.524,20.8852],[-104.5195,20.8692],[-104.514,20.8665],[-104.5106,20.8597],[-104.5064,20.8608],[-104.5043,20.8468],[-104.5016,20.8454],[-104.5032,20.8418],[-104.4999,20.8382],[-104.4932,20.8388],[-104.4853,20.8333],[-104.4803,20.8233],[-104.4755,20.8227],[-104.4769,20.8196],[-104.46,20.8131],[-104.463,20.8108],[-104.4584,20.8065],[-104.4493,20.8035],[-104.441,20.8077],[-104.4357,20.8058],[-104.4273,20.791],[-104.4191,20.7962],[-104.4141,20.7938],[-104.4125,20.79],[-104.3966,20.7808],[-104.395,20.7744],[-104.3842,20.7665],[-104.386,20.7632],[-104.3789,20.7552],[-104.3775,20.7424],[-104.3621,20.7434],[-104.359,20.7371],[-104.3534,20.7359],[-104.3508,20.7253],[-104.3359,20.7215],[-104.3319,20.7167],[-104.3241,20.7175],[-104.3229,20.714],[-104.3185,20.7135],[-104.3164,20.707],[-104.309,20.7037],[-104.3056,20.6942],[-104.2907,20.691],[-104.2873,20.6875],[-104.2884,20.6754],[-104.2846,20.6706],[-104.288,20.6604],[-104.2834,20.6576],[-104.2848,20.6529],[-104.2807,20.647],[-104.2819,20.6288],[-104.275,20.6222],[-104.2747,20.6169],[-104.267,20.6142],[-104.2587,20.6043],[-104.2401,20.597],[-104.2432,20.5877],[-104.2543,20.5821],[-104.2594,20.5682],[-104.2681,20.559],[-104.2435,20.5391],[-104.2548,20.5353],[-104.2488,20.5356],[-104.2364,20.5292],[-104.2452,20.526],[-104.2451,20.5184],[-104.2515,20.5135],[-104.2433,20.5011],[-104.2452,20.4975],[-104.2401,20.4925],[-104.2509,20.4967],[-104.2498,20.4922],[-104.2545,20.4974],[-104.2582,20.4931],[-104.2801,20.4985],[-104.278,20.4949],[-104.2809,20.4905],[-104.2721,20.4774],[-104.2794,20.4587],[-104.3027,20.4689],[-104.3015,20.4722],[-104.3061,20.4734],[-104.3074,20.4808],[-104.3121,20.4758],[-104.3193,20.4779],[-104.3226,20.4869],[-104.3168,20.4893],[-104.3161,20.4936],[-104.3239,20.4993],[-104.342,20.5015],[-104.3373,20.5076],[-104.3417,20.5109],[-104.3485,20.5132],[-104.3577,20.5069],[-104.3743,20.5125],[-104.3792,20.5201],[-104.3909,20.5145],[-104.4025,20.516],[-104.4074,20.5129],[-104.4028,20.5252],[-104.4152,20.5193],[-104.4179,20.5136],[-104.4312,20.5137],[-104.4401,20.5216],[-104.4442,20.5317],[-104.4551,20.5318],[-104.444,20.55],[-104.4541,20.5507],[-104.4604,20.5547],[-104.4609,20.5657],[-104.4663,20.5707],[-104.4666,20.5784],[-104.4802,20.5825],[-104.4869,20.595],[-104.495,20.5988],[-104.496,20.6145],[-104.5022,20.6217],[-104.5025,20.6286],[-104.4951,20.6297],[-104.4876,20.6263],[-104.4851,20.629],[-104.4789,20.6482],[-104.4824,20.6492],[-104.4828,20.6544],[-104.4906,20.6534],[-104.4964,20.66],[-104.4987,20.6549],[-104.5035,20.6591],[-104.5094,20.6565],[-104.5099,20.6629],[-104.5198,20.6644],[-104.5165,20.6704],[-104.5188,20.6791],[-104.5134,20.6834],[-104.5241,20.6929],[-104.5216,20.7009],[-104.5279,20.701],[-104.5345,20.7086],[-104.5317,20.7115],[-104.5375,20.7175],[-104.5324,20.7236],[-104.5426,20.7347],[-104.5386,20.7429],[-104.5486,20.7531],[-104.5551,20.7524],[-104.5565,20.7625],[-104.5643,20.7612],[-104.5702,20.7646],[-104.5682,20.774],[-104.5752,20.7787],[-104.5723,20.7824],[-104.584,20.7945],[-104.5789,20.8082],[-104.5851,20.8124],[-104.5891,20.8097],[-104.5944,20.8178],[-104.5919,20.8253],[-104.5961,20.8355],[-104.588,20.8375],[-104.5878,20.8398],[-104.5927,20.8408],[-104.5867,20.8497],[-104.5925,20.8546],[-104.5922,20.8653],[-104.5969,20.8629],[-104.6009,20.8667],[-104.5928,20.8709],[-104.6021,20.8762],[-104.6049,20.8854],[-104.6139,20.8896],[-104.6125,20.895],[-104.6189,20.9238],[-104.6118,20.9232],[-104.601,20.9314],[-104.5915,20.9315],[-104.5907,20.9346]]]}},{"type":"Feature","properties":{"cve_mun":"14037","nombre_municipio":"El Grullo","cve_ent":"14","nombre_entidad":"Jalisco"},"geometry":{"type":"Polygon","coordinates":[[[-104.256,19.9011],[-104.2298,19.8869],[-104.2371,19.875],[-104.215,19.8632],[-104.2129,19.866],[-104.2118,19.8629],[-104.2077,19.8648],[-104.2067,19.8621],[-104.2015,19.8632],[-104.1751,19.8531],[-104.1728,19.845],[-104.1769,19.8395],[-104.1757,19.8328],[-104.1826,19.8271],[-104.1883,19.8159],[-104.1919,19.8149],[-104.1843,19.8085],[-104.1857,19.8061],[-104.1578,19.8133],[-104.1387,19.8082],[-104.1256,19.8129],[-104.1167,19.8113],[-104.1162,19.8063],[-104.1218,19.8034],[-104.1235,19.7954],[-104.128,19.7952],[-104.1321,19.7756],[-104.1271,19.7668],[-104.1202,19.7662],[-104.1211,19.7635],[-104.1145,19.7588],[-104.1144,19.7484],[-104.1236,19.7439],[-104.1137,19.7362],[-104.1169,19.7267],[-104.113,19.7191],[-104.1169,19.7148],[-104.1151,19.7039],[-104.1102,19.7011],[-104.1103,19.6941],[-104.1475,19.6903],[-104.1499,19.6956],[-104.1429,19.6986],[-104.1424,19.702],[-104.1457,19.7072],[-104.1541,19.7061],[-104.1532,19.7165],[-104.1562,19.716],[-104.1595,19.7215],[-104.1584,19.7277],[-104.1636,19.7366],[-104.1669,19.732],[-104.1721,19.7326],[-104.1752,19.7349],[-104.1747,19.7411],[-104.1811,19.7442],[-104.18,19.7393],[-104.185,19.7396],[-104.1874,19.7476],[-104.1913,19.7461],[-104.1965,19.7518],[-104.2009,19.7501],[-104.2063,19.7543],[-104.2103,19.7532],[-104.2157,19.7589],[-104.2174,19.7733],[-104.2275,19.7752],[-104.2253,19.7895],[-104.2316,19.7916],[-104.23,19.7947],[-104.2392,19.8021],[-104.2419,19.8236],[-104.249,19.823],[-104.2571,19.8275],[-104.2746,19.8234],[-104.2827,19.8306],[-104.2827,19.8489],[-104.2903,19.8579],[-104.2844,19.8775],[-104.2913,19.8815],[-104.2928,19.8897],[-104.2837,19.8952],[-104.2788,19.8929],[-104.2702,19.8946],[-104.2613,19.8865],[-104.2582,19.8887],[-104.256,19.9011]]]}},{"type":"Feature","properties":{"cve_mun":"14036","nombre_municipio":"Etzatlán","cve_ent":"14","nombre_entidad":"Jalisco"},"geometry":{"type":"Polygon","coordinates":[[[-104.1381,20.8861],[-104.1314,20.8822],[-104.0922,20.8859],[-104.0926,20.8834],[-104.0853,20.8809],[-104.0871,20.8694],[-104.0847,20.8684],[-104.0793,20.8779],[-104.0804,20.8829],[-104.0703,20.8831],[-104.0716,20.8683],[-104.0755,20.862],[-104.0741,20.8544],[-104.0601,20.846],[-104.0682,20.8432],[-104.0655,20.8285],[-104.0749,20.8178],[-104.0713,20.8117],[-104.0643,20.8107],[-104.0682,20.7852],[-104.0541,20.778],[-104.0479,20.7697],[-104.0594,20.7598],[-104.0511,20.7584],[-104.048,20.7549],[-104.0364,20.7587],[-104.0322,20.7636],[-104.0255,20.7631],[-104.0169,20.7553],[-104.0195,20.7479],[-104.0253,20.7464],[-104.0203,20.7467],[-104.0277,20.7357],[-104.0308,20.7355],[-104.0302,20.729],[-104.0563,20.6872],[-104.0583,20.6585],[-104.0638,20.6525],[-104.0796,20.6565],[-104.0757,20.6537],[-104.0978,20.6353],[-104.1068,20.6383],[-104.1177,20.6514],[-104.1251,20.6548],[-104.1268,20.6483],[-104.13,20.6477],[-104.1426,20.6483],[-104.149,20.6524],[-104.1572,20.6502],[-104.1754,20.6537],[-104.1889,20.663],[-104.1986,20.6584],[-104.201,20.6606],[-104.2095,20.6587],[-104.2136,20.6604],[-104.2121,20.6654],[-104.2183,20.6703],[-104.2155,20.6776],[-104.2242,20.6897],[-104.2337,20.6946],[-104.2398,20.6904],[-104.2473,20.6899],[-104.2428,20.6943],[-104.2475,20.6977],[-104.2474,20.7056],[-104.2414,20.71],[-104.2478,20.7265],[-104.2415,20.7238],[-104.2201,20.725],[-104.2142,20.7313],[-104.2067,20.7287],[-104.1946,20.7343],[-104.1944,20.7387],[-104.2012,20.744],[-104.1951,20.7514],[-104.2017,20.7572],[-104.2062,20.7726],[-104.2048,20.7762],[-104.2024,20.7731],[-104.1983,20.7843],[-104.1308,20.7707],[-104.1262,20.7758],[-104.125,20.7788],[-104.1301,20.779],[-104.1298,20.7818],[-104.1362,20.7846],[-104.1348,20.7932],[-104.1379,20.7996],[-104.1344,20.7993],[-104.1332,20.8027],[-104.1362,20.8061],[-104.1348,20.8089],[-104.1243,20.8149],[-104.1318,20.8114],[-104.1368,20.8187],[-104.134,20.8238],[-104.1285,20.8248],[-104.1321,20.8278],[-104.1281,20.8358],[-104.1329,20.8401],[-104.1273,20.8451],[-104.1394,20.8512],[-104.1437,20.8581],[-104.1457,20.856],[-104.1536,20.8589],[-104.1554,20.8678],[-104.1472,20.8794],[-104.1423,20.8796],[-104.1412,20.8861],[-104.1381,20.8861]]]}},{"type":"Feature","properties":{"cve_mun":"14019","nombre_municipio":"Bolaños","cve_ent":"14","nombre_entidad":"Jalisco"},"geometry":{"type":"Polygon","coordinates":[[[-103.8884,22.0264],[-103.8824,22.0038],[-103.869,22.0107],[-103.8526,22.01],[-103.8441,22.014],[-103.8393,22.0104],[-103.8354,21.988],[-103.8387,21.9786],[-103.8505,21.9743],[-103.8484,21.9692],[-103.8512,21.9628],[-103.8417,21.9533],[-103.8283,21.9517],[-103.8428,21.9366],[-103.8255,21.9371],[-103.8407,21.9293],[-103.8387,21.9261],[-103.8115,21.9364],[-103.7978,21.9351],[-103.7889,21.9583],[-103.7829,21.9629],[-103.7782,21.9623],[-103.774,21.9681],[-103.7665,21.97],[-103.7578,21.9776],[-103.733,21.9731],[-103.7248,21.9746],[-103.7184,21.968],[-103.7081,21.9689],[-103.7013,21.9622],[-103.7039,21.949],[-103.6891,21.9468],[-103.6795,21.9397],[-103.6839,21.9257],[-103.6907,21.917],[-103.7002,21.9141],[-103.7047,21.9036],[-103.7016,21.8769],[-103.705,21.8733],[-103.7058,21.8581],[-103.7119,21.8548],[-103.7098,21.8526],[-103.7041,21.8581],[-103.6953,21.8577],[-103.6752,21.8644],[-103.6651,21.8616],[-103.6645,21.8498],[-103.6742,21.8447],[-103.6876,21.8487],[-103.7104,21.8259],[-103.7139,21.8285],[-103.7219,21.8204],[-103.7315,21.823],[-103.7405,21.8026],[-103.7532,21.8021],[-103.7554,21.8093],[-103.7659,21.8022],[-103.7828,21.8027],[-103.7908,21.8006],[-103.792,21.7971],[-103.812,21.7985],[-103.8354,21.8134],[-103.8462,21.8143],[-103.8486,21.8209],[-103.8611,21.8274],[-103.8804,21.8243],[-103.8891,21.7797],[-103.9114,21.7793],[-103.9226,21.771],[-103.9445,21.7768],[-103.9702,21.7708],[-103.9809,21.7743],[-103.9844,21.7726],[-103.9891,21.7799],[-104.0107,21.7819],[-104.0523,21.7948],[-104.0566,21.7923],[-104.0653,21.7942],[-104.0662,21.7898],[-104.0762,21.7897],[-104.0799,21.7824],[-104.084,21.7858],[-104.0933,21.7846],[-104.0933,21.7912],[-104.0984,21.7928],[-104.1095,21.7873],[-104.1304,21.7905],[-104.1465,21.8064],[-104.1541,21.8076],[-104.1562,21.8108],[-104.1617,21.8098],[-104.1766,21.8322],[-104.1872,21.8379],[-104.1907,21.8511],[-104.197,21.8508],[-104.1796,21.8601],[-104.1722,21.8713],[-104.1756,21.8719],[-104.1788,21.8676],[-104.1864,21.868],[-104.1909,21.8772],[-104.196,21.8795],[-104.2,21.8943],[-104.1875,21.8885],[-104.1783,21.8965],[-104.1785,21.8926],[-104.1774,21.8951],[-104.1651,21.8949],[-104.1563,21.9059],[-104.154,21.9199],[-104.1488,21.9244],[-104.1418,21.9203],[-104.1348,21.9056],[-104.1155,21.9103],[-104.1233,21.9024],[-104.1208,21.8951],[-104.1158,21.8952],[-104.113,21.8998],[-104.0983,21.8958],[-104.0984,21.8982],[-104.0883,21.8899],[-104.0835,21.8939],[-104.0836,21.9022],[-104.0783,21.9124],[-104.0696,21.9171],[-104.0637,21.927],[-104.0608,21.9429],[-104.0483,21.9528],[-104.0305,21.9394],[-104.0249,21.9399],[-104.0148,21.9292],[-104.0003,21.9339],[-103.9946,21.9451],[-103.9777,21.9508],[-103.9699,21.9432],[-103.9582,21.9447],[-103.9633,21.9348],[-103.9523,21.9356],[-103.9406,21.9291],[-103.9384,21.9421],[-103.9426,21.9458],[-103.9339,21.951],[-103.9201,21.9348],[-103.9217,21.9422],[-103.9178,21.9489],[-103.9223,21.951],[-103.9177,21.9621],[-103.9247,21.9725],[-103.9102,21.9818],[-103.9059,21.9887],[-103.9097,21.9915],[-103.9115,22.003],[-103.9192,22.0146],[-103.9137,22.0187],[-103.8931,22.0204],[-103.8884,22.0264]]]}},{"type":"Feature","properties":{"cve_mun":"14001","nombre_municipio":"Acatic","cve_ent":"14","nombre_entidad":"Jalisco"},"geometry":{"type":"Polygon","coordinates":[[[-102.861,20.8738],[-102.8518,20.8697],[-102.8425,20.8579],[-102.8425,20.8521],[-102.8257,20.8465],[-102.8299,20.8339],[-102.8275,20.8302],[-102.823,20.8276],[-102.822,20.8304],[-102.8147,20.8298],[-102.8124,20.8335],[-102.8093,20.831],[-102.8147,20.8192],[-102.8131,20.8139],[-102.8097,20.8137],[-102.8119,20.8105],[-102.8064,20.8035],[-102.8047,20.7932],[-102.816,20.7894],[-102.8045,20.78],[-102.814,20.7782],[-102.8122,20.7704],[-102.8164,20.7657],[-102.8118,20.7567],[-102.8128,20.75],[-102.8189,20.7501],[-102.8224,20.7366],[-102.8204,20.7286],[-102.8256,20.7241],[-102.822,20.7203],[-102.8142,20.7195],[-102.8166,20.7061],[-102.8236,20.7037],[-102.8331,20.7064],[-102.8342,20.7028],[-102.8399,20.7012],[-102.8557,20.7031],[-102.8671,20.6988],[-102.8796,20.7],[-102.8855,20.6935],[-102.9088,20.6927],[-102.8972,20.6805],[-102.8965,20.675],[-102.9024,20.6721],[-102.9071,20.6632],[-102.9252,20.6788],[-102.9474,20.687],[-102.9472,20.6984],[-102.9517,20.7008],[-102.9585,20.6959],[-102.9588,20.7068],[-102.9724,20.7015],[-102.9908,20.6882],[-102.9932,20.6956],[-102.9891,20.7031],[-102.9931,20.7041],[-102.9922,20.7131],[-102.9993,20.7153],[-103.0054,20.7231],[-103.0029,20.7344],[-103.018,20.7424],[-103.0222,20.7357],[-103.0247,20.7367],[-103.0285,20.7434],[-103.0234,20.7488],[-103.0351,20.7557],[-103.0421,20.7558],[-103.0269,20.765],[-103.0247,20.7925],[-103.0116,20.8005],[-102.9985,20.7984],[-102.9829,20.8042],[-102.9808,20.8158],[-102.972,20.8214],[-102.9668,20.8293],[-102.9599,20.8288],[-102.9524,20.8377],[-102.9376,20.8412],[-102.9291,20.8395],[-102.9203,20.8533],[-102.9132,20.8507],[-102.8972,20.8519],[-102.8732,20.8694],[-102.872,20.8738],[-102.8661,20.8715],[-102.861,20.8738]]]}},{"type":"Feature","properties":{"cve_mun":"14004","nombre_municipio":"Amacueca","cve_ent":"14","nombre_entidad":"Jalisco"},"geometry":{"type":"Polygon","coordinates":[[[-103.6173,20.068],[-103.6082,20.066],[-103.5912,20.0445],[-103.5838,20.0433],[-103.5809,20.0494],[-103.5602,20.0453],[-103.5493,20.0371],[-103.5439,20.0287],[-103.548,20.0225],[-103.5678,20.0153],[-103.5934,19.9742],[-103.6119,19.9577],[-103.6065,19.9288],[-103.6082,19.9313],[-103.6134,19.9297],[-103.6095,19.9086],[-103.6217,19.9212],[-103.6345,19.9252],[-103.6324,19.9276],[-103.6463,19.931],[-103.6476,19.9352],[-103.6615,19.936],[-103.6576,19.9404],[-103.6525,19.9405],[-103.656,19.9452],[-103.6528,19.9479],[-103.6572,19.9581],[-103.6843,19.953],[-103.68,19.9566],[-103.6733,19.9748],[-103.6745,20.0068],[-103.6717,20.0079],[-103.6691,20.0191],[-103.6648,20.0188],[-103.6602,20.0387],[-103.663,20.0446],[-103.6538,20.0557],[-103.6319,20.0508],[-103.6309,20.0624],[-103.6215,20.0638],[-103.6205,20.068],[-103.6173,20.068]]]}},{"type":"Feature","properties":{"cve_mun":"14006","nombre_municipio":"Ameca","cve_ent":"14","nombre_entidad":"Jalisco"},"geometry":{"type":"Polygon","coordinates":[[[-104.2335,20.6946],[-104.2242,20.6897],[-104.2165,20.6802],[-104.2183,20.6703],[-104.2121,20.6654],[-104.2136,20.6604],[-104.2095,20.6587],[-104.201,20.6606],[-104.1986,20.6584],[-104.1889,20.663],[-104.1754,20.6537],[-104.1572,20.6502],[-104.149,20.6524],[-104.1426,20.6483],[-104.13,20.6477],[-104.1268,20.6483],[-104.1251,20.6548],[-104.1177,20.6514],[-104.1068,20.6383],[-104.0978,20.6353],[-104.0757,20.6537],[-104.0796,20.6565],[-104.0638,20.6525],[-104.0572,20.6627],[-104.0139,20.6246],[-103.9874,20.6116],[-103.981,20.6112],[-103.9718,20.6198],[-103.9564,20.6251],[-103.9456,20.636],[-103.9403,20.6362],[-103.9371,20.6399],[-103.9278,20.638],[-103.9201,20.6445],[-103.9104,20.6386],[-103.9144,20.6406],[-103.9157,20.6372],[-103.9032,20.627],[-103.9054,20.6239],[-103.9002,20.6222],[-103.8988,20.6086],[-103.895,20.6091],[-103.8899,20.5985],[-103.8812,20.5975],[-103.8798,20.5863],[-103.884,20.5746],[-103.8585,20.5769],[-103.8568,20.5738],[-103.8647,20.5659],[-103.8937,20.5526],[-103.8774,20.5392],[-103.8798,20.5397],[-103.8863,20.5295],[-103.9003,20.5232],[-103.9133,20.5258],[-103.918,20.5184],[-103.9271,20.5169],[-103.9281,20.5129],[-103.9249,20.5107],[-103.9274,20.5077],[-103.9217,20.504],[-103.9248,20.4969],[-103.9209,20.4944],[-103.9234,20.4913],[-103.9271,20.4938],[-103.9314,20.4919],[-103.9404,20.4847],[-103.9446,20.4854],[-103.9426,20.4811],[-103.9465,20.474],[-103.9449,20.4621],[-103.9471,20.4633],[-103.9536,20.4574],[-103.9762,20.4823],[-103.9792,20.4697],[-103.9918,20.4697],[-103.9955,20.4602],[-103.9927,20.4596],[-103.9938,20.4526],[-103.9908,20.4522],[-104.0034,20.4182],[-103.9884,20.4012],[-103.9904,20.3967],[-104.0129,20.3897],[-104.0145,20.3866],[-104.0196,20.3895],[-104.0227,20.3861],[-104.0353,20.3926],[-104.0495,20.3948],[-104.056,20.3893],[-104.0619,20.3774],[-104.0817,20.3785],[-104.0833,20.3751],[-104.1018,20.4064],[-104.1148,20.4174],[-104.1313,20.4245],[-104.1354,20.4228],[-104.147,20.4268],[-104.1461,20.4319],[-104.15,20.434],[-104.1457,20.4398],[-104.1378,20.4422],[-104.1331,20.4526],[-104.1461,20.4464],[-104.1528,20.4555],[-104.1665,20.4582],[-104.1692,20.4686],[-104.1715,20.4668],[-104.1805,20.4695],[-104.1818,20.4607],[-104.1879,20.4522],[-104.1921,20.46],[-104.1981,20.4618],[-104.197,20.4644],[-104.2198,20.472],[-104.2244,20.4803],[-104.2452,20.4975],[-104.2433,20.5011],[-104.2514,20.5142],[-104.2451,20.5184],[-104.2452,20.526],[-104.2364,20.5292],[-104.2488,20.5356],[-104.2548,20.5353],[-104.2435,20.5391],[-104.2681,20.559],[-104.2594,20.5682],[-104.2543,20.5821],[-104.2435,20.5874],[-104.2402,20.5962],[-104.2568,20.6035],[-104.2536,20.6034],[-104.2515,20.6083],[-104.2554,20.6108],[-104.2519,20.6145],[-104.2547,20.6184],[-104.2538,20.6306],[-104.2469,20.6315],[-104.2604,20.6428],[-104.2553,20.6533],[-104.2367,20.6623],[-104.2469,20.6709],[-104.2458,20.6738],[-104.2532,20.6823],[-104.248,20.6897],[-104.2335,20.6946]]]}},{"type":"Feature","properties":{"cve_mun":"14007","nombre_municipio":"San Juanito de Escobedo","cve_ent":"14","nombre_entidad":"Jalisco"},"geometry":{"type":"Polygon","coordinates":[[[-104.0468,20.9117],[-104.0311,20.9082],[-104.0311,20.8922],[-104.0205,20.8922],[-104.0212,20.8442],[-103.9852,20.8458],[-103.9735,20.8314],[-103.9666,20.8301],[-103.9653,20.8213],[-103.9438,20.8308],[-103.9388,20.8374],[-103.94,20.84],[-103.9343,20.843],[-103.9238,20.839],[-103.9217,20.8318],[-103.9262,20.8249],[-103.915,20.8146],[-103.9095,20.8133],[-103.9213,20.7975],[-103.9274,20.7844],[-103.9273,20.7759],[-103.9415,20.7687],[-103.9407,20.7567],[-103.9518,20.7575],[-103.9561,20.7541],[-103.9616,20.748],[-103.961,20.7405],[-103.9646,20.7345],[-103.9732,20.7263],[-103.976,20.7277],[-103.9735,20.7261],[-103.9769,20.7192],[-103.9887,20.7161],[-103.9936,20.7187],[-103.9965,20.7159],[-104.0026,20.7253],[-104.0116,20.7285],[-104.0226,20.7272],[-104.0307,20.732],[-104.0308,20.7355],[-104.0277,20.7357],[-104.0203,20.7467],[-104.0253,20.7464],[-104.0195,20.7479],[-104.0169,20.7553],[-104.0255,20.7631],[-104.0322,20.7636],[-104.0364,20.7587],[-104.048,20.7549],[-104.0511,20.7584],[-104.0594,20.7598],[-104.0481,20.7708],[-104.0541,20.778],[-104.0682,20.7852],[-104.0643,20.8107],[-104.0713,20.8117],[-104.0749,20.8178],[-104.0655,20.8285],[-104.0682,20.8432],[-104.0601,20.846],[-104.0741,20.8544],[-104.0755,20.862],[-104.0716,20.8683],[-104.0703,20.8831],[-104.0804,20.8829],[-104.0793,20.8779],[-104.0847,20.8684],[-104.0871,20.8694],[-104.0853,20.8809],[-104.0926,20.8839],[-104.0916,20.888],[-104.0796,20.8928],[-104.0768,20.899],[-104.0798,20.9031],[-104.0661,20.9057],[-104.0588,20.9116],[-104.0468,20.9117]]]}},{"type":"Feature","properties":{"cve_mun":"14008","nombre_municipio":"Arandas","cve_ent":"14","nombre_entidad":"Jalisco"},"geometry":{"type":"Polygon","coordinates":[[[-102.1641,20.9109],[-102.1487,20.8999],[-102.1536,20.8925],[-102.1534,20.8849],[-102.1594,20.8771],[-102.153,20.8751],[-102.1529,20.872],[-102.1197,20.8766],[-102.1027,20.8693],[-102.0898,20.8701],[-102.0821,20.8805],[-102.0743,20.878],[-102.06,20.8841],[-102.0515,20.8716],[-102.0559,20.8622],[-102.0642,20.8553],[-102.0549,20.8463],[-102.0644,20.8382],[-102.0737,20.8379],[-102.0799,20.8291],[-102.0769,20.8118],[-102.0813,20.8058],[-102.0805,20.8012],[-102.0871,20.8015],[-102.0897,20.7911],[-102.0958,20.7829],[-102.0959,20.7801],[-102.0877,20.7788],[-102.0946,20.7595],[-102.1006,20.7629],[-102.1061,20.7782],[-102.1199,20.7868],[-102.1305,20.7867],[-102.1439,20.7744],[-102.1572,20.7731],[-102.1625,20.7696],[-102.1657,20.7618],[-102.1608,20.7556],[-102.1652,20.7505],[-102.1826,20.7496],[-102.1906,20.7434],[-102.1892,20.7249],[-102.1934,20.7219],[-102.2022,20.723],[-102.213,20.7073],[-102.2234,20.7106],[-102.2202,20.7037],[-102.2293,20.7007],[-102.2396,20.6835],[-102.2541,20.6816],[-102.263,20.6728],[-102.2569,20.6561],[-102.2477,20.6571],[-102.2432,20.6383],[-102.2582,20.6356],[-102.2729,20.6256],[-102.2859,20.6073],[-102.2825,20.6033],[-102.2874,20.5974],[-102.3046,20.597],[-102.3114,20.6032],[-102.3356,20.5949],[-102.3415,20.596],[-102.3521,20.6089],[-102.3584,20.6099],[-102.3615,20.604],[-102.3673,20.6093],[-102.3831,20.5982],[-102.4078,20.5993],[-102.4165,20.5941],[-102.419,20.5883],[-102.4359,20.588],[-102.4434,20.5939],[-102.4413,20.608],[-102.4332,20.6097],[-102.4305,20.6072],[-102.4248,20.611],[-102.4245,20.6176],[-102.4195,20.6229],[-102.4251,20.6279],[-102.4294,20.6407],[-102.4441,20.6445],[-102.4422,20.6487],[-102.4457,20.6531],[-102.4622,20.6617],[-102.4691,20.6584],[-102.4878,20.6615],[-102.4941,20.6673],[-102.5085,20.6536],[-102.5095,20.6481],[-102.5131,20.6475],[-102.5195,20.6537],[-102.5245,20.6537],[-102.5276,20.6594],[-102.5326,20.6592],[-102.5374,20.6658],[-102.5481,20.6689],[-102.5497,20.6758],[-102.5449,20.6865],[-102.5501,20.6859],[-102.5486,20.6958],[-102.5435,20.7033],[-102.5352,20.6946],[-102.5353,20.6874],[-102.5178,20.6773],[-102.5145,20.6723],[-102.491,20.6685],[-102.4695,20.6731],[-102.4332,20.7886],[-102.4357,20.8282],[-102.4516,20.8265],[-102.4655,20.8181],[-102.4634,20.8264],[-102.475,20.8343],[-102.4763,20.8494],[-102.4742,20.8459],[-102.4642,20.8496],[-102.4643,20.8576],[-102.4595,20.8646],[-102.4364,20.8665],[-102.4222,20.8883],[-102.4044,20.8806],[-102.4027,20.8851],[-102.3967,20.8857],[-102.3818,20.8821],[-102.3734,20.8918],[-102.3551,20.8886],[-102.3517,20.883],[-102.3447,20.8831],[-102.3437,20.8893],[-102.3232,20.8822],[-102.3195,20.8862],[-102.3078,20.8838],[-102.2956,20.89],[-102.2907,20.897],[-102.283,20.8968],[-102.2777,20.8915],[-102.278,20.8954],[-102.271,20.8946],[-102.2744,20.8843],[-102.2554,20.8866],[-102.2441,20.8829],[-102.2368,20.885],[-102.2341,20.8998],[-102.2254,20.8995],[-102.2234,20.9109],[-102.2155,20.9099],[-102.2112,20.905],[-102.2033,20.9078],[-102.1953,20.9024],[-102.1811,20.9087],[-102.1641,20.9109]]]}},{"type":"Feature","properties":{"cve_mun":"14009","nombre_municipio":"El Arenal","cve_ent":"14","nombre_entidad":"Jalisco"},"geometry":{"type":"Polygon","coordinates":[[[-103.6922,20.8245],[-103.683,20.8185],[-103.6774,20.8206],[-103.6777,20.8102],[-103.6729,20.8137],[-103.666,20.8101],[-103.6577,20.8201],[-103.6469,20.8189],[-103.6453,20.8062],[-103.64,20.8028],[-103.661,20.7938],[-103.6591,20.7841],[-103.6622,20.7778],[-103.6602,20.7737],[-103.6649,20.7685],[-103.6636,20.76],[-103.6557,20.7678],[-103.6509,20.767],[-103.6485,20.7651],[-103.6518,20.755],[-103.6393,20.7508],[-103.639,20.7535],[-103.6311,20.7542],[-103.6212,20.77],[-103.6105,20.7667],[-103.6096,20.7524],[-103.604,20.7468],[-103.6046,20.7413],[-103.6111,20.7347],[-103.6109,20.7296],[-103.618,20.7281],[-103.623,20.7219],[-103.623,20.7177],[-103.6182,20.7152],[-103.6207,20.7125],[-103.6171,20.7097],[-103.6199,20.7053],[-103.6172,20.6952],[-103.6217,20.6922],[-103.6293,20.6939],[-103.6363,20.7001],[-103.6348,20.7182],[-103.6874,20.7034],[-103.6844,20.7182],[-103.6863,20.7212],[-103.7126,20.7196],[-103.7197,20.7239],[-103.7326,20.7239],[-103.7357,20.7265],[-103.7354,20.7321],[-103.7436,20.7374],[-103.7614,20.737],[-103.7551,20.7435],[-103.758,20.7454],[-103.7548,20.7518],[-103.7592,20.7557],[-103.7529,20.7678],[-103.7442,20.7633],[-103.7314,20.7689],[-103.7285,20.7739],[-103.7251,20.7715],[-103.7137,20.7768],[-103.7111,20.7809],[-103.716,20.7838],[-103.7076,20.7931],[-103.7046,20.7923],[-103.7009,20.8154],[-103.6922,20.8245]]]}},{"type":"Feature","properties":{"cve_mun":"14035","nombre_municipio":"Encarnación de Díaz","cve_ent":"14","nombre_entidad":"Jalisco"},"geometry":{"type":"Polygon","coordinates":[[[-102.0769,21.7534],[-102.0661,21.753],[-102.0621,21.7491],[-102.0212,21.7524],[-102.019,21.748],[-102.0248,21.7384],[-102.0251,21.7278],[-102.0222,21.7304],[-102.0094,21.7266],[-102.0078,21.7165],[-101.9995,21.7138],[-101.9874,21.727],[-101.9867,21.7218],[-101.9827,21.7231],[-101.9844,21.7191],[-101.9803,21.7113],[-101.9824,21.7044],[-101.9771,21.7084],[-101.9722,21.7034],[-101.9739,21.6873],[-101.9796,21.6729],[-101.9785,21.6614],[-101.9904,21.6669],[-101.9926,21.6709],[-101.9965,21.6615],[-101.9715,21.6334],[-101.987,21.6224],[-101.9925,21.608],[-101.978,21.5945],[-101.984,21.5827],[-101.999,21.5728],[-101.9984,21.5611],[-102.0036,21.5568],[-102.0021,21.5511],[-102.0121,21.5278],[-102.017,21.5265],[-102.0249,21.5311],[-102.0268,21.5281],[-102.027,21.5147],[-102.023,21.5082],[-102.0314,21.5063],[-102.0499,21.5113],[-102.0497,21.5009],[-102.0544,21.4959],[-102.064,21.4946],[-102.0479,21.4846],[-102.0466,21.4745],[-102.0524,21.4686],[-102.0522,21.4617],[-102.0641,21.464],[-102.0879,21.4573],[-102.0964,21.4515],[-102.1066,21.4531],[-102.1149,21.4504],[-102.1262,21.4415],[-102.1333,21.4432],[-102.1314,21.4409],[-102.1365,21.4399],[-102.1373,21.4349],[-102.1166,21.4266],[-102.1215,21.4213],[-102.121,21.4131],[-102.1313,21.4008],[-102.1369,21.3964],[-102.1424,21.3974],[-102.1489,21.3927],[-102.1453,21.39],[-102.1571,21.3853],[-102.1593,21.3815],[-102.1662,21.3833],[-102.1795,21.3966],[-102.1805,21.3925],[-102.2144,21.3827],[-102.2165,21.3838],[-102.2152,21.394],[-102.2111,21.4028],[-102.2274,21.3965],[-102.23,21.3817],[-102.2436,21.3819],[-102.2417,21.3863],[-102.2505,21.389],[-102.2588,21.3965],[-102.2785,21.3838],[-102.2889,21.3852],[-102.298,21.3821],[-102.3098,21.3862],[-102.3135,21.3845],[-102.3228,21.388],[-102.3316,21.4045],[-102.3293,21.4082],[-102.3408,21.4127],[-102.3713,21.3989],[-102.3801,21.3921],[-102.3816,21.3861],[-102.3907,21.3854],[-102.393,21.3888],[-102.4004,21.3895],[-102.4032,21.4051],[-102.4284,21.4153],[-102.4208,21.4171],[-102.424,21.4281],[-102.4371,21.435],[-102.4263,21.4444],[-102.4053,21.454],[-102.4085,21.4631],[-102.4034,21.4663],[-102.4083,21.478],[-102.3998,21.4975],[-102.3817,21.5088],[-102.379,21.5076],[-102.3732,21.5169],[-102.3682,21.5173],[-102.3649,21.5278],[-102.3694,21.5421],[-102.3675,21.567],[-102.3737,21.581],[-102.3816,21.5801],[-102.3822,21.5843],[-102.3854,21.5845],[-102.3869,21.5743],[-102.3895,21.574],[-102.3879,21.5696],[-102.3921,21.5707],[-102.3927,21.5645],[-102.4032,21.5607],[-102.403,21.5661],[-102.3989,21.5685],[-102.4002,21.5796],[-102.3978,21.581],[-102.4052,21.5919],[-102.4045,21.5969],[-102.4003,21.6148],[-102.3862,21.6239],[-102.3891,21.6426],[-102.3844,21.6519],[-102.3695,21.6506],[-102.3669,21.6428],[-102.3257,21.6223],[-102.3211,21.6301],[-102.3102,21.6266],[-102.2954,21.6531],[-102.3026,21.6546],[-102.304,21.6667],[-102.2794,21.6644],[-102.2752,21.654],[-102.2336,21.6532],[-102.2264,21.6578],[-102.218,21.6777],[-102.2185,21.6834],[-102.2142,21.6866],[-102.2143,21.6948],[-102.1779,21.6882],[-102.1714,21.707],[-102.1664,21.706],[-102.1666,21.7025],[-102.1549,21.7],[-102.1473,21.7058],[-102.1421,21.7054],[-102.1363,21.7205],[-102.1283,21.7267],[-102.1256,21.7257],[-102.1209,21.7364],[-102.1156,21.736],[-102.1159,21.7447],[-102.1093,21.7494],[-102.1047,21.7519],[-102.0837,21.7491],[-102.0769,21.7534]]]}},{"type":"Feature","properties":{"cve_mun":"14011","nombre_municipio":"Atengo","cve_ent":"14","nombre_entidad":"Jalisco"},"geometry":{"type":"Polygon","coordinates":[[[-104.2464,20.4363],[-104.2418,20.4245],[-104.2379,20.4267],[-104.2322,20.4165],[-104.231,20.4234],[-104.2116,20.4227],[-104.2068,20.4267],[-104.2066,20.4326],[-104.2023,20.4305],[-104.2051,20.4234],[-104.1925,20.4189],[-104.1928,20.4096],[-104.1881,20.398],[-104.1906,20.3883],[-104.1831,20.3804],[-104.1874,20.3651],[-104.1771,20.3665],[-104.1711,20.3638],[-104.159,20.3488],[-104.1581,20.3318],[-104.1632,20.333],[-104.1642,20.3279],[-104.16,20.3217],[-104.1673,20.3208],[-104.1639,20.3166],[-104.1587,20.3172],[-104.1596,20.3063],[-104.1632,20.3064],[-104.1612,20.3036],[-104.1642,20.2992],[-104.1632,20.2961],[-104.1564,20.2951],[-104.1788,20.2773],[-104.1854,20.2396],[-104.1935,20.2474],[-104.2372,20.2119],[-104.2833,20.2045],[-104.2822,20.209],[-104.2922,20.2158],[-104.2969,20.2268],[-104.3098,20.2267],[-104.3179,20.2325],[-104.3247,20.232],[-104.3318,20.2376],[-104.3452,20.2414],[-104.3554,20.2285],[-104.3641,20.2394],[-104.3647,20.2475],[-104.3716,20.2545],[-104.375,20.2663],[-104.3897,20.2691],[-104.385,20.2752],[-104.3944,20.2896],[-104.4018,20.2897],[-104.4024,20.2954],[-104.4048,20.291],[-104.4102,20.2929],[-104.4096,20.2967],[-104.4053,20.3017],[-104.3955,20.2986],[-104.3926,20.3026],[-104.385,20.3022],[-104.3979,20.3197],[-104.3894,20.3222],[-104.3883,20.3253],[-104.3989,20.3408],[-104.3929,20.3398],[-104.3901,20.3424],[-104.39,20.3572],[-104.3851,20.3636],[-104.3863,20.3706],[-104.3655,20.3758],[-104.3487,20.3718],[-104.3443,20.3745],[-104.3288,20.3738],[-104.3203,20.3812],[-104.3285,20.3865],[-104.3254,20.3888],[-104.3256,20.3966],[-104.3187,20.4045],[-104.3202,20.4124],[-104.3133,20.4137],[-104.3096,20.4202],[-104.3041,20.4216],[-104.2835,20.4184],[-104.272,20.4118],[-104.2639,20.4195],[-104.262,20.4305],[-104.2556,20.4289],[-104.2464,20.4363]]]}},{"type":"Feature","properties":{"cve_mun":"14016","nombre_municipio":"Ayotlán","cve_ent":"14","nombre_entidad":"Jalisco"},"geometry":{"type":"Polygon","coordinates":[[[-102.3546,20.6099],[-102.3415,20.596],[-102.3356,20.5949],[-102.3114,20.6032],[-102.3046,20.597],[-102.2882,20.5972],[-102.2845,20.6014],[-102.2822,20.5967],[-102.2777,20.597],[-102.2786,20.591],[-102.2817,20.5902],[-102.2804,20.5847],[-102.2747,20.5829],[-102.2722,20.5862],[-102.2525,20.5917],[-102.2557,20.5823],[-102.2676,20.5751],[-102.2576,20.5743],[-102.2522,20.5692],[-102.2546,20.5643],[-102.2462,20.5625],[-102.2427,20.5571],[-102.2488,20.5543],[-102.2486,20.5446],[-102.2365,20.5336],[-102.238,20.5263],[-102.2288,20.521],[-102.2324,20.5113],[-102.2233,20.5102],[-102.2234,20.4992],[-102.2336,20.4882],[-102.2438,20.4894],[-102.2533,20.4859],[-102.2516,20.4826],[-102.2651,20.4763],[-102.2715,20.468],[-102.2872,20.4661],[-102.2985,20.4574],[-102.3076,20.456],[-102.3065,20.4423],[-102.3122,20.4322],[-102.2918,20.3592],[-102.231,20.355],[-102.2194,20.3511],[-102.2218,20.3441],[-102.238,20.3418],[-102.2542,20.3353],[-102.2591,20.3394],[-102.261,20.3358],[-102.2672,20.3355],[-102.2828,20.3453],[-102.2899,20.3408],[-102.2936,20.3459],[-102.2921,20.353],[-102.3066,20.3582],[-102.3161,20.3446],[-102.3272,20.3495],[-102.3472,20.3347],[-102.3491,20.3401],[-102.3411,20.3526],[-102.347,20.3755],[-102.3848,20.3758],[-102.3916,20.4017],[-102.405,20.4059],[-102.4104,20.4121],[-102.4081,20.4159],[-102.4382,20.4314],[-102.439,20.4357],[-102.4508,20.4366],[-102.4557,20.4411],[-102.4554,20.4457],[-102.4444,20.4503],[-102.4417,20.4641],[-102.4512,20.4657],[-102.4538,20.4697],[-102.4629,20.4726],[-102.4642,20.4789],[-102.462,20.4786],[-102.4607,20.4864],[-102.444,20.487],[-102.4396,20.4959],[-102.4403,20.5025],[-102.4365,20.5063],[-102.432,20.5051],[-102.4282,20.515],[-102.4236,20.5167],[-102.4185,20.5249],[-102.413,20.5437],[-102.4238,20.5504],[-102.4246,20.577],[-102.4213,20.5882],[-102.4105,20.5986],[-102.3986,20.6004],[-102.3844,20.5978],[-102.3673,20.6093],[-102.3614,20.604],[-102.3584,20.6099],[-102.3546,20.6099]]]}},{"type":"Feature","properties":{"cve_mun":"14018","nombre_municipio":"La Barca","cve_ent":"14","nombre_entidad":"Jalisco"},"geometry":{"type":"Polygon","coordinates":[[[-102.5654,20.4551],[-102.545,20.4488],[-102.5415,20.4509],[-102.5126,20.4494],[-102.507,20.4538],[-102.4882,20.452],[-102.4847,20.4543],[-102.4808,20.4405],[-102.4743,20.4414],[-102.4571,20.4337],[-102.4532,20.4377],[-102.439,20.4357],[-102.4382,20.4314],[-102.4081,20.4159],[-102.4104,20.4121],[-102.405,20.4059],[-102.3916,20.4017],[-102.3848,20.3758],[-102.347,20.3755],[-102.3411,20.3526],[-102.3491,20.3401],[-102.3472,20.3347],[-102.3574,20.3374],[-102.3671,20.3278],[-102.3918,20.3339],[-102.3997,20.3277],[-102.41,20.3335],[-102.4212,20.3327],[-102.4312,20.3409],[-102.4474,20.3385],[-102.4545,20.3341],[-102.4549,20.329],[-102.4678,20.3306],[-102.481,20.3249],[-102.4906,20.3086],[-102.4962,20.3079],[-102.5059,20.3156],[-102.509,20.3014],[-102.5221,20.3004],[-102.5308,20.2951],[-102.5298,20.2904],[-102.5211,20.2858],[-102.5205,20.2773],[-102.5313,20.2703],[-102.5354,20.2725],[-102.5359,20.279],[-102.5441,20.2806],[-102.554,20.2607],[-102.5578,20.2628],[-102.5558,20.2714],[-102.5638,20.2782],[-102.5687,20.2745],[-102.5654,20.2702],[-102.5667,20.2656],[-102.5801,20.2644],[-102.5902,20.2585],[-102.5935,20.2625],[-102.5975,20.2617],[-102.5993,20.2673],[-102.6109,20.2687],[-102.6037,20.2927],[-102.6651,20.294],[-102.6637,20.3054],[-102.6454,20.3086],[-102.6344,20.3064],[-102.6301,20.3102],[-102.6385,20.315],[-102.6516,20.3125],[-102.6625,20.3153],[-102.6616,20.3265],[-102.6548,20.3293],[-102.6513,20.3364],[-102.6605,20.3437],[-102.6649,20.3526],[-102.6577,20.3687],[-102.6616,20.3727],[-102.6594,20.3763],[-102.6489,20.3776],[-102.6491,20.3821],[-102.6468,20.3814],[-102.6452,20.3873],[-102.6304,20.4039],[-102.625,20.4049],[-102.6233,20.4107],[-102.6095,20.4196],[-102.6012,20.4156],[-102.5865,20.4184],[-102.5654,20.4551]]]}},{"type":"Feature","properties":{"cve_mun":"14020","nombre_municipio":"Cabo Corrientes","cve_ent":"14","nombre_entidad":"Jalisco"},"geometry":{"type":"Polygon","coordinates":[[[-105.3282,20.513],[-105.3243,20.5117],[-105.3228,20.4879],[-105.3138,20.4818],[-105.3193,20.4778],[-105.2993,20.4791],[-105.2951,20.4822],[-105.2995,20.493],[-105.3048,20.4972],[-105.3019,20.5068],[-105.2743,20.5124],[-105.2683,20.4987],[-105.276,20.4893],[-105.2683,20.4905],[-105.2634,20.4864],[-105.2305,20.4836],[-105.2264,20.4731],[-105.2354,20.4578],[-105.2292,20.4398],[-105.2319,20.4413],[-105.235,20.438],[-105.235,20.4353],[-105.2312,20.4346],[-105.2358,20.4318],[-105.2264,20.43],[-105.2246,20.4252],[-105.2268,20.4233],[-105.2214,20.4218],[-105.225,20.421],[-105.2176,20.4106],[-105.2197,20.4014],[-105.2173,20.3966],[-105.2082,20.395],[-105.2045,20.3893],[-105.1948,20.3894],[-105.196,20.3854],[-105.1929,20.3806],[-105.1789,20.3842],[-105.1575,20.3792],[-105.1554,20.3714],[-105.1654,20.3679],[-105.1719,20.3711],[-105.1713,20.3646],[-105.1771,20.3583],[-105.1825,20.3315],[-105.1843,20.3056],[-105.1807,20.3048],[-105.1751,20.2936],[-105.1735,20.2797],[-105.1841,20.2653],[-105.1848,20.2598],[-105.1908,20.2587],[-105.1938,20.2531],[-105.2018,20.2496],[-105.1994,20.2389],[-105.1938,20.2353],[-105.1866,20.238],[-105.1806,20.2355],[-105.1817,20.2324],[-105.1708,20.2319],[-105.1496,20.222],[-105.1486,20.2061],[-105.1412,20.1922],[-105.1311,20.1898],[-105.1317,20.186],[-105.1352,20.1871],[-105.1383,20.1836],[-105.1427,20.1907],[-105.1478,20.1886],[-105.1527,20.191],[-105.1576,20.1819],[-105.1654,20.176],[-105.172,20.1771],[-105.183,20.1716],[-105.187,20.1643],[-105.195,20.1706],[-105.212,20.1686],[-105.2231,20.1709],[-105.2409,20.1659],[-105.2532,20.1532],[-105.2508,20.1622],[-105.2596,20.165],[-105.259,20.1798],[-105.2661,20.185],[-105.2656,20.1914],[-105.2773,20.186],[-105.2845,20.1863],[-105.2889,20.1785],[-105.2987,20.1783],[-105.3079,20.1832],[-105.315,20.1801],[-105.3204,20.1816],[-105.354,20.168],[-105.3686,20.1759],[-105.3659,20.1819],[-105.3731,20.1846],[-105.3704,20.1889],[-105.3763,20.1871],[-105.3739,20.1966],[-105.3787,20.2017],[-105.3773,20.2069],[-105.3937,20.2128],[-105.3945,20.2219],[-105.3996,20.2232],[-105.4185,20.2166],[-105.4388,20.2264],[-105.4468,20.2258],[-105.4464,20.2294],[-105.4514,20.2328],[-105.4625,20.2319],[-105.4627,20.2168],[-105.4715,20.2124],[-105.4694,20.2101],[-105.472,20.2103],[-105.4752,20.2034],[-105.4893,20.2015],[-105.4903,20.1967],[-105.4971,20.1969],[-105.497,20.1936],[-105.5138,20.188],[-105.5148,20.1839],[-105.5212,20.1857],[-105.5311,20.1817],[-105.5432,20.1814],[-105.5479,20.2072],[-105.5596,20.232],[-105.5723,20.239],[-105.5752,20.2348],[-105.581,20.2367],[-105.5791,20.24],[-105.5857,20.2489],[-105.5848,20.2556],[-105.5902,20.2631],[-105.6562,20.3177],[-105.6706,20.3381],[-105.6866,20.3672],[-105.695,20.4092],[-105.6801,20.412],[-105.6732,20.4069],[-105.6713,20.4259],[-105.6544,20.4281],[-105.6482,20.4451],[-105.643,20.4423],[-105.6356,20.4458],[-105.6155,20.4708],[-105.609,20.4713],[-105.6041,20.4758],[-105.5926,20.4737],[-105.5739,20.4838],[-105.5663,20.4826],[-105.5544,20.4882],[-105.5448,20.4863],[-105.5179,20.4935],[-105.4949,20.4894],[-105.4658,20.4965],[-105.4563,20.4949],[-105.4455,20.4884],[-105.4426,20.4918],[-105.4458,20.4985],[-105.4422,20.5012],[-105.4251,20.5001],[-105.4169,20.504],[-105.4118,20.5028],[-105.4009,20.5089],[-105.3697,20.5042],[-105.3529,20.5085],[-105.3441,20.5073],[-105.3282,20.513]]]}},{"type":"Feature","properties":{"cve_mun":"14021","nombre_municipio":"Casimiro Castillo","cve_ent":"14","nombre_entidad":"Jalisco"},"geometry":{"type":"Polygon","coordinates":[[[-104.4671,19.7765],[-104.4537,19.7583],[-104.4409,19.7586],[-104.4367,19.7559],[-104.4253,19.7594],[-104.4248,19.7438],[-104.4086,19.7326],[-104.3932,19.7354],[-104.388,19.7396],[-104.3788,19.7355],[-104.3853,19.7416],[-104.3728,19.7439],[-104.3741,19.7403],[-104.3707,19.7414],[-104.3733,19.733],[-104.3839,19.7294],[-104.3846,19.7181],[-104.3927,19.7152],[-104.3866,19.7107],[-104.3869,19.6981],[-104.3687,19.6898],[-104.3787,19.6755],[-104.3764,19.6728],[-104.3798,19.6668],[-104.3795,19.6613],[-104.3749,19.6586],[-104.3776,19.6548],[-104.373,19.634],[-104.3811,19.6269],[-104.3904,19.6263],[-104.3754,19.6184],[-104.351,19.6137],[-104.3478,19.6032],[-104.3595,19.5971],[-104.3556,19.5842],[-104.3587,19.5828],[-104.3593,19.5728],[-104.365,19.5621],[-104.3581,19.5604],[-104.3587,19.5563],[-104.3644,19.5522],[-104.3629,19.5489],[-104.3748,19.5344],[-104.3794,19.5321],[-104.3765,19.5279],[-104.3781,19.5228],[-104.3931,19.5172],[-104.397,19.52],[-104.4059,19.517],[-104.4254,19.5199],[-104.4314,19.5173],[-104.4394,19.5211],[-104.4523,19.5165],[-104.4565,19.5111],[-104.469,19.5087],[-104.4623,19.4946],[-104.4635,19.4905],[-104.4511,19.4788],[-104.451,19.4711],[-104.4457,19.4618],[-104.4571,19.4576],[-104.4564,19.4505],[-104.4641,19.4569],[-104.4651,19.4537],[-104.4701,19.4559],[-104.4712,19.4526],[-104.4751,19.4559],[-104.4927,19.4557],[-104.5023,19.4587],[-104.5021,19.454],[-104.5054,19.4536],[-104.507,19.4596],[-104.5288,19.4634],[-104.5513,19.501],[-104.5278,19.5253],[-104.5351,19.525],[-104.5441,19.543],[-104.5475,19.5405],[-104.5568,19.5436],[-104.5596,19.5377],[-104.5662,19.5458],[-104.5719,19.5477],[-104.5711,19.553],[-104.583,19.5566],[-104.5841,19.5688],[-104.5954,19.5646],[-104.5985,19.5586],[-104.6059,19.5554],[-104.6056,19.5734],[-104.6093,19.5781],[-104.6178,19.5795],[-104.6147,19.5841],[-104.6204,19.5953],[-104.6103,19.602],[-104.601,19.6036],[-104.6022,19.6104],[-104.5971,19.6145],[-104.5983,19.6325],[-104.5927,19.6445],[-104.5875,19.6463],[-104.5788,19.6376],[-104.57,19.6369],[-104.5557,19.6283],[-104.5495,19.6364],[-104.5416,19.6652],[-104.5312,19.6696],[-104.5252,19.6585],[-104.5202,19.6567],[-104.5199,19.6527],[-104.5166,19.6582],[-104.5117,19.6571],[-104.5231,19.6765],[-104.5208,19.6833],[-104.5135,19.6894],[-104.5007,19.6866],[-104.4966,19.6887],[-104.4807,19.6763],[-104.4801,19.6961],[-104.4738,19.7109],[-104.4785,19.7241],[-104.4742,19.7411],[-104.476,19.7427],[-104.4667,19.761],[-104.4742,19.7717],[-104.4671,19.7765]]]}},{"type":"Feature","properties":{"cve_mun":"14022","nombre_municipio":"Cihuatlán","cve_ent":"14","nombre_entidad":"Jalisco"},"geometry":{"type":"Polygon","coordinates":[[[-104.6716,19.3764],[-104.6572,19.3734],[-104.6517,19.3689],[-104.6501,19.3604],[-104.6441,19.3646],[-104.642,19.3609],[-104.6328,19.3603],[-104.6258,19.3533],[-104.6337,19.3564],[-104.6476,19.3495],[-104.6487,19.3371],[-104.6437,19.3283],[-104.6441,19.3162],[-104.6233,19.3012],[-104.6195,19.3081],[-104.6119,19.3114],[-104.6132,19.3146],[-104.6045,19.3209],[-104.6038,19.3154],[-104.5998,19.3244],[-104.5991,19.3216],[-104.5933,19.3213],[-104.5905,19.3267],[-104.5838,19.3225],[-104.5842,19.3252],[-104.5759,19.3314],[-104.5648,19.3333],[-104.5624,19.3397],[-104.5549,19.3391],[-104.5534,19.3354],[-104.5512,19.3396],[-104.543,19.3392],[-104.5431,19.3438],[-104.5394,19.3428],[-104.5365,19.3458],[-104.5395,19.3493],[-104.5359,19.349],[-104.533,19.3604],[-104.5088,19.36],[-104.493,19.3497],[-104.4843,19.3612],[-104.4641,19.3667],[-104.4676,19.3525],[-104.4567,19.3515],[-104.4543,19.355],[-104.4519,19.3345],[-104.4445,19.3234],[-104.4465,19.3162],[-104.4415,19.3152],[-104.4412,19.3094],[-104.4344,19.3068],[-104.4357,19.2883],[-104.4374,19.2817],[-104.441,19.281],[-104.4357,19.2702],[-104.4384,19.2629],[-104.4575,19.2594],[-104.4598,19.2544],[-104.4557,19.248],[-104.467,19.2451],[-104.463,19.233],[-104.4717,19.2288],[-104.4773,19.2387],[-104.4838,19.2305],[-104.489,19.2299],[-104.4884,19.2472],[-104.4945,19.2539],[-104.5014,19.2526],[-104.5084,19.2442],[-104.5233,19.2604],[-104.5338,19.258],[-104.5371,19.251],[-104.5545,19.2371],[-104.5603,19.2282],[-104.5599,19.2201],[-104.5691,19.2187],[-104.5672,19.2013],[-104.5748,19.193],[-104.5769,19.1802],[-104.584,19.178],[-104.5867,19.1854],[-104.59,19.1865],[-104.6003,19.1791],[-104.5961,19.1716],[-104.5961,19.1641],[-104.5858,19.1618],[-104.5898,19.1501],[-104.6128,19.1555],[-104.6115,19.161],[-104.6157,19.1617],[-104.619,19.1677],[-104.6153,19.1741],[-104.6188,19.1809],[-104.626,19.1782],[-104.6293,19.1729],[-104.6537,19.1826],[-104.6751,19.1855],[-104.68,19.1932],[-104.6836,19.19],[-104.6809,19.1838],[-104.6889,19.1842],[-104.6906,19.1741],[-104.6939,19.1736],[-104.6953,19.1772],[-104.698,19.1755],[-104.6984,19.1791],[-104.7028,19.1781],[-104.7035,19.1804],[-104.6973,19.1878],[-104.6914,19.1887],[-104.6913,19.1967],[-104.6856,19.1976],[-104.6844,19.2021],[-104.696,19.2182],[-104.7107,19.2227],[-104.7143,19.2203],[-104.7124,19.215],[-104.7235,19.2215],[-104.7267,19.2188],[-104.7338,19.2216],[-104.7359,19.2287],[-104.7296,19.2313],[-104.7329,19.2392],[-104.7392,19.24],[-104.746,19.235],[-104.7519,19.2373],[-104.7582,19.2285],[-104.7611,19.2316],[-104.7692,19.2305],[-104.7739,19.2411],[-104.7863,19.2442],[-104.7849,19.2506],[-104.7762,19.2487],[-104.7756,19.2573],[-104.7572,19.285],[-104.7666,19.2873],[-104.7664,19.2915],[-104.7793,19.2921],[-104.788,19.3088],[-104.7999,19.3152],[-104.799,19.3211],[-104.7928,19.3159],[-104.7911,19.3178],[-104.7764,19.3127],[-104.7643,19.3257],[-104.7681,19.3291],[-104.7654,19.3298],[-104.7733,19.3323],[-104.7722,19.3365],[-104.7628,19.3385],[-104.7577,19.3434],[-104.7457,19.3423],[-104.7437,19.3447],[-104.733,19.3436],[-104.7292,19.3399],[-104.7191,19.3402],[-104.7181,19.347],[-104.7126,19.3537],[-104.7057,19.3524],[-104.7027,19.3585],[-104.6842,19.361],[-104.6811,19.366],[-104.6776,19.3657],[-104.6802,19.373],[-104.6716,19.3764]]]}},{"type":"Feature","properties":{"cve_mun":"14023","nombre_municipio":"Zapotlán el Grande","cve_ent":"14","nombre_entidad":"Jalisco"},"geometry":{"type":"Polygon","coordinates":[[[-103.4465,19.7889],[-103.4413,19.7812],[-103.4333,19.7796],[-103.4279,19.7887],[-103.426,19.7848],[-103.4294,19.773],[-103.4272,19.7696],[-103.4121,19.7727],[-103.4156,19.7576],[-103.4144,19.7467],[-103.4054,19.7393],[-103.4062,19.7309],[-103.4008,19.7188],[-103.4092,19.7143],[-103.4094,19.6996],[-103.412,19.7016],[-103.4218,19.6988],[-103.436,19.6854],[-103.4425,19.6858],[-103.4507,19.6731],[-103.46,19.6656],[-103.4654,19.6662],[-103.4674,19.6582],[-103.4753,19.656],[-103.4649,19.6279],[-103.499,19.6099],[-103.5049,19.6137],[-103.5079,19.6057],[-103.5148,19.6141],[-103.5218,19.617],[-103.5319,19.6122],[-103.5287,19.6154],[-103.5332,19.6169],[-103.5285,19.62],[-103.5319,19.6188],[-103.5333,19.6238],[-103.5304,19.6251],[-103.533,19.6264],[-103.5277,19.6299],[-103.5361,19.642],[-103.5407,19.6443],[-103.5612,19.6396],[-103.5552,19.6523],[-103.5699,19.6527],[-103.5677,19.6553],[-103.572,19.6577],[-103.5705,19.6636],[-103.5734,19.6729],[-103.5674,19.687],[-103.5792,19.687],[-103.5786,19.6926],[-103.5834,19.696],[-103.5999,19.6938],[-103.5976,19.6954],[-103.5999,19.6985],[-103.596,19.6988],[-103.601,19.7009],[-103.5983,19.704],[-103.6064,19.7042],[-103.6051,19.7058],[-103.6114,19.7077],[-103.6095,19.712],[-103.6158,19.7122],[-103.6124,19.717],[-103.6206,19.729],[-103.6153,19.7403],[-103.6175,19.7466],[-103.6125,19.7582],[-103.6238,19.7696],[-103.6144,19.766],[-103.6088,19.7729],[-103.5997,19.774],[-103.5891,19.7722],[-103.5832,19.7653],[-103.5767,19.7743],[-103.5668,19.7718],[-103.5513,19.7768],[-103.528,19.7718],[-103.5247,19.7749],[-103.5163,19.7698],[-103.5029,19.7674],[-103.4979,19.7587],[-103.4972,19.7622],[-103.4895,19.7653],[-103.4835,19.7722],[-103.4725,19.7711],[-103.4752,19.7772],[-103.4605,19.7678],[-103.4618,19.771],[-103.4537,19.7769],[-103.4582,19.7838],[-103.4522,19.7878],[-103.4472,19.7845],[-103.4465,19.7889]]]}},{"type":"Feature","properties":{"cve_mun":"14024","nombre_municipio":"Cocula","cve_ent":"14","nombre_entidad":"Jalisco"},"geometry":{"type":"Polygon","coordinates":[[[-103.8248,20.5414],[-103.8238,20.5389],[-103.8286,20.5351],[-103.8234,20.5301],[-103.8209,20.5323],[-103.8139,20.5302],[-103.8063,20.5348],[-103.7891,20.5315],[-103.7737,20.5226],[-103.7702,20.5171],[-103.7727,20.5114],[-103.7769,20.5117],[-103.7802,20.5079],[-103.7781,20.5032],[-103.7836,20.5014],[-103.78,20.498],[-103.7898,20.4955],[-103.7804,20.4874],[-103.7833,20.4743],[-103.7865,20.4731],[-103.7831,20.4724],[-103.7846,20.4699],[-103.7755,20.4447],[-103.7727,20.4502],[-103.7634,20.4461],[-103.7549,20.4482],[-103.7522,20.4452],[-103.7537,20.4306],[-103.7492,20.4228],[-103.7565,20.415],[-103.7588,20.4046],[-103.7551,20.4018],[-103.7624,20.3955],[-103.757,20.3911],[-103.7469,20.3891],[-103.7418,20.3733],[-103.7442,20.3673],[-103.7375,20.359],[-103.7542,20.3392],[-103.7632,20.3432],[-103.7607,20.3317],[-103.7703,20.3282],[-103.7702,20.317],[-103.779,20.3133],[-103.7728,20.3032],[-103.7724,20.2944],[-103.762,20.2663],[-103.7706,20.2692],[-103.783,20.2652],[-103.7875,20.2685],[-103.7874,20.272],[-103.7965,20.2743],[-103.8006,20.2719],[-103.8089,20.2762],[-103.8106,20.2679],[-103.8228,20.2877],[-103.8208,20.298],[-103.8312,20.2978],[-103.8457,20.2897],[-103.8524,20.2989],[-103.8589,20.3013],[-103.872,20.2995],[-103.8845,20.305],[-103.901,20.302],[-103.9004,20.2976],[-103.9053,20.2907],[-103.907,20.2965],[-103.9124,20.295],[-103.9224,20.3012],[-103.9278,20.3106],[-103.9351,20.3101],[-103.9485,20.3211],[-103.9467,20.3244],[-103.9327,20.3274],[-103.9304,20.3358],[-103.9233,20.3395],[-103.9242,20.3435],[-103.9126,20.3466],[-103.9116,20.3535],[-103.9153,20.3539],[-103.9147,20.3564],[-103.9077,20.3651],[-103.9047,20.3802],[-103.9003,20.3865],[-103.9007,20.3785],[-103.8907,20.3722],[-103.8908,20.3652],[-103.8843,20.3596],[-103.8816,20.3642],[-103.8792,20.3632],[-103.8802,20.3653],[-103.856,20.3655],[-103.8429,20.3745],[-103.8513,20.3819],[-103.8557,20.382],[-103.846,20.389],[-103.8505,20.3902],[-103.8512,20.3955],[-103.8684,20.3995],[-103.8717,20.3945],[-103.8834,20.4139],[-103.8718,20.4298],[-103.8759,20.443],[-103.8723,20.4556],[-103.8737,20.4603],[-103.8762,20.46],[-103.876,20.4665],[-103.8707,20.4688],[-103.8709,20.4743],[-103.8662,20.4745],[-103.8658,20.4808],[-103.8547,20.4834],[-103.8537,20.4954],[-103.8452,20.4976],[-103.844,20.505],[-103.8491,20.511],[-103.8363,20.5267],[-103.8394,20.5383],[-103.8248,20.5414]]]}},{"type":"Feature","properties":{"cve_mun":"14026","nombre_municipio":"Concepción de Buenos Aires","cve_ent":"14","nombre_entidad":"Jalisco"},"geometry":{"type":"Polygon","coordinates":[[[-103.2264,20.0784],[-103.2244,20.0739],[-103.2157,20.0697],[-103.1981,20.0688],[-103.1977,20.0628],[-103.1902,20.0645],[-103.1888,20.0539],[-103.1836,20.0561],[-103.1789,20.052],[-103.1711,20.0555],[-103.1605,20.0319],[-103.1587,20.025],[-103.1691,20.0175],[-103.1739,20.0149],[-103.181,20.0173],[-103.1871,20.0138],[-103.1828,20.0086],[-103.1789,20.0098],[-103.1733,20.0063],[-103.1715,20.01],[-103.1615,20.0038],[-103.1659,20.0023],[-103.1678,19.9957],[-103.1631,19.9937],[-103.1673,19.9809],[-103.1578,19.9756],[-103.1548,19.9652],[-103.1581,19.9613],[-103.1583,19.952],[-103.1524,19.942],[-103.1505,19.9297],[-103.1558,19.9256],[-103.161,19.9272],[-103.1615,19.9211],[-103.1681,19.9144],[-103.166,19.9104],[-103.1704,19.9022],[-103.1647,19.9026],[-103.1658,19.8777],[-103.1814,19.8847],[-103.1859,19.9144],[-103.1972,19.9189],[-103.2037,19.918],[-103.2088,19.9213],[-103.2099,19.9266],[-103.2254,19.9331],[-103.2385,19.9291],[-103.2309,19.9171],[-103.2363,19.9068],[-103.2354,19.9022],[-103.246,19.9003],[-103.2494,19.8956],[-103.2554,19.8957],[-103.2583,19.8898],[-103.256,19.8831],[-103.2591,19.8778],[-103.264,19.8791],[-103.2602,19.8841],[-103.2731,19.8847],[-103.2772,19.897],[-103.2811,19.8994],[-103.2802,19.9154],[-103.2857,19.9166],[-103.2921,19.9264],[-103.3016,19.9304],[-103.306,19.9376],[-103.3145,19.9399],[-103.3168,19.9452],[-103.3255,19.9427],[-103.3333,19.9444],[-103.3329,19.9605],[-103.3257,19.9767],[-103.3079,19.9811],[-103.2968,19.9758],[-103.2974,19.9876],[-103.308,19.9988],[-103.3205,20.0055],[-103.3151,20.0094],[-103.3195,20.0138],[-103.3285,20.0172],[-103.3218,20.0225],[-103.3213,20.026],[-103.3258,20.0264],[-103.3213,20.0265],[-103.3173,20.0347],[-103.3245,20.0375],[-103.3231,20.0408],[-103.3333,20.0495],[-103.3308,20.0519],[-103.3246,20.0472],[-103.3027,20.0439],[-103.3003,20.0331],[-103.2857,20.0185],[-103.2709,20.0134],[-103.2711,20.0181],[-103.2745,20.0186],[-103.2697,20.024],[-103.2704,20.0343],[-103.2664,20.0366],[-103.2666,20.0494],[-103.2804,20.0605],[-103.2783,20.0647],[-103.2633,20.0757],[-103.2499,20.0749],[-103.2445,20.0704],[-103.2435,20.0727],[-103.2306,20.072],[-103.233,20.0773],[-103.2264,20.0784]]]}},{"type":"Feature","properties":{"cve_mun":"14029","nombre_municipio":"Cuquío","cve_ent":"14","nombre_entidad":"Jalisco"},"geometry":{"type":"Polygon","coordinates":[[[-103.0105,21.1072],[-102.9978,21.1008],[-102.9905,21.0915],[-102.9821,21.0892],[-102.9779,21.0915],[-102.9744,21.0869],[-102.9629,21.0847],[-102.961,21.0789],[-102.9651,21.0702],[-102.964,21.0576],[-102.955,21.0494],[-102.9541,21.0427],[-102.9297,21.0285],[-102.9303,21.0316],[-102.9245,21.0324],[-102.9188,21.024],[-102.9049,21.023],[-102.9057,21.0164],[-102.91,21.0117],[-102.9081,21.0069],[-102.8946,21.0021],[-102.8916,21.007],[-102.8824,21.0097],[-102.8756,21.01],[-102.8759,21.0061],[-102.8869,20.9945],[-102.8867,20.9894],[-102.8933,20.9869],[-102.897,20.9786],[-102.9059,20.9754],[-102.9017,20.9715],[-102.9019,20.9651],[-102.907,20.961],[-102.9041,20.9538],[-102.9126,20.9369],[-102.9276,20.9331],[-102.9437,20.9048],[-102.9432,20.8973],[-102.933,20.8926],[-102.9407,20.886],[-102.9427,20.8721],[-102.9204,20.8572],[-102.922,20.8486],[-102.9291,20.8395],[-102.9376,20.8412],[-102.9524,20.8377],[-102.9602,20.8286],[-102.9668,20.8293],[-102.972,20.8214],[-102.9808,20.8158],[-102.9825,20.8045],[-102.9959,20.7992],[-103.0111,20.8006],[-103.0232,20.7924],[-103.0299,20.7958],[-103.0589,20.7962],[-103.0685,20.7914],[-103.0774,20.7913],[-103.0776,20.7947],[-103.0699,20.8018],[-103.0746,20.8147],[-103.0738,20.8284],[-103.0788,20.8283],[-103.0785,20.8348],[-103.0866,20.834],[-103.0868,20.8392],[-103.0937,20.8491],[-103.0923,20.8521],[-103.1002,20.8554],[-103.1024,20.8771],[-103.1157,20.8791],[-103.1201,20.8849],[-103.1384,20.8757],[-103.1408,20.8847],[-103.1498,20.8855],[-103.1512,20.8907],[-103.1545,20.8902],[-103.1486,20.897],[-103.147,20.9094],[-103.1522,20.925],[-103.1576,20.9291],[-103.1826,20.9342],[-103.1827,20.9422],[-103.1791,20.9412],[-103.1732,20.9476],[-103.1568,20.9497],[-103.1488,20.9549],[-103.1393,20.9532],[-103.1373,20.9609],[-103.1334,20.96],[-103.1329,20.953],[-103.1317,20.9581],[-103.1195,20.9611],[-103.1332,20.9759],[-103.1291,20.9784],[-103.1193,20.9775],[-103.119,20.995],[-103.1357,20.9984],[-103.148,20.9878],[-103.1491,20.9832],[-103.1541,20.9905],[-103.1457,21.0152],[-103.149,21.0319],[-103.1396,21.0389],[-103.1383,21.0479],[-103.1272,21.0521],[-103.1215,21.0624],[-103.124,21.0664],[-103.1144,21.0679],[-103.105,21.062],[-103.09,21.0651],[-103.0828,21.0719],[-103.0746,21.0743],[-103.0538,21.1019],[-103.0462,21.105],[-103.0385,21.0962],[-103.0162,21.1042],[-103.0147,21.108],[-103.0105,21.1072]]]}},{"type":"Feature","properties":{"cve_mun":"14030","nombre_municipio":"Chapala","cve_ent":"14","nombre_entidad":"Jalisco"},"geometry":{"type":"Polygon","coordinates":[[[-103.1205,20.4062],[-103.1132,20.4026],[-103.083,20.3999],[-103.0823,20.3963],[-103.0923,20.3951],[-103.0887,20.3878],[-103.0633,20.3764],[-103.072,20.3615],[-103.087,20.3599],[-103.0899,20.3523],[-103.094,20.352],[-103.0979,20.3471],[-103.1026,20.3496],[-103.1089,20.3452],[-103.1157,20.3306],[-103.1126,20.3213],[-103.1045,20.3252],[-103.1015,20.3223],[-103.0938,20.3243],[-103.09,20.3307],[-103.0825,20.3309],[-103.0805,20.3352],[-103.0644,20.3311],[-103.0587,20.3338],[-103.0594,20.3304],[-103.0552,20.3295],[-103.0506,20.3332],[-103.0339,20.3341],[-103.0229,20.2868],[-103.0365,20.1814],[-103.0599,20.1777],[-103.0778,20.1594],[-103.09,20.1592],[-103.096,20.1638],[-103.1112,20.1609],[-103.1209,20.1669],[-103.1351,20.1672],[-103.1462,20.1631],[-103.1547,20.1542],[-103.1683,20.1527],[-103.1854,20.1582],[-103.1901,20.1669],[-103.2002,20.1755],[-103.2132,20.1762],[-103.2233,20.184],[-103.2388,20.1838],[-103.2574,20.1956],[-103.3013,20.1961],[-103.3258,20.2107],[-103.3577,20.2187],[-103.3619,20.2271],[-103.4026,20.2232],[-103.4194,20.2329],[-103.4215,20.257],[-103.4187,20.259],[-103.4178,20.2778],[-103.4122,20.2875],[-103.396,20.2868],[-103.376,20.2932],[-103.3759,20.2893],[-103.3509,20.2891],[-103.3381,20.2831],[-103.3204,20.2876],[-103.2998,20.2868],[-103.3029,20.3011],[-103.2983,20.3152],[-103.3011,20.3236],[-103.2911,20.3266],[-103.2823,20.3383],[-103.2717,20.3416],[-103.2489,20.3368],[-103.2325,20.3383],[-103.1954,20.3258],[-103.1844,20.3274],[-103.1842,20.3349],[-103.1777,20.3367],[-103.174,20.3323],[-103.1689,20.3358],[-103.1581,20.3365],[-103.1571,20.3439],[-103.1463,20.3358],[-103.1256,20.3612],[-103.1273,20.3869],[-103.1366,20.3883],[-103.1343,20.3954],[-103.1235,20.3942],[-103.1205,20.4062]]]}},{"type":"Feature","properties":{"cve_mun":"14032","nombre_municipio":"Chiquilistlán","cve_ent":"14","nombre_entidad":"Jalisco"},"geometry":{"type":"Polygon","coordinates":[[[-103.8408,20.2012],[-103.8207,20.1822],[-103.8264,20.1753],[-103.8236,20.1704],[-103.8277,20.1671],[-103.8209,20.1662],[-103.8217,20.163],[-103.8181,20.1617],[-103.821,20.1528],[-103.8138,20.1445],[-103.7935,20.1418],[-103.7837,20.1356],[-103.7796,20.1433],[-103.7732,20.144],[-103.7689,20.1365],[-103.7663,20.1194],[-103.7604,20.1151],[-103.7464,20.1167],[-103.7633,20.1066],[-103.771,20.1064],[-103.7685,20.103],[-103.775,20.0929],[-103.7932,20.0882],[-103.8004,20.082],[-103.806,20.0712],[-103.809,20.0733],[-103.8257,20.0643],[-103.8382,20.0638],[-103.8416,20.0579],[-103.8345,20.056],[-103.8343,20.0514],[-103.8393,20.0488],[-103.8411,20.0351],[-103.8247,20.0107],[-103.8248,20.0065],[-103.8293,20.0081],[-103.8299,20.004],[-103.8427,20.0077],[-103.8442,20.0054],[-103.8563,20.016],[-103.8609,20.0137],[-103.8744,20.0168],[-103.8794,20.0098],[-103.8828,20.0107],[-103.8852,20.0033],[-103.8936,20.0088],[-103.894,20.0023],[-103.8977,20.002],[-103.9026,19.9922],[-103.9114,19.9909],[-103.9201,19.9855],[-103.9199,19.976],[-103.9244,19.9653],[-103.93,19.9678],[-103.9593,19.9583],[-103.9502,19.9834],[-103.9568,20.0113],[-103.9625,20.0171],[-103.9808,20.0189],[-103.9883,20.0241],[-103.9802,20.0379],[-103.9809,20.0463],[-103.9639,20.0622],[-103.9655,20.0705],[-103.9621,20.08],[-103.9644,20.082],[-103.9554,20.0856],[-103.9462,20.0955],[-103.9491,20.102],[-103.9403,20.1135],[-103.9403,20.1216],[-103.9383,20.1226],[-103.9351,20.1164],[-103.9286,20.1193],[-103.9289,20.1284],[-103.9237,20.1388],[-103.9229,20.1581],[-103.9139,20.1602],[-103.9043,20.155],[-103.9041,20.1597],[-103.8917,20.1597],[-103.8683,20.1765],[-103.848,20.184],[-103.8408,20.2012]]]}},{"type":"Feature","properties":{"cve_mun":"14033","nombre_municipio":"Degollado","cve_ent":"14","nombre_entidad":"Jalisco"},"geometry":{"type":"Polygon","coordinates":[[[-102.0842,20.5615],[-102.0884,20.5513],[-102.0955,20.5482],[-102.0888,20.5288],[-102.0628,20.537],[-102.0554,20.5345],[-102.0511,20.5492],[-102.0431,20.5489],[-102.0379,20.5434],[-102.0236,20.5507],[-102.0094,20.545],[-102.0141,20.5426],[-102.0087,20.5326],[-102.0104,20.5256],[-102.0203,20.5153],[-102.0207,20.5082],[-102.0286,20.5014],[-102.0282,20.4965],[-102.0441,20.4863],[-102.0462,20.482],[-102.0421,20.4745],[-102.0451,20.4718],[-102.0427,20.4683],[-102.0453,20.4641],[-102.044,20.4566],[-102.0563,20.452],[-102.0576,20.4454],[-102.0618,20.4448],[-102.0766,20.4282],[-102.074,20.4251],[-102.0793,20.4209],[-102.0757,20.4192],[-102.0761,20.4153],[-102.0713,20.4145],[-102.0709,20.409],[-102.0774,20.4093],[-102.0805,20.404],[-102.0845,20.405],[-102.0909,20.389],[-102.0969,20.3892],[-102.0963,20.3841],[-102.1068,20.3783],[-102.1151,20.3811],[-102.1238,20.3782],[-102.1309,20.3812],[-102.1343,20.3759],[-102.141,20.3753],[-102.1682,20.3787],[-102.16,20.3749],[-102.1582,20.3668],[-102.1765,20.3684],[-102.1742,20.3566],[-102.196,20.3505],[-102.2079,20.3567],[-102.2118,20.3521],[-102.2194,20.3511],[-102.231,20.355],[-102.2918,20.3592],[-102.3122,20.4322],[-102.3065,20.4423],[-102.3076,20.456],[-102.2985,20.4574],[-102.2872,20.4661],[-102.2715,20.468],[-102.2651,20.4763],[-102.2516,20.4826],[-102.2533,20.4859],[-102.2493,20.4879],[-102.2336,20.4882],[-102.2234,20.4992],[-102.2233,20.5102],[-102.2135,20.5203],[-102.1934,20.5243],[-102.1886,20.5271],[-102.189,20.5299],[-102.1699,20.5251],[-102.1603,20.5192],[-102.1362,20.5269],[-102.124,20.5265],[-102.122,20.5228],[-102.1135,20.5264],[-102.1059,20.5309],[-102.1026,20.5421],[-102.0991,20.5435],[-102.1023,20.5525],[-102.0842,20.5615]]]}},{"type":"Feature","properties":{"cve_mun":"14034","nombre_municipio":"Ejutla","cve_ent":"14","nombre_entidad":"Jalisco"},"geometry":{"type":"Polygon","coordinates":[[[-104.0878,19.9904],[-104.0887,19.9803],[-104.0835,19.98],[-104.0667,19.9689],[-104.0623,19.9706],[-104.0545,19.9639],[-104.0452,19.9632],[-104.0224,19.9663],[-104.0149,19.9733],[-104.001,19.977],[-103.9961,19.9838],[-103.983,19.9852],[-103.9709,19.982],[-103.9531,19.989],[-103.9502,19.9834],[-103.9608,19.956],[-103.9614,19.9373],[-103.9651,19.9299],[-103.9737,19.9295],[-103.9738,19.9204],[-103.9691,19.9166],[-103.9769,19.8994],[-103.9738,19.8972],[-103.9779,19.895],[-103.9795,19.8872],[-103.9749,19.8837],[-103.9785,19.8767],[-103.9716,19.8692],[-103.9696,19.8536],[-103.9753,19.8604],[-103.9981,19.862],[-104.0125,19.8704],[-104.0219,19.8497],[-104.0294,19.8419],[-104.0207,19.8317],[-104.0305,19.8165],[-104.03,19.8122],[-104.0672,19.8219],[-104.0697,19.8263],[-104.076,19.8249],[-104.0739,19.8385],[-104.0767,19.8453],[-104.0735,19.8508],[-104.0658,19.8477],[-104.0591,19.8549],[-104.0514,19.8739],[-104.0476,19.8724],[-104.0486,19.8781],[-104.0302,19.8868],[-104.0313,19.8916],[-104.0401,19.8944],[-104.0304,19.91],[-104.0316,19.9138],[-104.0403,19.9253],[-104.0493,19.9297],[-104.0496,19.9239],[-104.0563,19.9187],[-104.056,19.9134],[-104.0633,19.9141],[-104.0681,19.9103],[-104.0703,19.8996],[-104.0749,19.8945],[-104.068,19.8913],[-104.0663,19.8872],[-104.0703,19.8778],[-104.0814,19.877],[-104.0815,19.8688],[-104.0911,19.8749],[-104.1239,19.8648],[-104.1506,19.8649],[-104.178,19.8539],[-104.2015,19.8632],[-104.2067,19.8621],[-104.2077,19.8648],[-104.2118,19.8629],[-104.2129,19.866],[-104.215,19.8632],[-104.2371,19.875],[-104.2298,19.8869],[-104.2146,19.8904],[-104.2024,19.9283],[-104.1959,19.9257],[-104.182,19.9313],[-104.1794,19.94],[-104.1736,19.9421],[-104.1755,19.9515],[-104.169,19.9606],[-104.1629,19.964],[-104.1485,19.9594],[-104.1414,19.9607],[-104.1391,19.9764],[-104.1344,19.9809],[-104.1254,19.9752],[-104.1158,19.9753],[-104.1122,19.9785],[-104.1089,19.9756],[-104.1031,19.9796],[-104.0962,19.9798],[-104.0878,19.9904]]]}},{"type":"Feature","properties":{"cve_mun":"14069","nombre_municipio":"Quitupan","cve_ent":"14","nombre_entidad":"Jalisco"},"geometry":{"type":"Polygon","coordinates":[[[-102.8818,19.9756],[-102.8598,19.9714],[-102.8614,19.9698],[-102.8565,19.968],[-102.822,19.9646],[-102.7944,19.9503],[-102.7769,19.9602],[-102.7753,19.9586],[-102.784,19.9512],[-102.7706,19.9299],[-102.7312,19.8995],[-102.7325,19.8904],[-102.7398,19.8858],[-102.7425,19.8788],[-102.7348,19.8745],[-102.7349,19.8604],[-102.7304,19.8532],[-102.7351,19.8473],[-102.7431,19.8446],[-102.7493,19.8345],[-102.7533,19.8341],[-102.7452,19.828],[-102.7394,19.8158],[-102.7452,19.812],[-102.7552,19.814],[-102.7591,19.808],[-102.785,19.8154],[-102.7923,19.8141],[-102.8195,19.7779],[-102.8128,19.776],[-102.8132,19.7664],[-102.8086,19.7596],[-102.8163,19.7499],[-102.8039,19.7522],[-102.8026,19.7466],[-102.8108,19.741],[-102.7958,19.7284],[-102.7922,19.7177],[-102.7805,19.7043],[-102.7822,19.6952],[-102.7922,19.6884],[-102.7906,19.6869],[-102.7955,19.6847],[-102.7976,19.6781],[-102.8057,19.6748],[-102.7924,19.6746],[-102.7927,19.6626],[-102.8001,19.6644],[-102.82,19.6614],[-102.8203,19.6568],[-102.8233,19.6561],[-102.8206,19.6515],[-102.8232,19.6505],[-102.8288,19.6571],[-102.8366,19.654],[-102.8518,19.6572],[-102.8587,19.6557],[-102.8667,19.6508],[-102.869,19.6391],[-102.8762,19.6338],[-102.8788,19.6269],[-102.8824,19.6297],[-102.8814,19.6341],[-102.8866,19.6304],[-102.8927,19.6309],[-102.9003,19.6364],[-102.9086,19.6254],[-102.9166,19.6329],[-102.9252,19.6354],[-102.9292,19.6341],[-102.9303,19.6285],[-102.9402,19.6327],[-102.9478,19.6296],[-102.949,19.6316],[-102.9566,19.6217],[-102.9614,19.623],[-102.9622,19.6154],[-102.9665,19.6124],[-102.9685,19.6212],[-102.9665,19.6254],[-102.972,19.6287],[-102.9731,19.6352],[-102.9696,19.6384],[-102.9677,19.65],[-102.9703,19.6545],[-102.9674,19.6552],[-102.9662,19.6608],[-102.9549,19.6584],[-102.943,19.6807],[-102.9568,19.6956],[-102.9644,19.6972],[-102.9632,19.7139],[-102.9589,19.7206],[-102.9747,19.7331],[-102.9707,19.7468],[-102.9823,19.7473],[-102.9878,19.7515],[-102.9828,19.7671],[-102.968,19.7727],[-102.9633,19.7798],[-102.9675,19.7798],[-102.9695,19.7842],[-102.966,19.7939],[-102.9793,19.7968],[-102.9858,19.8024],[-102.9733,19.8182],[-102.979,19.8296],[-102.9724,19.8462],[-102.9769,19.8487],[-102.9747,19.8522],[-102.979,19.8535],[-102.978,19.8567],[-102.982,19.8595],[-102.9759,19.8642],[-102.979,19.8633],[-102.9789,19.8681],[-102.9623,19.8682],[-102.9534,19.877],[-102.9548,19.8823],[-102.9391,19.8918],[-102.9281,19.8908],[-102.9237,19.8924],[-102.9238,19.8968],[-102.9152,19.8991],[-102.9188,19.9011],[-102.9173,19.9208],[-102.9214,19.9265],[-102.9194,19.9389],[-102.9098,19.9583],[-102.9089,19.9707],[-102.9026,19.9669],[-102.8821,19.9696],[-102.8818,19.9756]]]}},{"type":"Feature","properties":{"cve_mun":"14123","nombre_municipio":"Zapotlán del Rey","cve_ent":"14","nombre_entidad":"Jalisco"},"geometry":{"type":"Polygon","coordinates":[[[-102.89,20.5478],[-102.882,20.5465],[-102.8594,20.5198],[-102.8469,20.525],[-102.8119,20.531],[-102.8126,20.5228],[-102.8021,20.516],[-102.8022,20.5104],[-102.7983,20.5115],[-102.7916,20.5018],[-102.7854,20.5009],[-102.7871,20.4943],[-102.7814,20.4924],[-102.7719,20.4947],[-102.7648,20.4911],[-102.7581,20.4324],[-102.7675,20.4479],[-102.7773,20.4454],[-102.7882,20.4471],[-102.7916,20.43],[-102.8003,20.423],[-102.8085,20.4107],[-102.8401,20.4168],[-102.8592,20.4108],[-102.8724,20.4039],[-102.8814,20.3939],[-102.8801,20.387],[-102.8856,20.3824],[-102.9064,20.3816],[-102.9307,20.3862],[-102.9536,20.4022],[-102.9916,20.4018],[-103.026,20.4223],[-103.0347,20.4153],[-103.0339,20.4071],[-103.0456,20.4104],[-103.0843,20.4002],[-103.0913,20.4161],[-103.086,20.4408],[-103.0826,20.4846],[-103.0772,20.4959],[-103.0499,20.49],[-103.0344,20.4923],[-103.0307,20.4996],[-103.0353,20.5046],[-103.0324,20.5078],[-103.0363,20.5109],[-103.0312,20.5119],[-103.0345,20.5137],[-103.0277,20.5142],[-103.0225,20.5104],[-103.0129,20.5117],[-103.009,20.5294],[-102.9769,20.5166],[-102.9542,20.5026],[-102.9365,20.5025],[-102.929,20.5092],[-102.907,20.5195],[-102.9096,20.5258],[-102.9185,20.5276],[-102.9179,20.533],[-102.9113,20.5352],[-102.9075,20.5479],[-102.8984,20.5501],[-102.89,20.5478]]]}},{"type":"Feature","properties":{"cve_mun":"14094","nombre_municipio":"Tequila","cve_ent":"14","nombre_entidad":"Jalisco"},"geometry":{"type":"Polygon","coordinates":[[[-103.5386,21.4444],[-103.5336,21.4206],[-103.5218,21.4057],[-103.5218,21.4014],[-103.5094,21.3924],[-103.5082,21.3803],[-103.5039,21.3768],[-103.5131,21.3641],[-103.51,21.3549],[-103.5194,21.3565],[-103.5233,21.352],[-103.5354,21.3539],[-103.5574,21.3481],[-103.5626,21.3527],[-103.5676,21.3522],[-103.5686,21.3376],[-103.5785,21.3302],[-103.5887,21.3422],[-103.5981,21.3419],[-103.603,21.3491],[-103.6112,21.3488],[-103.6169,21.3534],[-103.6187,21.3445],[-103.629,21.3454],[-103.6344,21.3401],[-103.6381,21.3449],[-103.6431,21.3417],[-103.6462,21.3444],[-103.6498,21.3418],[-103.6489,21.3374],[-103.6636,21.3381],[-103.6717,21.3225],[-103.6774,21.3199],[-103.6914,21.3201],[-103.7051,21.3255],[-103.7111,21.3177],[-103.7109,21.3135],[-103.7208,21.308],[-103.7221,21.2839],[-103.7199,21.2831],[-103.7203,21.2752],[-103.7136,21.2667],[-103.7108,21.2745],[-103.6981,21.2826],[-103.6899,21.2854],[-103.6763,21.2834],[-103.6667,21.2905],[-103.6582,21.2804],[-103.6427,21.2845],[-103.634,21.2823],[-103.6395,21.2775],[-103.6374,21.2691],[-103.6417,21.254],[-103.6397,21.2434],[-103.6363,21.2417],[-103.6402,21.2221],[-103.6634,21.2242],[-103.664,21.2182],[-103.6673,21.216],[-103.6606,21.2155],[-103.6371,21.1997],[-103.6334,21.1913],[-103.6248,21.1933],[-103.6186,21.1888],[-103.6161,21.1857],[-103.6182,21.1835],[-103.6114,21.1787],[-103.6118,21.1648],[-103.6171,21.154],[-103.6276,21.1467],[-103.6306,21.1332],[-103.6446,21.121],[-103.6478,21.1059],[-103.6551,21.0966],[-103.6554,21.0715],[-103.6593,21.0623],[-103.6659,21.0613],[-103.6726,21.042],[-103.6618,21.036],[-103.6511,21.0387],[-103.654,21.034],[-103.6508,21.0293],[-103.6511,21.0185],[-103.6481,21.0156],[-103.6458,21.021],[-103.6412,21.0226],[-103.6376,21.0321],[-103.6296,21.0329],[-103.6141,21.0418],[-103.6052,21.0385],[-103.6017,21.0313],[-103.6035,21.0266],[-103.5989,21.0196],[-103.6001,21.0155],[-103.6111,21.0079],[-103.6247,21.004],[-103.6238,20.9967],[-103.6172,20.992],[-103.6105,20.9783],[-103.6131,20.9732],[-103.6202,20.9701],[-103.6156,20.9619],[-103.6211,20.95],[-103.6257,20.9468],[-103.6337,20.9292],[-103.6517,20.9163],[-103.6527,20.9079],[-103.6553,20.9041],[-103.6564,20.9063],[-103.6603,20.9037],[-103.6609,20.8982],[-103.6666,20.9016],[-103.6773,20.8995],[-103.686,20.9048],[-103.6849,20.9077],[-103.6927,20.9067],[-103.6965,20.9102],[-103.696,20.9143],[-103.6991,20.9113],[-103.7043,20.9148],[-103.7055,20.9095],[-103.7111,20.9097],[-103.7155,20.9164],[-103.7255,20.9229],[-103.7349,20.9178],[-103.7398,20.9221],[-103.7485,20.9184],[-103.7549,20.9258],[-103.759,20.9239],[-103.7637,20.9105],[-103.7698,20.907],[-103.7675,20.9039],[-103.7706,20.8892],[-103.7526,20.8787],[-103.76,20.865],[-103.7668,20.8672],[-103.7708,20.8614],[-103.7725,20.8439],[-103.778,20.8252],[-103.7855,20.8128],[-103.7833,20.8054],[-103.7869,20.8034],[-103.7882,20.7948],[-103.8065,20.8019],[-103.8175,20.8018],[-103.8314,20.7913],[-103.8474,20.7873],[-103.8642,20.7897],[-103.8686,20.7867],[-103.8757,20.7986],[-103.8916,20.8021],[-103.8948,20.8081],[-103.9134,20.8086],[-103.902,20.8157],[-103.9011,20.8194],[-103.8914,20.8224],[-103.8987,20.8415],[-103.8911,20.8434],[-103.8894,20.8566],[-103.8778,20.8729],[-103.885,20.8738],[-103.8907,20.8801],[-103.8861,20.8905],[-103.888,20.8921],[-103.89,20.8899],[-103.8922,20.8937],[-103.8931,20.8917],[-103.9194,20.9048],[-103.9083,20.9104],[-103.9124,20.9186],[-103.9179,20.92],[-103.9198,20.9147],[-103.9284,20.913],[-103.93,20.9088],[-103.9351,20.9075],[-103.9351,20.9098],[-103.9396,20.9062],[-103.9416,20.9112],[-103.9434,20.9067],[-103.9462,20.9073],[-103.9453,20.911],[-103.9653,20.9386],[-103.9401,20.937],[-103.9371,20.9448],[-103.9283,20.9506],[-103.9249,20.9618],[-103.9102,20.9674],[-103.8969,20.9803],[-103.8835,20.9841],[-103.8811,21.0054],[-103.8742,21.0131],[-103.8655,21.0159],[-103.8622,21.0273],[-103.8634,21.0383],[-103.8756,21.037],[-103.8819,21.0494],[-103.8779,21.0523],[-103.8684,21.0514],[-103.8654,21.0604],[-103.8583,21.0634],[-103.8563,21.0726],[-103.872,21.0806],[-103.888,21.0839],[-103.8937,21.0759],[-103.9032,21.0721],[-103.9221,21.0799],[-103.9335,21.079],[-103.9403,21.0899],[-103.9575,21.0942],[-103.9672,21.1117],[-103.9853,21.1243],[-103.9971,21.1382],[-104.0029,21.1405],[-104.0122,21.1359],[-104.0326,21.137],[-104.049,21.1523],[-104.0544,21.1616],[-104.0725,21.1672],[-104.0722,21.1875],[-104.0683,21.1868],[-104.0661,21.1897],[-104.0685,21.1974],[-104.0626,21.2003],[-104.0595,21.1939],[-104.0563,21.1941],[-104.0528,21.2054],[-104.0452,21.1992],[-104.0384,21.2044],[-104.0353,21.196],[-104.028,21.1947],[-104.0264,21.2005],[-104.0329,21.2027],[-104.0294,21.2087],[-104.025,21.2129],[-104.0223,21.2051],[-104.016,21.2075],[-104.0146,21.2207],[-104.0175,21.2272],[-104.0061,21.228],[-104.0036,21.2365],[-103.9879,21.2443],[-103.9853,21.2492],[-103.9745,21.2518],[-103.9735,21.2563],[-103.9693,21.2569],[-103.9606,21.2512],[-103.9584,21.2528],[-103.9459,21.238],[-103.924,21.2346],[-103.9286,21.2498],[-103.9355,21.2542],[-103.9311,21.2625],[-103.9186,21.2456],[-103.9179,21.231],[-103.9031,21.2334],[-103.8984,21.2265],[-103.8923,21.2384],[-103.8826,21.2419],[-103.8752,21.2386],[-103.8741,21.2423],[-103.8619,21.2489],[-103.84,21.2398],[-103.8205,21.2479],[-103.817,21.2561],[-103.825,21.2713],[-103.8201,21.2765],[-103.8203,21.281],[-103.8147,21.2871],[-103.8078,21.2889],[-103.8036,21.3003],[-103.7806,21.3085],[-103.7761,21.3217],[-103.7725,21.3203],[-103.7642,21.3285],[-103.7574,21.3298],[-103.7556,21.3377],[-103.7494,21.3367],[-103.7523,21.3433],[-103.7443,21.3523],[-103.7472,21.3585],[-103.7432,21.3672],[-103.7278,21.3734],[-103.7246,21.3785],[-103.7052,21.3799],[-103.702,21.385],[-103.7045,21.3912],[-103.6856,21.3953],[-103.6711,21.4038],[-103.6642,21.4023],[-103.6401,21.4216],[-103.6285,21.4168],[-103.6243,21.4185],[-103.6229,21.4131],[-103.6158,21.4117],[-103.6157,21.4077],[-103.6098,21.4072],[-103.6003,21.3982],[-103.6006,21.3936],[-103.5953,21.3909],[-103.5927,21.3936],[-103.5864,21.3924],[-103.5871,21.4079],[-103.5815,21.4275],[-103.576,21.4285],[-103.5759,21.4362],[-103.5677,21.4393],[-103.5604,21.4302],[-103.5584,21.4362],[-103.5529,21.4361],[-103.5483,21.4405],[-103.5439,21.4373],[-103.5386,21.4444]]]}},{"type":"Feature","properties":{"cve_mun":"14095","nombre_municipio":"Teuchitlán","cve_ent":"14","nombre_entidad":"Jalisco"},"geometry":{"type":"Polygon","coordinates":[[[-103.7864,20.7858],[-103.7849,20.7803],[-103.7773,20.7839],[-103.7737,20.7801],[-103.7668,20.782],[-103.7588,20.7782],[-103.7448,20.7791],[-103.7365,20.7763],[-103.7389,20.7708],[-103.7364,20.7679],[-103.7397,20.7656],[-103.7529,20.7678],[-103.7592,20.7557],[-103.7548,20.7518],[-103.758,20.7454],[-103.7553,20.7432],[-103.7623,20.7355],[-103.772,20.736],[-103.7753,20.7257],[-103.7811,20.7194],[-103.774,20.7149],[-103.7739,20.7081],[-103.7734,20.7102],[-103.769,20.7045],[-103.7663,20.6868],[-103.7604,20.6869],[-103.7572,20.6816],[-103.7568,20.677],[-103.7714,20.666],[-103.7686,20.6631],[-103.7712,20.6583],[-103.7672,20.6589],[-103.7645,20.6525],[-103.7665,20.65],[-103.7729,20.6538],[-103.775,20.6467],[-103.7888,20.6352],[-103.7913,20.637],[-103.8092,20.6285],[-103.8154,20.6172],[-103.8152,20.6092],[-103.8162,20.6115],[-103.8237,20.6039],[-103.832,20.604],[-103.8368,20.5986],[-103.8461,20.5965],[-103.8478,20.5848],[-103.855,20.5771],[-103.884,20.5746],[-103.8798,20.5863],[-103.8812,20.5975],[-103.8899,20.5985],[-103.895,20.6091],[-103.8988,20.6086],[-103.9002,20.6222],[-103.9054,20.6239],[-103.9032,20.627],[-103.9157,20.6372],[-103.9144,20.6406],[-103.8859,20.6365],[-103.8941,20.6481],[-103.9102,20.6595],[-103.9083,20.6804],[-103.9164,20.6921],[-103.9096,20.7116],[-103.8881,20.7301],[-103.8829,20.7276],[-103.8838,20.7176],[-103.875,20.7114],[-103.8745,20.7043],[-103.8649,20.6975],[-103.8633,20.6915],[-103.8559,20.7094],[-103.8462,20.7132],[-103.8387,20.7228],[-103.8422,20.7369],[-103.8394,20.7431],[-103.8339,20.7472],[-103.8269,20.7456],[-103.8217,20.7483],[-103.8076,20.7696],[-103.7999,20.7726],[-103.7864,20.7858]]]}},{"type":"Feature","properties":{"cve_mun":"14096","nombre_municipio":"Tizapán el Alto","cve_ent":"14","nombre_entidad":"Jalisco"},"geometry":{"type":"Polygon","coordinates":[[[-103.0371,20.1817],[-103.0368,20.1771],[-103.0198,20.1622],[-102.9799,20.1728],[-102.9541,20.1709],[-102.9432,20.1498],[-102.9245,20.1363],[-102.9264,20.1296],[-102.942,20.1288],[-102.9578,20.1412],[-102.9616,20.1402],[-102.9645,20.1271],[-102.9706,20.1254],[-102.9984,20.126],[-103.0048,20.1382],[-103.0325,20.1364],[-103.0352,20.1335],[-103.0313,20.1268],[-103.0444,20.1236],[-103.0426,20.1152],[-103.0354,20.1167],[-103.0328,20.1114],[-103.0417,20.0908],[-103.0307,20.0785],[-103.0338,20.0757],[-103.0305,20.0727],[-103.031,20.0659],[-103.0382,20.0654],[-103.0438,20.0698],[-103.0498,20.0658],[-103.0608,20.0654],[-103.065,20.0623],[-103.0645,20.055],[-103.0701,20.0444],[-103.0911,20.0329],[-103.0999,20.0438],[-103.1104,20.0438],[-103.1132,20.0516],[-103.1185,20.0475],[-103.1274,20.0515],[-103.1194,20.0551],[-103.1246,20.0613],[-103.1221,20.064],[-103.1251,20.065],[-103.1272,20.0721],[-103.1215,20.073],[-103.1222,20.0762],[-103.1199,20.0747],[-103.1225,20.0815],[-103.1476,20.0835],[-103.1572,20.0855],[-103.1591,20.0889],[-103.1667,20.0888],[-103.1717,20.1014],[-103.1621,20.1067],[-103.1656,20.1098],[-103.165,20.1165],[-103.1679,20.1202],[-103.1489,20.1221],[-103.1585,20.1249],[-103.1607,20.1295],[-103.1534,20.136],[-103.1529,20.1413],[-103.157,20.1445],[-103.157,20.1497],[-103.1523,20.1527],[-103.1541,20.1565],[-103.1462,20.1631],[-103.1367,20.1671],[-103.1246,20.1672],[-103.1112,20.1609],[-103.0953,20.1637],[-103.09,20.1592],[-103.0805,20.1589],[-103.0742,20.1603],[-103.075,20.1632],[-103.0599,20.1777],[-103.0371,20.1817]]]}},{"type":"Feature","properties":{"cve_mun":"14097","nombre_municipio":"Tlajomulco de Zúñiga","cve_ent":"14","nombre_entidad":"Jalisco"},"geometry":{"type":"Polygon","coordinates":[[[-103.4727,20.5977],[-103.4483,20.5967],[-103.4485,20.5943],[-103.4309,20.5881],[-103.4301,20.5793],[-103.4576,20.5505],[-103.4507,20.5414],[-103.4491,20.5462],[-103.4442,20.5449],[-103.446,20.5404],[-103.4356,20.5385],[-103.4322,20.5411],[-103.4357,20.5438],[-103.4328,20.5435],[-103.431,20.5493],[-103.4345,20.5507],[-103.4321,20.5588],[-103.3988,20.5513],[-103.3923,20.5629],[-103.36,20.5724],[-103.358,20.5719],[-103.3636,20.5588],[-103.3609,20.5556],[-103.3314,20.5539],[-103.33,20.5482],[-103.3242,20.5472],[-103.3199,20.5499],[-103.3129,20.5423],[-103.2845,20.5327],[-103.2856,20.5269],[-103.2708,20.5294],[-103.2645,20.5154],[-103.2669,20.5085],[-103.2546,20.5119],[-103.2469,20.5068],[-103.2437,20.495],[-103.2363,20.4931],[-103.2333,20.4967],[-103.2212,20.496],[-103.2159,20.4988],[-103.198,20.4963],[-103.2118,20.4774],[-103.218,20.4754],[-103.2197,20.4687],[-103.2263,20.4676],[-103.2186,20.4568],[-103.249,20.4515],[-103.2407,20.4318],[-103.2551,20.429],[-103.2562,20.4363],[-103.2611,20.4419],[-103.2619,20.4349],[-103.258,20.4299],[-103.2622,20.4258],[-103.2622,20.42],[-103.2831,20.4087],[-103.2888,20.4008],[-103.3083,20.4019],[-103.3105,20.3918],[-103.3156,20.3981],[-103.328,20.3927],[-103.3339,20.387],[-103.3341,20.3822],[-103.3432,20.3686],[-103.3525,20.368],[-103.3588,20.3618],[-103.3831,20.3646],[-103.418,20.3597],[-103.4345,20.3641],[-103.443,20.3723],[-103.4559,20.3741],[-103.4654,20.3848],[-103.4825,20.3952],[-103.5063,20.4049],[-103.52,20.4062],[-103.5281,20.4113],[-103.5399,20.4068],[-103.5428,20.4111],[-103.5486,20.4065],[-103.5475,20.4148],[-103.5616,20.4474],[-103.5703,20.4586],[-103.5692,20.4625],[-103.5874,20.4809],[-103.596,20.4835],[-103.5895,20.4929],[-103.5949,20.494],[-103.5919,20.4994],[-103.5966,20.5102],[-103.5906,20.5115],[-103.5886,20.5203],[-103.5718,20.5249],[-103.5838,20.5298],[-103.5659,20.5629],[-103.5545,20.5672],[-103.5436,20.5854],[-103.5352,20.5926],[-103.4727,20.5977]]]}},{"type":"Feature","properties":{"cve_mun":"14090","nombre_municipio":"Tenamaxtlán","cve_ent":"14","nombre_entidad":"Jalisco"},"geometry":{"type":"Polygon","coordinates":[[[-104.1527,20.2956],[-104.1404,20.2915],[-104.1454,20.2879],[-104.1329,20.2879],[-104.131,20.2843],[-104.1335,20.283],[-104.1246,20.2795],[-104.1296,20.2669],[-104.139,20.2637],[-104.1505,20.2468],[-104.1431,20.2392],[-104.1245,20.2418],[-104.1124,20.2033],[-104.1167,20.1917],[-104.1145,20.1903],[-104.1196,20.1865],[-104.1175,20.1809],[-104.1195,20.178],[-104.1093,20.1721],[-104.1107,20.1536],[-104.1003,20.1438],[-104.1146,20.1178],[-104.1157,20.0989],[-104.1371,20.0873],[-104.1264,20.0806],[-104.1265,20.0764],[-104.1301,20.0766],[-104.1333,20.0707],[-104.1286,20.0666],[-104.1316,20.0609],[-104.1274,20.0588],[-104.1422,20.0391],[-104.1121,20.0383],[-104.1014,20.0301],[-104.1006,20.0225],[-104.0921,20.016],[-104.0891,20.0094],[-104.0825,20.0075],[-104.0758,19.9998],[-104.0664,19.9969],[-104.0654,19.9926],[-104.075,19.9839],[-104.0872,19.9797],[-104.0888,19.9903],[-104.0962,19.9798],[-104.1031,19.9796],[-104.1089,19.9756],[-104.1122,19.9785],[-104.1158,19.9753],[-104.1254,19.9752],[-104.1333,19.979],[-104.1346,19.9818],[-104.1275,19.9857],[-104.1259,19.9954],[-104.1342,20.0011],[-104.1409,20.0157],[-104.151,20.0172],[-104.1538,20.0248],[-104.1646,20.0302],[-104.161,20.0305],[-104.1802,20.0311],[-104.1812,20.0257],[-104.183,20.0311],[-104.1923,20.0339],[-104.1952,20.0379],[-104.1916,20.0538],[-104.1786,20.0672],[-104.1825,20.0824],[-104.187,20.088],[-104.1854,20.091],[-104.1891,20.0951],[-104.1845,20.0964],[-104.1789,20.1037],[-104.1829,20.127],[-104.1763,20.1467],[-104.1811,20.1505],[-104.1842,20.1426],[-104.193,20.1397],[-104.2054,20.1422],[-104.2001,20.1601],[-104.2006,20.1721],[-104.1943,20.1771],[-104.1979,20.1828],[-104.2063,20.1838],[-104.2063,20.1877],[-104.2149,20.19],[-104.2246,20.1863],[-104.225,20.1899],[-104.2421,20.1761],[-104.2532,20.1745],[-104.2653,20.1682],[-104.2636,20.1826],[-104.2909,20.1619],[-104.2999,20.1698],[-104.2989,20.1733],[-104.3046,20.1738],[-104.3003,20.1744],[-104.3034,20.1835],[-104.2939,20.1971],[-104.2998,20.1947],[-104.3016,20.1976],[-104.3004,20.1943],[-104.3054,20.1918],[-104.3187,20.1937],[-104.3095,20.2023],[-104.2963,20.2043],[-104.2889,20.2014],[-104.2873,20.205],[-104.2497,20.2115],[-104.2428,20.2094],[-104.1935,20.2474],[-104.1854,20.2396],[-104.1788,20.2773],[-104.1527,20.2956]]]}},{"type":"Feature","properties":{"cve_mun":"14091","nombre_municipio":"Teocaltiche","cve_ent":"14","nombre_entidad":"Jalisco"},"geometry":{"type":"Polygon","coordinates":[[[-102.7473,21.7155],[-102.7439,21.7125],[-102.7468,21.7081],[-102.7445,21.6993],[-102.7396,21.6941],[-102.7469,21.675],[-102.7436,21.6632],[-102.7463,21.6614],[-102.744,21.6571],[-102.7472,21.6534],[-102.7458,21.6467],[-102.7419,21.6533],[-102.7324,21.6547],[-102.7273,21.6461],[-102.722,21.6438],[-102.7143,21.6536],[-102.7082,21.6534],[-102.6913,21.6276],[-102.6645,21.609],[-102.6518,21.6126],[-102.642,21.6078],[-102.6387,21.61],[-102.6398,21.604],[-102.6281,21.5852],[-102.6288,21.5807],[-102.6193,21.5782],[-102.616,21.5723],[-102.6085,21.5685],[-102.5982,21.5695],[-102.5946,21.5632],[-102.596,21.5585],[-102.5898,21.5673],[-102.5837,21.5659],[-102.5779,21.5707],[-102.5795,21.5802],[-102.5725,21.5806],[-102.5617,21.5742],[-102.5575,21.5659],[-102.5512,21.5759],[-102.5465,21.5755],[-102.5462,21.5707],[-102.5363,21.5782],[-102.5251,21.5794],[-102.5229,21.5833],[-102.5159,21.5843],[-102.5059,21.5958],[-102.4964,21.6],[-102.4934,21.6059],[-102.482,21.6091],[-102.4725,21.6202],[-102.4381,21.6342],[-102.4366,21.6396],[-102.4416,21.6422],[-102.4432,21.6497],[-102.4267,21.6596],[-102.4196,21.6694],[-102.4046,21.6656],[-102.4075,21.6595],[-102.3844,21.6519],[-102.3891,21.6426],[-102.3862,21.6239],[-102.4003,21.6148],[-102.4045,21.5969],[-102.4052,21.5919],[-102.3978,21.581],[-102.4002,21.5796],[-102.3989,21.5685],[-102.403,21.5661],[-102.4032,21.5607],[-102.3927,21.5645],[-102.3921,21.5707],[-102.3879,21.5696],[-102.3895,21.574],[-102.3869,21.5743],[-102.3854,21.5845],[-102.3822,21.5843],[-102.3816,21.5801],[-102.3737,21.581],[-102.3676,21.5676],[-102.3694,21.5421],[-102.3647,21.529],[-102.3685,21.5169],[-102.373,21.5171],[-102.379,21.5076],[-102.3817,21.5088],[-102.3998,21.4975],[-102.4083,21.478],[-102.4034,21.4663],[-102.4085,21.4631],[-102.4053,21.454],[-102.4263,21.4444],[-102.4371,21.435],[-102.4249,21.4294],[-102.4208,21.4171],[-102.4284,21.4153],[-102.4183,21.4115],[-102.4315,21.4007],[-102.4493,21.4053],[-102.4559,21.4033],[-102.4639,21.3831],[-102.459,21.3789],[-102.4682,21.3691],[-102.4676,21.3663],[-102.4706,21.3665],[-102.4817,21.3512],[-102.4912,21.3514],[-102.4946,21.3483],[-102.4865,21.3447],[-102.4875,21.3394],[-102.4822,21.3266],[-102.5005,21.3145],[-102.5045,21.3149],[-102.5177,21.3019],[-102.5239,21.2997],[-102.5291,21.3049],[-102.5305,21.2955],[-102.5419,21.3],[-102.5552,21.2922],[-102.5576,21.3029],[-102.5543,21.3064],[-102.5586,21.3108],[-102.5646,21.3085],[-102.5694,21.3007],[-102.5745,21.3025],[-102.5733,21.309],[-102.5795,21.3043],[-102.5863,21.3084],[-102.5985,21.3034],[-102.6102,21.3034],[-102.6135,21.29],[-102.6265,21.2793],[-102.6186,21.2712],[-102.6199,21.2591],[-102.624,21.2561],[-102.6338,21.2571],[-102.6356,21.2472],[-102.647,21.2476],[-102.6531,21.2514],[-102.6521,21.2563],[-102.6571,21.27],[-102.6544,21.277],[-102.6722,21.2849],[-102.6724,21.2958],[-102.6761,21.2955],[-102.6926,21.3139],[-102.7054,21.3192],[-102.6512,21.3636],[-102.6426,21.3672],[-102.6404,21.382],[-102.6428,21.3881],[-102.6381,21.3932],[-102.6468,21.3942],[-102.6493,21.4],[-102.6557,21.4024],[-102.6522,21.4075],[-102.6597,21.4109],[-102.6521,21.4122],[-102.6573,21.4222],[-102.6533,21.4216],[-102.6517,21.4319],[-102.6548,21.4322],[-102.6543,21.4356],[-102.6511,21.4369],[-102.6552,21.4392],[-102.6503,21.442],[-102.655,21.4466],[-102.6445,21.4498],[-102.6361,21.4629],[-102.6479,21.4625],[-102.6491,21.4742],[-102.6427,21.4761],[-102.6389,21.4813],[-102.6397,21.477],[-102.6367,21.4771],[-102.6343,21.4817],[-102.6381,21.4827],[-102.6322,21.4969],[-102.6248,21.5014],[-102.6422,21.5187],[-102.6312,21.5279],[-102.6307,21.534],[-102.642,21.5359],[-102.6596,21.5336],[-102.6652,21.5399],[-102.6893,21.5449],[-102.6922,21.5421],[-102.6964,21.543],[-102.6971,21.5515],[-102.6923,21.5631],[-102.6951,21.5729],[-102.7171,21.5713],[-102.7295,21.5931],[-102.7353,21.5911],[-102.7374,21.5868],[-102.7647,21.5961],[-102.7675,21.6084],[-102.7754,21.6216],[-102.7776,21.6389],[-102.7836,21.6467],[-102.7735,21.6548],[-102.7734,21.6583],[-102.7952,21.6635],[-102.8053,21.6713],[-102.798,21.6703],[-102.7955,21.6759],[-102.7918,21.677],[-102.7861,21.6749],[-102.7763,21.6836],[-102.7665,21.6869],[-102.7473,21.7155]]]}},{"type":"Feature","properties":{"cve_mun":"14092","nombre_municipio":"Teocuitatlán de Corona","cve_ent":"14","nombre_entidad":"Jalisco"},"geometry":{"type":"Polygon","coordinates":[[[-103.436,20.2076],[-103.4178,20.2069],[-103.4259,20.1974],[-103.4156,20.1889],[-103.4123,20.1805],[-103.402,20.1838],[-103.3931,20.1806],[-103.3906,20.1846],[-103.381,20.1793],[-103.3748,20.1697],[-103.3647,20.1675],[-103.3496,20.1682],[-103.3421,20.174],[-103.3028,20.17],[-103.2763,20.1585],[-103.2702,20.1578],[-103.269,20.1612],[-103.2457,20.1541],[-103.2404,20.1484],[-103.2345,20.15],[-103.2228,20.144],[-103.2256,20.138],[-103.2107,20.1387],[-103.2065,20.134],[-103.2047,20.136],[-103.1868,20.1285],[-103.194,20.1183],[-103.2153,20.1211],[-103.2211,20.1165],[-103.2205,20.1132],[-103.2403,20.1128],[-103.2431,20.1156],[-103.2446,20.1082],[-103.2381,20.1017],[-103.2389,20.0893],[-103.2297,20.081],[-103.2293,20.0765],[-103.2335,20.0759],[-103.2303,20.0722],[-103.2435,20.0727],[-103.2446,20.0703],[-103.2499,20.0749],[-103.2625,20.0758],[-103.2783,20.0647],[-103.2804,20.0605],[-103.2666,20.0494],[-103.2664,20.0366],[-103.2704,20.0343],[-103.2697,20.024],[-103.2745,20.0186],[-103.2711,20.0181],[-103.2709,20.0134],[-103.2857,20.0185],[-103.3003,20.0331],[-103.3027,20.0439],[-103.3246,20.0472],[-103.3308,20.0519],[-103.3333,20.0488],[-103.3231,20.0408],[-103.3245,20.0375],[-103.3176,20.0357],[-103.3213,20.0265],[-103.3258,20.0264],[-103.3213,20.026],[-103.3218,20.0225],[-103.3294,20.0158],[-103.3374,20.0137],[-103.3529,20.0154],[-103.3773,20.0316],[-103.383,20.0387],[-103.3808,20.0464],[-103.384,20.0611],[-103.3892,20.0562],[-103.393,20.0611],[-103.4057,20.0608],[-103.4147,20.0755],[-103.4223,20.0743],[-103.4327,20.0854],[-103.4544,20.0941],[-103.46,20.0882],[-103.4584,20.078],[-103.4681,20.0679],[-103.4726,20.0716],[-103.4751,20.0691],[-103.4751,20.0737],[-103.4804,20.0789],[-103.49,20.0805],[-103.4967,20.0867],[-103.4937,20.0947],[-103.4758,20.1037],[-103.4795,20.1075],[-103.478,20.1107],[-103.4689,20.1083],[-103.465,20.1122],[-103.4664,20.1191],[-103.4581,20.1218],[-103.4533,20.1282],[-103.4545,20.1306],[-103.4387,20.137],[-103.4387,20.1411],[-103.4497,20.148],[-103.4479,20.1518],[-103.4523,20.1601],[-103.4493,20.1644],[-103.4525,20.1756],[-103.4465,20.1816],[-103.4393,20.1828],[-103.4364,20.1914],[-103.4432,20.2075],[-103.436,20.2076]]]}},{"type":"Feature","properties":{"cve_mun":"14122","nombre_municipio":"Zapotitlán de Vadillo","cve_ent":"14","nombre_entidad":"Jalisco"},"geometry":{"type":"Polygon","coordinates":[[[-103.6606,19.5976],[-103.6622,19.5896],[-103.6574,19.5804],[-103.6595,19.5775],[-103.6537,19.5755],[-103.6579,19.5709],[-103.6427,19.5671],[-103.6386,19.5549],[-103.6401,19.5466],[-103.6365,19.5411],[-103.6509,19.5393],[-103.6534,19.5362],[-103.6454,19.5335],[-103.6402,19.5368],[-103.6376,19.5343],[-103.6423,19.531],[-103.6464,19.5136],[-103.6183,19.5125],[-103.6515,19.501],[-103.6649,19.5026],[-103.6828,19.4931],[-103.69,19.4924],[-103.6934,19.4866],[-103.6988,19.4848],[-103.7083,19.4699],[-103.7158,19.467],[-103.7183,19.4535],[-103.7353,19.4434],[-103.7507,19.4457],[-103.7744,19.4305],[-103.7927,19.4275],[-103.8198,19.409],[-103.8235,19.4272],[-103.828,19.4327],[-103.824,19.4376],[-103.8354,19.4401],[-103.8383,19.4455],[-103.8306,19.4611],[-103.8296,19.4796],[-103.8476,19.491],[-103.8477,19.5004],[-103.8548,19.5047],[-103.8586,19.5008],[-103.8567,19.4882],[-103.865,19.4898],[-103.8679,19.4976],[-103.8629,19.5015],[-103.8801,19.5057],[-103.8813,19.5158],[-103.8904,19.5279],[-103.8949,19.5413],[-103.8866,19.5419],[-103.8822,19.5373],[-103.8758,19.5426],[-103.8606,19.5438],[-103.8677,19.5467],[-103.8359,19.5637],[-103.7871,19.564],[-103.7542,19.5694],[-103.7621,19.5852],[-103.7587,19.5865],[-103.7593,19.5898],[-103.755,19.5868],[-103.7522,19.5924],[-103.7185,19.5867],[-103.7134,19.5909],[-103.7035,19.5895],[-103.6923,19.5946],[-103.6668,19.5927],[-103.6606,19.5976]]]}},{"type":"Feature","properties":{"cve_mun":"14121","nombre_municipio":"Zapotiltic","cve_ent":"14","nombre_entidad":"Jalisco"},"geometry":{"type":"Polygon","coordinates":[[[-103.3395,19.7542],[-103.3248,19.753],[-103.3184,19.7481],[-103.3352,19.7407],[-103.3472,19.7392],[-103.3566,19.7252],[-103.3544,19.7237],[-103.3555,19.7148],[-103.3475,19.7068],[-103.3525,19.7055],[-103.3525,19.7005],[-103.3556,19.6988],[-103.3548,19.6961],[-103.3513,19.6968],[-103.3518,19.6912],[-103.3409,19.687],[-103.3369,19.6744],[-103.3271,19.6776],[-103.3204,19.6726],[-103.3228,19.6643],[-103.3291,19.6635],[-103.3302,19.6539],[-103.3266,19.6522],[-103.3303,19.6432],[-103.3332,19.6459],[-103.334,19.6425],[-103.33,19.6398],[-103.323,19.645],[-103.3106,19.6378],[-103.3108,19.6333],[-103.307,19.6313],[-103.307,19.6191],[-103.3119,19.6166],[-103.3074,19.612],[-103.313,19.6091],[-103.313,19.6049],[-103.3002,19.6007],[-103.2881,19.6071],[-103.2707,19.5944],[-103.2706,19.5824],[-103.2615,19.5815],[-103.2541,19.576],[-103.247,19.5773],[-103.2457,19.5712],[-103.2506,19.5577],[-103.2478,19.5555],[-103.2597,19.5463],[-103.2566,19.5434],[-103.2498,19.5445],[-103.2386,19.5347],[-103.2241,19.5287],[-103.2205,19.5314],[-103.2166,19.5283],[-103.2196,19.5233],[-103.2151,19.5235],[-103.216,19.5198],[-103.2076,19.5161],[-103.2086,19.5117],[-103.2014,19.5092],[-103.1996,19.5029],[-103.2071,19.4959],[-103.2088,19.4818],[-103.219,19.483],[-103.2153,19.4868],[-103.2168,19.4892],[-103.2205,19.4889],[-103.2218,19.4842],[-103.2362,19.4889],[-103.2453,19.4963],[-103.2633,19.4952],[-103.2821,19.5005],[-103.2823,19.5161],[-103.2914,19.5298],[-103.2865,19.5361],[-103.2971,19.543],[-103.3038,19.5531],[-103.3085,19.5467],[-103.3171,19.5488],[-103.3187,19.5446],[-103.3251,19.5423],[-103.3289,19.5503],[-103.3263,19.5607],[-103.3204,19.5656],[-103.3241,19.5698],[-103.3136,19.5747],[-103.3143,19.5807],[-103.3053,19.5793],[-103.3104,19.5867],[-103.3079,19.5891],[-103.3105,19.5883],[-103.3195,19.5976],[-103.3316,19.5898],[-103.3384,19.5987],[-103.3543,19.5973],[-103.3634,19.6057],[-103.378,19.5928],[-103.429,19.6226],[-103.4439,19.6251],[-103.4633,19.623],[-103.4753,19.6559],[-103.4674,19.6582],[-103.4654,19.6662],[-103.46,19.6656],[-103.4507,19.6731],[-103.4425,19.6858],[-103.436,19.6854],[-103.4218,19.6988],[-103.412,19.7016],[-103.4094,19.6996],[-103.4092,19.7143],[-103.4008,19.7188],[-103.4064,19.7347],[-103.3987,19.7325],[-103.3944,19.7414],[-103.383,19.7337],[-103.37,19.7328],[-103.3612,19.7365],[-103.3561,19.75],[-103.3463,19.7547],[-103.3395,19.7542]]]}},{"type":"Feature","properties":{"cve_mun":"14120","nombre_municipio":"Zapopan","cve_ent":"14","nombre_entidad":"Jalisco"},"geometry":{"type":"Polygon","coordinates":[[[-103.5218,20.9981],[-103.5078,20.9825],[-103.478,20.9862],[-103.4646,20.9802],[-103.4596,20.9699],[-103.4524,20.9728],[-103.4347,20.9648],[-103.4325,20.949],[-103.4365,20.9479],[-103.4356,20.9427],[-103.4383,20.9399],[-103.4357,20.9358],[-103.4306,20.9346],[-103.4299,20.9377],[-103.4224,20.9404],[-103.4035,20.9589],[-103.3995,20.9511],[-103.3959,20.9542],[-103.3947,20.9444],[-103.3788,20.9537],[-103.3681,20.9291],[-103.3606,20.9245],[-103.3558,20.9137],[-103.3518,20.9121],[-103.3517,20.8925],[-103.342,20.8843],[-103.3303,20.8648],[-103.3326,20.8582],[-103.3254,20.8456],[-103.3332,20.8324],[-103.3255,20.8179],[-103.334,20.8026],[-103.3282,20.8019],[-103.3217,20.7927],[-103.3248,20.7881],[-103.3231,20.7828],[-103.3068,20.7792],[-103.3071,20.7654],[-103.3144,20.7565],[-103.3134,20.7507],[-103.3263,20.7449],[-103.3256,20.7375],[-103.33,20.7295],[-103.3411,20.7231],[-103.3442,20.7159],[-103.3902,20.7098],[-103.4065,20.7117],[-103.3995,20.6991],[-103.4051,20.6926],[-103.3982,20.6907],[-103.4008,20.6817],[-103.4037,20.6816],[-103.4027,20.6749],[-103.4,20.6744],[-103.4026,20.6657],[-103.3973,20.6594],[-103.3989,20.6571],[-103.3935,20.6539],[-103.3993,20.6505],[-103.3999,20.6429],[-103.3951,20.6422],[-103.404,20.621],[-103.4004,20.6206],[-103.4085,20.6208],[-103.4172,20.6161],[-103.4234,20.62],[-103.4259,20.6163],[-103.4191,20.6054],[-103.4182,20.5886],[-103.4235,20.5847],[-103.4485,20.5943],[-103.4483,20.5967],[-103.4761,20.598],[-103.5352,20.5926],[-103.5328,20.601],[-103.5357,20.6045],[-103.5625,20.6157],[-103.5674,20.6144],[-103.5733,20.6066],[-103.5972,20.6037],[-103.6005,20.6114],[-103.5969,20.6152],[-103.6019,20.6353],[-103.6169,20.639],[-103.6165,20.6417],[-103.6088,20.6413],[-103.6069,20.6445],[-103.6105,20.6507],[-103.621,20.6514],[-103.6246,20.6564],[-103.6157,20.6619],[-103.6118,20.6743],[-103.615,20.6804],[-103.6124,20.6899],[-103.6152,20.6928],[-103.6274,20.6867],[-103.6514,20.6874],[-103.6595,20.7037],[-103.6577,20.7122],[-103.6348,20.7182],[-103.6363,20.7001],[-103.629,20.6938],[-103.6217,20.6922],[-103.6172,20.695],[-103.6199,20.7053],[-103.6171,20.7097],[-103.6207,20.7125],[-103.6182,20.7152],[-103.623,20.7177],[-103.623,20.7219],[-103.618,20.7281],[-103.6109,20.7296],[-103.6111,20.7347],[-103.6048,20.7396],[-103.604,20.7468],[-103.6095,20.7519],[-103.6105,20.7667],[-103.6172,20.7697],[-103.6232,20.7686],[-103.6311,20.7542],[-103.639,20.7535],[-103.6393,20.7508],[-103.6518,20.755],[-103.6485,20.7651],[-103.6509,20.767],[-103.6557,20.7678],[-103.6639,20.7603],[-103.6649,20.7685],[-103.6602,20.7737],[-103.6622,20.7778],[-103.6591,20.7838],[-103.661,20.7938],[-103.64,20.8028],[-103.6453,20.8062],[-103.6466,20.8181],[-103.6544,20.8368],[-103.6504,20.8385],[-103.6451,20.8473],[-103.6459,20.8537],[-103.6397,20.8589],[-103.6405,20.8675],[-103.6317,20.8705],[-103.6377,20.88],[-103.6333,20.8858],[-103.6425,20.8879],[-103.6553,20.9041],[-103.6517,20.9163],[-103.6337,20.9292],[-103.6156,20.9619],[-103.6017,20.9647],[-103.5822,20.957],[-103.574,20.9676],[-103.5612,20.9636],[-103.5492,20.9701],[-103.5467,20.9807],[-103.5274,20.9881],[-103.5255,20.996],[-103.5218,20.9981]]]}},{"type":"Feature","properties":{"cve_mun":"14119","nombre_municipio":"Zacoalco de Torres","cve_ent":"14","nombre_entidad":"Jalisco"},"geometry":{"type":"Polygon","coordinates":[[[-103.5403,20.3511],[-103.5165,20.3204],[-103.5114,20.3055],[-103.4989,20.2963],[-103.4998,20.2929],[-103.4845,20.2915],[-103.4783,20.2834],[-103.4801,20.2778],[-103.4604,20.269],[-103.4619,20.2571],[-103.4696,20.2466],[-103.4676,20.2389],[-103.4588,20.2242],[-103.4448,20.2144],[-103.4364,20.1914],[-103.4395,20.1826],[-103.4465,20.1816],[-103.4525,20.1756],[-103.4493,20.1644],[-103.4523,20.1601],[-103.4479,20.1518],[-103.4497,20.148],[-103.4387,20.1411],[-103.4387,20.137],[-103.4545,20.1306],[-103.4533,20.1282],[-103.4581,20.1218],[-103.4649,20.119],[-103.519,20.1333],[-103.5231,20.1378],[-103.5157,20.1442],[-103.5446,20.1446],[-103.5539,20.1486],[-103.5556,20.1386],[-103.5582,20.1373],[-103.5605,20.1437],[-103.5676,20.1488],[-103.5646,20.1407],[-103.5726,20.133],[-103.5792,20.1354],[-103.5816,20.1317],[-103.5999,20.1402],[-103.6053,20.1584],[-103.6242,20.1484],[-103.6379,20.1575],[-103.6422,20.1672],[-103.6565,20.171],[-103.6584,20.1797],[-103.6561,20.1866],[-103.6639,20.1981],[-103.6605,20.2292],[-103.6648,20.2394],[-103.6795,20.2407],[-103.6855,20.2372],[-103.6841,20.2327],[-103.6994,20.2316],[-103.7066,20.2245],[-103.7205,20.237],[-103.7246,20.2383],[-103.7281,20.234],[-103.7271,20.2417],[-103.7312,20.2433],[-103.7179,20.2437],[-103.7084,20.2506],[-103.7065,20.2567],[-103.7148,20.2718],[-103.709,20.2779],[-103.6986,20.2753],[-103.6979,20.2857],[-103.6766,20.2914],[-103.6783,20.2975],[-103.6761,20.2997],[-103.6823,20.3146],[-103.6653,20.3122],[-103.6638,20.3208],[-103.6593,20.3208],[-103.6631,20.3326],[-103.6251,20.3188],[-103.613,20.3436],[-103.613,20.3343],[-103.5938,20.3376],[-103.5907,20.3323],[-103.5915,20.3493],[-103.5802,20.3497],[-103.5672,20.3407],[-103.5403,20.3511]]]}},{"type":"Feature","properties":{"cve_mun":"14118","nombre_municipio":"Yahualica de González Gallo","cve_ent":"14","nombre_entidad":"Jalisco"},"geometry":{"type":"Polygon","coordinates":[[[-103.0481,21.2625],[-103.0434,21.2604],[-103.0477,21.2556],[-103.0459,21.2494],[-103.0401,21.248],[-103.0298,21.2511],[-103.0265,21.2421],[-103.017,21.241],[-103.0116,21.2456],[-103.0107,21.2558],[-102.9953,21.2591],[-102.9895,21.2567],[-102.9868,21.2494],[-102.9793,21.2465],[-102.979,21.2397],[-102.968,21.2417],[-102.9591,21.2336],[-102.9519,21.2316],[-102.9519,21.2341],[-102.9463,21.2344],[-102.9496,21.2268],[-102.9478,21.2146],[-102.9107,21.2052],[-102.9098,21.2206],[-102.9022,21.2283],[-102.9018,21.2364],[-102.898,21.2374],[-102.8925,21.2333],[-102.8918,21.2376],[-102.8864,21.2354],[-102.8837,21.2418],[-102.8766,21.2366],[-102.8714,21.2473],[-102.8729,21.2552],[-102.8617,21.2527],[-102.8605,21.2415],[-102.8533,21.2346],[-102.8585,21.2343],[-102.8581,21.2314],[-102.8484,21.2291],[-102.8462,21.2318],[-102.8506,21.2257],[-102.8491,21.2226],[-102.8397,21.227],[-102.8331,21.2219],[-102.8307,21.2091],[-102.825,21.2071],[-102.8249,21.2014],[-102.818,21.1976],[-102.8211,21.1952],[-102.8206,21.188],[-102.8143,21.1818],[-102.8122,21.1715],[-102.8094,21.1741],[-102.8054,21.1695],[-102.821,21.1545],[-102.8125,21.1397],[-102.7995,21.1357],[-102.8012,21.1291],[-102.8228,21.1019],[-102.8182,21.0969],[-102.8209,21.0782],[-102.814,21.0655],[-102.8248,21.0597],[-102.8175,21.0528],[-102.8138,21.0434],[-102.8194,21.0346],[-102.7975,21.0272],[-102.7902,21.0324],[-102.7957,21.019],[-102.8003,21.0191],[-102.8095,21.0099],[-102.8357,20.9997],[-102.8378,20.9963],[-102.8347,20.9876],[-102.845,20.9835],[-102.8476,20.9905],[-102.8554,20.9943],[-102.8683,21.0136],[-102.8916,21.007],[-102.8957,21.0021],[-102.9081,21.0069],[-102.9098,21.0103],[-102.9049,21.023],[-102.9188,21.024],[-102.9245,21.0324],[-102.9303,21.0316],[-102.9297,21.0285],[-102.9442,21.039],[-102.9536,21.042],[-102.955,21.0494],[-102.964,21.0576],[-102.9651,21.0702],[-102.961,21.0789],[-102.9641,21.0856],[-102.9744,21.0869],[-102.9779,21.0915],[-102.9821,21.0892],[-102.9905,21.0915],[-103.0015,21.1036],[-103.0133,21.1081],[-103.018,21.1033],[-103.0385,21.0962],[-103.0462,21.105],[-103.0583,21.0985],[-103.0652,21.1043],[-103.0663,21.0997],[-103.0758,21.0969],[-103.077,21.102],[-103.0737,21.11],[-103.0846,21.1105],[-103.085,21.1147],[-103.0917,21.1158],[-103.0986,21.1312],[-103.0781,21.14],[-103.0714,21.1529],[-103.0836,21.1821],[-103.0843,21.1941],[-103.0692,21.2099],[-103.0771,21.2122],[-103.0775,21.2154],[-103.0681,21.2351],[-103.057,21.2468],[-103.0655,21.2558],[-103.0481,21.2625]]]}},{"type":"Feature","properties":{"cve_mun":"14117","nombre_municipio":"Cañadas de Obregón","cve_ent":"14","nombre_entidad":"Jalisco"},"geometry":{"type":"Polygon","coordinates":[[[-102.6106,21.2656],[-102.5961,21.2547],[-102.5927,21.2596],[-102.5843,21.2571],[-102.5732,21.2587],[-102.573,21.2509],[-102.5811,21.2469],[-102.5821,21.2428],[-102.5752,21.2355],[-102.5794,21.223],[-102.5828,21.2199],[-102.5894,21.2207],[-102.5929,21.216],[-102.593,21.2233],[-102.5986,21.2178],[-102.6025,21.22],[-102.6082,21.2098],[-102.6171,21.2039],[-102.6216,21.2057],[-102.625,21.2031],[-102.6187,21.2007],[-102.622,21.1973],[-102.6177,21.1948],[-102.618,21.189],[-102.6143,21.1882],[-102.6177,21.1821],[-102.6121,21.1803],[-102.6143,21.1761],[-102.6047,21.1721],[-102.6093,21.162],[-102.6088,21.1527],[-102.5965,21.1492],[-102.5846,21.1604],[-102.577,21.159],[-102.5792,21.155],[-102.573,21.1525],[-102.5702,21.1469],[-102.5773,21.1454],[-102.575,21.1429],[-102.5781,21.1381],[-102.5833,21.1346],[-102.5982,21.1326],[-102.6037,21.1365],[-102.6085,21.1354],[-102.6128,21.1423],[-102.6382,21.1412],[-102.6287,21.1328],[-102.6304,21.1231],[-102.6372,21.1262],[-102.6356,21.1171],[-102.6412,21.1202],[-102.6404,21.1282],[-102.6456,21.1283],[-102.6457,21.1333],[-102.6498,21.1362],[-102.65,21.1323],[-102.6561,21.1295],[-102.6672,21.1159],[-102.6736,21.1144],[-102.6789,21.1198],[-102.6819,21.1185],[-102.6893,21.0923],[-102.692,21.0946],[-102.7026,21.0926],[-102.7066,21.1014],[-102.7022,21.103],[-102.7068,21.1043],[-102.7228,21.0833],[-102.7294,21.0817],[-102.7333,21.0859],[-102.7393,21.0855],[-102.7396,21.0891],[-102.7457,21.0921],[-102.7362,21.1021],[-102.7454,21.0982],[-102.7537,21.0997],[-102.756,21.1039],[-102.7634,21.1],[-102.7773,21.0701],[-102.7801,21.0703],[-102.7816,21.0794],[-102.7919,21.07],[-102.8007,21.0727],[-102.8166,21.0695],[-102.821,21.0788],[-102.8182,21.0969],[-102.8228,21.1019],[-102.8012,21.1291],[-102.7995,21.1357],[-102.8128,21.14],[-102.8212,21.1516],[-102.8187,21.1577],[-102.8054,21.1695],[-102.7963,21.1727],[-102.7918,21.1698],[-102.7864,21.1731],[-102.7841,21.1852],[-102.7699,21.1846],[-102.7688,21.1894],[-102.7764,21.1927],[-102.7747,21.1974],[-102.7606,21.1992],[-102.7503,21.1879],[-102.7471,21.1908],[-102.746,21.2016],[-102.7337,21.1921],[-102.7181,21.1988],[-102.717,21.2067],[-102.7267,21.2145],[-102.7228,21.2244],[-102.7183,21.2164],[-102.7114,21.2162],[-102.6955,21.2074],[-102.6936,21.2007],[-102.7017,21.1934],[-102.6936,21.1895],[-102.6906,21.1954],[-102.6836,21.1989],[-102.6652,21.2179],[-102.6553,21.2189],[-102.6501,21.2129],[-102.6453,21.2129],[-102.6509,21.2226],[-102.6508,21.2304],[-102.6569,21.2349],[-102.6554,21.2507],[-102.6356,21.2472],[-102.6333,21.2575],[-102.6229,21.2563],[-102.6199,21.2652],[-102.6106,21.2656]]]}},{"type":"Feature","properties":{"cve_mun":"14116","nombre_municipio":"Villa Hidalgo","cve_ent":"14","nombre_entidad":"Jalisco"},"geometry":{"type":"Polygon","coordinates":[[[-102.6323,21.7669],[-102.6181,21.7557],[-102.6063,21.7511],[-102.6012,21.7558],[-102.5968,21.755],[-102.5963,21.744],[-102.5525,21.7427],[-102.541,21.7356],[-102.5425,21.7326],[-102.4765,21.7021],[-102.4758,21.6949],[-102.4569,21.6981],[-102.4521,21.6869],[-102.4611,21.6793],[-102.4525,21.6784],[-102.4539,21.681],[-102.4512,21.682],[-102.4415,21.6734],[-102.4196,21.6694],[-102.4267,21.6596],[-102.4432,21.6497],[-102.4416,21.6422],[-102.4366,21.6396],[-102.4381,21.6342],[-102.4725,21.6202],[-102.482,21.6091],[-102.4934,21.6059],[-102.4964,21.6],[-102.5059,21.5958],[-102.5159,21.5843],[-102.5229,21.5833],[-102.5251,21.5794],[-102.5363,21.5782],[-102.5464,21.5706],[-102.5465,21.5755],[-102.5512,21.5759],[-102.5575,21.5659],[-102.5617,21.5742],[-102.5725,21.5806],[-102.5795,21.5802],[-102.5779,21.5707],[-102.5837,21.5659],[-102.5898,21.5673],[-102.596,21.5585],[-102.5946,21.5632],[-102.5982,21.5695],[-102.6085,21.5685],[-102.616,21.5723],[-102.6193,21.5782],[-102.6288,21.5807],[-102.6281,21.5852],[-102.6398,21.604],[-102.6387,21.61],[-102.642,21.6078],[-102.6518,21.6126],[-102.6645,21.609],[-102.6913,21.6276],[-102.7082,21.6534],[-102.7143,21.6536],[-102.722,21.6438],[-102.7273,21.6461],[-102.7324,21.6547],[-102.7419,21.6533],[-102.7458,21.6467],[-102.7472,21.6534],[-102.744,21.6571],[-102.7463,21.6614],[-102.7436,21.6632],[-102.7469,21.675],[-102.7396,21.6941],[-102.7466,21.7061],[-102.7439,21.7125],[-102.7477,21.716],[-102.7453,21.7201],[-102.7416,21.721],[-102.7373,21.7156],[-102.7228,21.7191],[-102.7156,21.7341],[-102.714,21.7301],[-102.6963,21.7288],[-102.6973,21.7415],[-102.6907,21.7524],[-102.6788,21.7532],[-102.6689,21.7641],[-102.6596,21.7624],[-102.6509,21.7654],[-102.6435,21.7619],[-102.6323,21.7669]]]}},{"type":"Feature","properties":{"cve_mun":"14093","nombre_municipio":"Tepatitlán de Morelos","cve_ent":"14","nombre_entidad":"Jalisco"},"geometry":{"type":"Polygon","coordinates":[[[-102.7639,21.0425],[-102.7608,21.0403],[-102.7628,21.036],[-102.7582,21.0316],[-102.7434,21.0362],[-102.7378,21.0315],[-102.7314,21.0395],[-102.725,21.0337],[-102.7305,21.0242],[-102.7228,21.0086],[-102.7262,21.0029],[-102.6957,21.006],[-102.6858,21.0035],[-102.6887,20.9989],[-102.6865,20.9885],[-102.6902,20.9819],[-102.6868,20.9815],[-102.6699,20.9623],[-102.6609,20.9698],[-102.659,20.9767],[-102.6524,20.9769],[-102.6521,20.9818],[-102.6484,20.9816],[-102.6437,20.9733],[-102.6568,20.9602],[-102.6496,20.9584],[-102.6487,20.9547],[-102.6436,20.9525],[-102.6443,20.9476],[-102.616,20.9424],[-102.606,20.9447],[-102.5981,20.9506],[-102.5831,20.951],[-102.5795,20.9542],[-102.5819,20.9587],[-102.5733,20.9696],[-102.5647,20.9712],[-102.5678,20.9606],[-102.5627,20.9557],[-102.5561,20.9403],[-102.547,20.9385],[-102.5415,20.9299],[-102.5349,20.9313],[-102.5271,20.9273],[-102.5234,20.9197],[-102.5089,20.9203],[-102.4974,20.9138],[-102.4991,20.9124],[-102.4933,20.908],[-102.4952,20.8995],[-102.4916,20.8935],[-102.4937,20.8766],[-102.4888,20.8675],[-102.4828,20.8654],[-102.4921,20.8582],[-102.5049,20.8598],[-102.5076,20.8436],[-102.5334,20.8348],[-102.5314,20.8252],[-102.5532,20.81],[-102.5605,20.8122],[-102.5634,20.8085],[-102.5686,20.809],[-102.5694,20.8049],[-102.5749,20.8031],[-102.575,20.7935],[-102.5815,20.7945],[-102.5822,20.7883],[-102.5857,20.7888],[-102.5863,20.7838],[-102.5899,20.7826],[-102.59,20.7601],[-102.5803,20.731],[-102.5588,20.7193],[-102.5435,20.7033],[-102.5486,20.6958],[-102.5501,20.6859],[-102.5449,20.6865],[-102.5497,20.6758],[-102.5446,20.6644],[-102.5561,20.6582],[-102.5552,20.6499],[-102.559,20.6372],[-102.5678,20.6375],[-102.571,20.658],[-102.5794,20.6563],[-102.5793,20.6529],[-102.5882,20.6514],[-102.6018,20.6418],[-102.6011,20.6286],[-102.6082,20.6279],[-102.6089,20.6221],[-102.6124,20.6228],[-102.6137,20.6191],[-102.6176,20.6214],[-102.6252,20.6188],[-102.6323,20.6103],[-102.6392,20.6126],[-102.6538,20.6064],[-102.679,20.6212],[-102.6846,20.6204],[-102.6913,20.6283],[-102.6991,20.6255],[-102.6985,20.6197],[-102.7027,20.6217],[-102.7034,20.6177],[-102.7286,20.6128],[-102.7301,20.6206],[-102.7212,20.6251],[-102.7093,20.6243],[-102.7063,20.6275],[-102.7131,20.6375],[-102.7079,20.6494],[-102.7184,20.6494],[-102.736,20.6359],[-102.7326,20.6279],[-102.7433,20.6122],[-102.7457,20.6146],[-102.7582,20.6135],[-102.7601,20.6108],[-102.7607,20.6135],[-102.7808,20.6235],[-102.796,20.621],[-102.8148,20.6362],[-102.8204,20.6339],[-102.8196,20.6144],[-102.8267,20.6066],[-102.8363,20.6032],[-102.8553,20.6033],[-102.8925,20.592],[-102.8997,20.5923],[-102.886,20.6101],[-102.9105,20.6132],[-102.9166,20.6161],[-102.9173,20.6198],[-102.9206,20.6193],[-102.9152,20.645],[-102.9026,20.6443],[-102.9012,20.6472],[-102.8934,20.6445],[-102.8944,20.6546],[-102.9069,20.662],[-102.9024,20.6721],[-102.8965,20.675],[-102.8972,20.6805],[-102.9088,20.6927],[-102.8855,20.6935],[-102.8796,20.7],[-102.8671,20.6988],[-102.8557,20.7031],[-102.8399,20.7012],[-102.8342,20.7028],[-102.8331,20.7064],[-102.8236,20.7037],[-102.8166,20.7061],[-102.8142,20.7195],[-102.822,20.7203],[-102.8256,20.7241],[-102.8204,20.7286],[-102.8224,20.7366],[-102.8189,20.7501],[-102.8128,20.75],[-102.8118,20.7567],[-102.8164,20.7657],[-102.8122,20.7704],[-102.814,20.7782],[-102.8045,20.78],[-102.816,20.7894],[-102.8047,20.7932],[-102.8064,20.8035],[-102.8119,20.8105],[-102.8097,20.8137],[-102.8131,20.8139],[-102.8147,20.8192],[-102.8092,20.8302],[-102.8124,20.8335],[-102.8147,20.8298],[-102.822,20.8304],[-102.823,20.8276],[-102.8275,20.8302],[-102.8299,20.8339],[-102.8257,20.8465],[-102.8425,20.8521],[-102.8425,20.8579],[-102.8518,20.8697],[-102.8617,20.8744],[-102.8661,20.8715],[-102.872,20.8738],[-102.8732,20.8694],[-102.8972,20.8519],[-102.9132,20.8507],[-102.9203,20.8533],[-102.9224,20.8606],[-102.9362,20.866],[-102.9427,20.8721],[-102.9407,20.886],[-102.933,20.8926],[-102.9432,20.8973],[-102.9437,20.9048],[-102.9276,20.9331],[-102.9126,20.9369],[-102.9041,20.9538],[-102.907,20.961],[-102.9019,20.9651],[-102.9017,20.9715],[-102.9059,20.9754],[-102.897,20.9786],[-102.8933,20.9869],[-102.8867,20.9894],[-102.8871,20.9942],[-102.8782,21.001],[-102.8727,21.0133],[-102.8691,21.014],[-102.8637,21.0087],[-102.8554,20.9943],[-102.8472,20.9899],[-102.8465,20.984],[-102.8411,20.9841],[-102.8347,20.9876],[-102.8378,20.9963],[-102.8357,20.9997],[-102.8051,21.0122],[-102.8003,21.0191],[-102.7955,21.0192],[-102.7902,21.0316],[-102.78,21.026],[-102.7733,21.0302],[-102.7712,21.0361],[-102.7669,21.0355],[-102.7639,21.0425]]]}},{"type":"Feature","properties":{"cve_mun":"14098","nombre_municipio":"San Pedro Tlaquepaque","cve_ent":"14","nombre_entidad":"Jalisco"},"geometry":{"type":"Polygon","coordinates":[[[-103.3156,20.6465],[-103.2822,20.6412],[-103.2867,20.6263],[-103.2814,20.6241],[-103.2838,20.6143],[-103.2573,20.6118],[-103.2561,20.6024],[-103.2601,20.5876],[-103.2569,20.5845],[-103.2563,20.5872],[-103.2404,20.5832],[-103.2396,20.573],[-103.2455,20.571],[-103.2538,20.5786],[-103.2543,20.5649],[-103.2677,20.5668],[-103.2668,20.5697],[-103.2832,20.5704],[-103.2842,20.5797],[-103.2866,20.5733],[-103.29,20.5744],[-103.2885,20.5799],[-103.3041,20.581],[-103.306,20.5768],[-103.3122,20.5747],[-103.3189,20.5852],[-103.3316,20.5783],[-103.3317,20.5538],[-103.3609,20.5556],[-103.3633,20.5629],[-103.358,20.5719],[-103.3632,20.5726],[-103.3923,20.5629],[-103.3988,20.5513],[-103.4321,20.5588],[-103.4345,20.5507],[-103.431,20.5493],[-103.4328,20.5435],[-103.4357,20.5438],[-103.432,20.5413],[-103.4356,20.5385],[-103.446,20.5404],[-103.4447,20.5451],[-103.4491,20.5462],[-103.4498,20.5413],[-103.4547,20.5439],[-103.4576,20.5505],[-103.4301,20.5793],[-103.4309,20.5881],[-103.4235,20.5847],[-103.4182,20.5886],[-103.4191,20.6054],[-103.4259,20.6161],[-103.4234,20.62],[-103.4172,20.6161],[-103.4085,20.6208],[-103.4019,20.6194],[-103.4005,20.6213],[-103.404,20.621],[-103.4009,20.6334],[-103.3967,20.6366],[-103.3991,20.6262],[-103.3899,20.6208],[-103.3962,20.6131],[-103.3894,20.613],[-103.3874,20.6037],[-103.3841,20.6113],[-103.3688,20.6106],[-103.3658,20.6154],[-103.3523,20.6153],[-103.3465,20.6084],[-103.3403,20.6093],[-103.3398,20.6147],[-103.3359,20.613],[-103.3301,20.6189],[-103.3328,20.6222],[-103.3291,20.628],[-103.3247,20.6263],[-103.3209,20.6308],[-103.3179,20.6425],[-103.3207,20.6463],[-103.3156,20.6465]]]}},{"type":"Feature","properties":{"cve_mun":"14099","nombre_municipio":"Tolimán","cve_ent":"14","nombre_entidad":"Jalisco"},"geometry":{"type":"Polygon","coordinates":[[[-103.918,19.6581],[-103.8884,19.6557],[-103.8739,19.658],[-103.8735,19.6521],[-103.8633,19.6575],[-103.8586,19.6523],[-103.8484,19.6541],[-103.8475,19.6422],[-103.8307,19.646],[-103.827,19.6406],[-103.8292,19.6211],[-103.8243,19.6208],[-103.829,19.6169],[-103.8205,19.6167],[-103.8127,19.6207],[-103.8177,19.6146],[-103.8167,19.6099],[-103.8087,19.6109],[-103.7969,19.619],[-103.7864,19.618],[-103.7706,19.6254],[-103.7617,19.6219],[-103.7479,19.6101],[-103.7051,19.6025],[-103.7085,19.6011],[-103.6987,19.5946],[-103.6996,19.5905],[-103.7134,19.5909],[-103.7185,19.5867],[-103.7522,19.5924],[-103.755,19.5868],[-103.7593,19.5898],[-103.7587,19.5865],[-103.7621,19.5852],[-103.7542,19.5694],[-103.7871,19.564],[-103.8359,19.5637],[-103.8677,19.5467],[-103.8606,19.5438],[-103.8758,19.5426],[-103.8822,19.5373],[-103.8866,19.5419],[-103.8949,19.5413],[-103.8904,19.5279],[-103.8813,19.5158],[-103.8801,19.5057],[-103.8629,19.5015],[-103.8679,19.4976],[-103.865,19.4898],[-103.8567,19.4882],[-103.8586,19.5008],[-103.8548,19.5047],[-103.8477,19.5004],[-103.8476,19.491],[-103.8296,19.4796],[-103.8306,19.4611],[-103.8383,19.4455],[-103.8345,19.4398],[-103.8527,19.4313],[-103.8583,19.4321],[-103.8638,19.4474],[-103.8794,19.4445],[-103.8893,19.4636],[-103.9088,19.4536],[-103.898,19.4386],[-103.8995,19.4345],[-103.9648,19.4542],[-103.9713,19.4626],[-103.974,19.4746],[-103.9871,19.4743],[-103.9882,19.4712],[-103.9977,19.4716],[-104.0,19.4688],[-104.0391,19.4847],[-104.0518,19.4976],[-104.0617,19.4977],[-104.0715,19.4835],[-104.0777,19.4935],[-104.0746,19.5067],[-104.0774,19.5228],[-104.0913,19.5292],[-104.082,19.5417],[-104.095,19.5468],[-104.1056,19.5605],[-104.105,19.5842],[-104.0977,19.5862],[-104.0826,19.6008],[-104.0746,19.6004],[-104.0665,19.6119],[-104.0395,19.6017],[-104.0362,19.5972],[-104.0188,19.6007],[-104.0194,19.5935],[-104.0139,19.5844],[-103.9994,19.595],[-103.9665,19.602],[-103.964,19.6113],[-103.9723,19.6128],[-103.9736,19.6158],[-103.9702,19.6178],[-103.9695,19.6248],[-103.9505,19.6389],[-103.9475,19.6362],[-103.9393,19.6398],[-103.9345,19.6376],[-103.9276,19.6419],[-103.9282,19.6469],[-103.9384,19.65],[-103.9407,19.6558],[-103.918,19.6581]]]}},{"type":"Feature","properties":{"cve_mun":"14100","nombre_municipio":"Tomatlán","cve_ent":"14","nombre_entidad":"Jalisco"},"geometry":{"type":"Polygon","coordinates":[[[-105.451,20.2327],[-105.4464,20.2294],[-105.4468,20.2258],[-105.4388,20.2264],[-105.4185,20.2166],[-105.3996,20.2232],[-105.3945,20.2219],[-105.3937,20.2128],[-105.3773,20.2069],[-105.3787,20.2017],[-105.3739,20.1966],[-105.3763,20.1871],[-105.3704,20.1889],[-105.3731,20.1846],[-105.3659,20.1819],[-105.3686,20.1759],[-105.354,20.168],[-105.3204,20.1816],[-105.315,20.1801],[-105.3079,20.1832],[-105.2987,20.1783],[-105.2889,20.1785],[-105.2845,20.1863],[-105.2773,20.186],[-105.2656,20.1914],[-105.2661,20.185],[-105.259,20.1798],[-105.2596,20.165],[-105.2508,20.1622],[-105.2532,20.1532],[-105.2409,20.1659],[-105.2231,20.1709],[-105.212,20.1686],[-105.195,20.1706],[-105.187,20.1643],[-105.183,20.1716],[-105.172,20.1771],[-105.1654,20.176],[-105.1576,20.1819],[-105.1531,20.1909],[-105.1478,20.1886],[-105.1427,20.1907],[-105.1374,20.1835],[-105.1352,20.1871],[-105.1317,20.186],[-105.1303,20.1908],[-105.1191,20.19],[-105.1059,20.2002],[-105.1045,20.1949],[-105.0997,20.1957],[-105.0928,20.1891],[-105.097,20.185],[-105.0932,20.1781],[-105.0967,20.1761],[-105.0953,20.1723],[-105.0814,20.1678],[-105.0733,20.1718],[-105.0644,20.157],[-105.0538,20.1557],[-105.048,20.1458],[-105.0332,20.1366],[-105.0264,20.1234],[-105.0074,20.125],[-104.9801,20.1094],[-104.9852,20.1004],[-104.9822,20.0983],[-104.9788,20.0744],[-104.9644,20.0749],[-104.9614,20.0648],[-104.95,20.0596],[-104.9437,20.0524],[-104.9243,20.0566],[-104.915,20.0547],[-104.9104,20.0609],[-104.9036,20.0531],[-104.8958,20.0514],[-104.893,20.0398],[-104.8786,20.0461],[-104.8722,20.0456],[-104.8564,20.0579],[-104.8477,20.0609],[-104.8404,20.0555],[-104.8348,20.0597],[-104.8194,20.0587],[-104.8174,20.0614],[-104.8139,20.0566],[-104.8048,20.0621],[-104.7961,20.0616],[-104.7928,20.0663],[-104.7873,20.0639],[-104.7766,20.0664],[-104.7701,20.0722],[-104.7724,20.0757],[-104.7639,20.0972],[-104.7718,20.1099],[-104.7691,20.1224],[-104.7643,20.1199],[-104.7589,20.1215],[-104.7515,20.1371],[-104.728,20.1495],[-104.7228,20.1472],[-104.7187,20.1503],[-104.718,20.1466],[-104.7112,20.1505],[-104.7062,20.1448],[-104.706,20.1507],[-104.7042,20.1443],[-104.6988,20.1424],[-104.6901,20.1491],[-104.6886,20.1448],[-104.6837,20.1507],[-104.6794,20.1442],[-104.68,20.1471],[-104.6757,20.1475],[-104.6792,20.1544],[-104.6765,20.1579],[-104.6701,20.1505],[-104.6643,20.1487],[-104.6662,20.1387],[-104.6632,20.1354],[-104.6688,20.1311],[-104.6712,20.1236],[-104.6598,20.1184],[-104.663,20.1151],[-104.6604,20.1117],[-104.6533,20.111],[-104.6541,20.108],[-104.6416,20.1068],[-104.6366,20.0971],[-104.6369,20.0945],[-104.6421,20.0935],[-104.6473,20.0835],[-104.6612,20.0785],[-104.6518,20.0731],[-104.6386,20.0736],[-104.6235,20.0655],[-104.6203,20.0561],[-104.6244,20.0516],[-104.6211,20.0434],[-104.6265,20.0367],[-104.6388,20.0385],[-104.6449,20.023],[-104.6765,20.0348],[-104.6928,20.0321],[-104.6931,20.0276],[-104.699,20.0242],[-104.7035,20.0164],[-104.7067,20.02],[-104.716,20.0157],[-104.7173,20.0082],[-104.7141,20.0039],[-104.7177,19.9988],[-104.735,19.9995],[-104.7436,19.9923],[-104.7531,19.9994],[-104.7702,19.9859],[-104.7771,19.9776],[-104.7854,19.9532],[-104.7926,19.9582],[-104.7933,19.9552],[-104.8175,19.9439],[-104.8287,19.9453],[-104.8393,19.9385],[-104.8493,19.9406],[-104.8504,19.9267],[-104.8558,19.9212],[-104.8498,19.9177],[-104.8586,19.8983],[-104.8662,19.8958],[-104.8815,19.9073],[-104.904,19.9118],[-104.9039,19.9169],[-104.9083,19.9175],[-104.9028,19.9278],[-104.9113,19.9324],[-104.922,19.9261],[-104.9201,19.9166],[-104.9394,19.9149],[-104.945,19.9095],[-104.9448,19.8853],[-104.9488,19.8832],[-104.9641,19.8855],[-104.9651,19.8919],[-104.9717,19.8843],[-104.9732,19.89],[-104.9825,19.9001],[-104.9891,19.8917],[-104.99,19.8846],[-104.9994,19.8797],[-104.989,19.8671],[-104.9837,19.8675],[-104.9795,19.8499],[-104.9912,19.8425],[-104.9913,19.832],[-105.0047,19.8252],[-104.9994,19.8168],[-105.0056,19.8013],[-105.0099,19.7982],[-105.0087,19.7919],[-105.0124,19.7881],[-105.018,19.7902],[-105.0249,19.7856],[-105.0254,19.7637],[-105.0338,19.7585],[-105.0438,19.7577],[-105.047,19.7506],[-105.053,19.7467],[-105.0596,19.7475],[-105.0679,19.7376],[-105.0803,19.7324],[-105.0867,19.7354],[-105.1042,19.7196],[-105.1142,19.7187],[-105.1245,19.7266],[-105.1372,19.7262],[-105.1421,19.7208],[-105.141,19.7157],[-105.1537,19.706],[-105.1472,19.7045],[-105.1448,19.7001],[-105.1621,19.6921],[-105.1551,19.6846],[-105.1576,19.6624],[-105.1724,19.6581],[-105.1796,19.6612],[-105.1882,19.6443],[-105.1943,19.6484],[-105.2047,19.6425],[-105.2203,19.6457],[-105.253,19.6732],[-105.2647,19.6792],[-105.2606,19.6812],[-105.2595,19.686],[-105.2657,19.6984],[-105.2912,19.7201],[-105.292,19.7256],[-105.3035,19.7422],[-105.3303,19.7664],[-105.3279,19.7711],[-105.3311,19.7811],[-105.3446,19.8049],[-105.4117,19.8831],[-105.4924,19.9911],[-105.55,20.0945],[-105.5453,20.1113],[-105.5485,20.1696],[-105.5432,20.1814],[-105.5311,20.1817],[-105.5212,20.1857],[-105.5148,20.1839],[-105.5138,20.188],[-105.497,20.1936],[-105.4971,20.1969],[-105.4903,20.1967],[-105.4893,20.2015],[-105.4752,20.2034],[-105.472,20.2103],[-105.4694,20.2101],[-105.4715,20.2124],[-105.4627,20.2168],[-105.4625,20.2319],[-105.451,20.2327]]]}},{"type":"Feature","properties":{"cve_mun":"14101","nombre_municipio":"Tonalá","cve_ent":"14","nombre_entidad":"Jalisco"},"geometry":{"type":"Polygon","coordinates":[[[-103.2657,20.7055],[-103.2518,20.7008],[-103.2406,20.7037],[-103.236,20.702],[-103.2266,20.6978],[-103.225,20.6915],[-103.2035,20.6854],[-103.2018,20.6804],[-103.1926,20.6758],[-103.1819,20.6593],[-103.1846,20.6558],[-103.184,20.648],[-103.1884,20.6443],[-103.1852,20.6289],[-103.175,20.6307],[-103.171,20.6225],[-103.1629,20.6184],[-103.1454,20.6237],[-103.1399,20.6218],[-103.1476,20.606],[-103.1445,20.5996],[-103.1467,20.5889],[-103.1434,20.5844],[-103.147,20.5812],[-103.1451,20.5776],[-103.1409,20.5781],[-103.1413,20.5725],[-103.137,20.5718],[-103.149,20.5688],[-103.1477,20.5583],[-103.1626,20.5522],[-103.17,20.5318],[-103.1788,20.5313],[-103.1812,20.534],[-103.1858,20.5645],[-103.2133,20.5648],[-103.215,20.5525],[-103.2384,20.5624],[-103.2543,20.5649],[-103.2538,20.5786],[-103.2455,20.571],[-103.2394,20.574],[-103.2404,20.5832],[-103.2563,20.5872],[-103.2569,20.5845],[-103.2601,20.5876],[-103.2561,20.6024],[-103.2573,20.6118],[-103.2838,20.6143],[-103.2814,20.6241],[-103.2867,20.6263],[-103.2831,20.6397],[-103.2697,20.6451],[-103.2677,20.6641],[-103.2638,20.6682],[-103.2706,20.6902],[-103.2657,20.7055]]]}},{"type":"Feature","properties":{"cve_mun":"14102","nombre_municipio":"Tonaya","cve_ent":"14","nombre_entidad":"Jalisco"},"geometry":{"type":"Polygon","coordinates":[[[-103.8963,20.0024],[-103.8888,19.9972],[-103.8907,19.9876],[-103.8967,19.9819],[-103.8931,19.9771],[-103.8927,19.964],[-103.8889,19.9569],[-103.8909,19.9504],[-103.8964,19.9465],[-103.8953,19.9346],[-103.8841,19.9248],[-103.8872,19.9021],[-103.8972,19.8914],[-103.8826,19.8937],[-103.8679,19.8861],[-103.8634,19.8552],[-103.8666,19.8353],[-103.8779,19.8305],[-103.8794,19.8212],[-103.8897,19.8138],[-103.8948,19.8034],[-103.9074,19.8049],[-103.9181,19.7991],[-103.9311,19.799],[-103.9386,19.7906],[-103.9396,19.7842],[-103.9497,19.7758],[-103.9443,19.7676],[-103.9436,19.7572],[-103.9395,19.7556],[-103.938,19.7498],[-103.9174,19.7415],[-103.9195,19.736],[-103.9282,19.7357],[-103.9264,19.7313],[-103.9321,19.7348],[-103.9394,19.7313],[-103.9421,19.738],[-103.9455,19.7331],[-103.9485,19.7365],[-103.9499,19.7326],[-103.9514,19.7358],[-103.9583,19.7317],[-103.9635,19.7358],[-103.9694,19.7342],[-103.9698,19.7412],[-103.9711,19.7361],[-103.9754,19.7339],[-103.9789,19.7369],[-103.9893,19.7351],[-103.9868,19.7398],[-103.9925,19.7356],[-103.9976,19.7401],[-104.0235,19.7435],[-104.0191,19.7525],[-104.0268,19.7554],[-104.0267,19.7642],[-104.0414,19.7678],[-104.0482,19.778],[-104.0464,19.7873],[-104.043,19.7897],[-104.0473,19.7907],[-104.0489,19.8092],[-104.043,19.8163],[-104.03,19.8122],[-104.0305,19.8165],[-104.0207,19.8317],[-104.0294,19.8419],[-104.0219,19.8497],[-104.0125,19.8704],[-103.9981,19.862],[-103.9753,19.8604],[-103.9729,19.8549],[-103.969,19.8542],[-103.9718,19.8698],[-103.9785,19.8767],[-103.9749,19.8837],[-103.9795,19.8872],[-103.9779,19.895],[-103.9738,19.8972],[-103.9769,19.8994],[-103.9691,19.9166],[-103.9738,19.9204],[-103.9737,19.9295],[-103.9634,19.932],[-103.9608,19.956],[-103.93,19.9678],[-103.9244,19.9653],[-103.9199,19.976],[-103.9208,19.9846],[-103.912,19.9907],[-103.9026,19.9922],[-103.8963,20.0024]]]}},{"type":"Feature","properties":{"cve_mun":"14103","nombre_municipio":"Tonila","cve_ent":"14","nombre_entidad":"Jalisco"},"geometry":{"type":"Polygon","coordinates":[[[-103.5882,19.5202],[-103.5798,19.5072],[-103.5681,19.5005],[-103.5663,19.4915],[-103.5484,19.4834],[-103.5468,19.4768],[-103.5373,19.4754],[-103.5417,19.4864],[-103.5371,19.488],[-103.53,19.4832],[-103.5238,19.4716],[-103.5163,19.4708],[-103.515,19.466],[-103.5112,19.4664],[-103.5104,19.4614],[-103.4929,19.4528],[-103.4808,19.4511],[-103.4778,19.4442],[-103.472,19.4442],[-103.4702,19.4389],[-103.4726,19.4337],[-103.4776,19.4346],[-103.4782,19.4297],[-103.4819,19.4297],[-103.483,19.4194],[-103.4809,19.4134],[-103.4759,19.4151],[-103.47,19.4091],[-103.4641,19.4095],[-103.4667,19.3963],[-103.4646,19.3882],[-103.4588,19.3824],[-103.4754,19.3726],[-103.4775,19.363],[-103.4856,19.362],[-103.4841,19.3425],[-103.4865,19.3379],[-103.4926,19.3465],[-103.5017,19.3449],[-103.5186,19.3546],[-103.5171,19.3571],[-103.5222,19.3578],[-103.5267,19.3728],[-103.5562,19.407],[-103.571,19.408],[-103.5771,19.4162],[-103.5789,19.4355],[-103.5863,19.4395],[-103.5867,19.444],[-103.6015,19.4627],[-103.6154,19.475],[-103.6124,19.4856],[-103.6148,19.494],[-103.6062,19.5006],[-103.6183,19.5125],[-103.5882,19.5202]]]}},{"type":"Feature","properties":{"cve_mun":"14104","nombre_municipio":"Totatiche","cve_ent":"14","nombre_entidad":"Jalisco"},"geometry":{"type":"Polygon","coordinates":[[[-103.5146,22.1291],[-103.5179,22.1172],[-103.5159,22.1099],[-103.5118,22.1075],[-103.507,22.1088],[-103.5004,22.1054],[-103.4956,22.1105],[-103.4861,22.1065],[-103.4861,22.1106],[-103.4793,22.1148],[-103.4733,22.1112],[-103.4732,22.1055],[-103.4592,22.1059],[-103.4617,22.1111],[-103.4533,22.1153],[-103.4424,22.1101],[-103.4333,22.0991],[-103.4203,22.1034],[-103.4078,22.091],[-103.3992,22.0886],[-103.4058,22.0813],[-103.4046,22.0764],[-103.3995,22.0742],[-103.3988,22.0552],[-103.3935,22.0559],[-103.3892,22.0479],[-103.3837,22.0533],[-103.374,22.0517],[-103.3756,22.0461],[-103.3843,22.0424],[-103.3801,22.0394],[-103.3769,22.0281],[-103.3867,22.0235],[-103.3848,22.0175],[-103.3884,22.0095],[-103.3821,22.0119],[-103.3815,22.0191],[-103.3777,22.0196],[-103.3734,22.0178],[-103.3702,22.0016],[-103.3565,22.0018],[-103.3543,21.9972],[-103.3371,21.9958],[-103.3404,21.9925],[-103.3405,21.9822],[-103.3492,21.9711],[-103.341,21.9661],[-103.3483,21.9595],[-103.3446,21.9566],[-103.348,21.9531],[-103.3425,21.9433],[-103.3387,21.9423],[-103.344,21.9297],[-103.3416,21.921],[-103.3441,21.9135],[-103.3741,21.9138],[-103.3824,21.9106],[-103.3907,21.904],[-103.3892,21.8987],[-103.3943,21.8967],[-103.4051,21.9018],[-103.4084,21.9076],[-103.4123,21.9069],[-103.4162,21.8975],[-103.4263,21.8903],[-103.4393,21.8646],[-103.4513,21.8539],[-103.4497,21.8481],[-103.4572,21.8385],[-103.4554,21.8328],[-103.4667,21.84],[-103.4724,21.836],[-103.4751,21.8266],[-103.4705,21.8135],[-103.4825,21.8133],[-103.4827,21.8174],[-103.4956,21.8235],[-103.5028,21.8331],[-103.5314,21.8178],[-103.5261,21.8051],[-103.5548,21.8009],[-103.576,21.8062],[-103.5847,21.805],[-103.5923,21.8076],[-103.5987,21.8171],[-103.6069,21.8169],[-103.6259,21.8372],[-103.6188,21.8547],[-103.6223,21.8694],[-103.5961,21.8681],[-103.5876,21.8781],[-103.5835,21.8995],[-103.5676,21.903],[-103.548,21.9024],[-103.5497,21.9246],[-103.5782,21.9232],[-103.5705,21.9405],[-103.5581,21.9523],[-103.5532,21.9522],[-103.5516,21.9594],[-103.5437,21.9662],[-103.5376,21.9672],[-103.5332,21.9731],[-103.5512,21.9744],[-103.5642,21.9817],[-103.551,21.9919],[-103.5427,21.9909],[-103.5307,21.9972],[-103.5367,22.0055],[-103.5445,22.0058],[-103.5403,22.0186],[-103.5411,22.0268],[-103.5419,22.033],[-103.5462,22.0332],[-103.5471,22.0374],[-103.5491,22.0354],[-103.5484,22.0615],[-103.5515,22.0715],[-103.5444,22.0926],[-103.5323,22.1068],[-103.5382,22.1214],[-103.534,22.1211],[-103.5306,22.1268],[-103.5146,22.1291]]]}},{"type":"Feature","properties":{"cve_mun":"14105","nombre_municipio":"Tototlán","cve_ent":"14","nombre_entidad":"Jalisco"},"geometry":{"type":"Polygon","coordinates":[[[-102.7179,20.6485],[-102.7079,20.6494],[-102.7131,20.6375],[-102.7063,20.6275],[-102.7093,20.6243],[-102.7212,20.6251],[-102.7301,20.6206],[-102.7287,20.6129],[-102.7034,20.6177],[-102.7027,20.6217],[-102.6985,20.6197],[-102.6991,20.6255],[-102.6913,20.6283],[-102.6846,20.6204],[-102.6793,20.6213],[-102.6624,20.6137],[-102.6528,20.6064],[-102.6584,20.5975],[-102.6697,20.5956],[-102.6681,20.5792],[-102.6463,20.5807],[-102.6359,20.5764],[-102.6294,20.5675],[-102.6345,20.5453],[-102.6194,20.5441],[-102.6262,20.5366],[-102.6304,20.5221],[-102.6486,20.5306],[-102.6661,20.5264],[-102.6815,20.5161],[-102.6854,20.5062],[-102.6845,20.4968],[-102.6897,20.4899],[-102.6779,20.483],[-102.6817,20.4807],[-102.6808,20.4672],[-102.6946,20.4664],[-102.6914,20.4492],[-102.7292,20.4258],[-102.7394,20.4366],[-102.7386,20.4415],[-102.7506,20.4457],[-102.7515,20.4393],[-102.7549,20.4372],[-102.7519,20.4354],[-102.7553,20.4336],[-102.7538,20.4307],[-102.7581,20.4324],[-102.7648,20.4911],[-102.7719,20.4947],[-102.7814,20.4924],[-102.7871,20.4943],[-102.7854,20.5009],[-102.7916,20.5018],[-102.7983,20.5115],[-102.8022,20.5104],[-102.8021,20.516],[-102.8126,20.5228],[-102.8118,20.5309],[-102.8469,20.525],[-102.8594,20.5198],[-102.882,20.5465],[-102.8878,20.5479],[-102.8831,20.5479],[-102.8799,20.5517],[-102.8767,20.5649],[-102.8743,20.5642],[-102.8698,20.5737],[-102.8729,20.5971],[-102.8553,20.6033],[-102.8363,20.6032],[-102.8267,20.6066],[-102.8196,20.6144],[-102.8204,20.6339],[-102.813,20.6357],[-102.8029,20.624],[-102.796,20.621],[-102.7754,20.6224],[-102.7601,20.6108],[-102.7582,20.6135],[-102.7457,20.6146],[-102.7433,20.6122],[-102.7326,20.6279],[-102.736,20.6359],[-102.7179,20.6485]]]}},{"type":"Feature","properties":{"cve_mun":"14065","nombre_municipio":"Pihuamo","cve_ent":"14","nombre_entidad":"Jalisco"},"geometry":{"type":"Polygon","coordinates":[[[-103.2746,19.3739],[-103.2716,19.3713],[-103.2711,19.3621],[-103.2661,19.3626],[-103.2612,19.3447],[-103.2749,19.337],[-103.2686,19.3204],[-103.2768,19.3151],[-103.2879,19.3147],[-103.302,19.2989],[-103.2954,19.2998],[-103.2935,19.2964],[-103.2901,19.2986],[-103.2901,19.2921],[-103.2738,19.2903],[-103.2723,19.2634],[-103.2628,19.2621],[-103.2581,19.2555],[-103.2574,19.247],[-103.2657,19.2431],[-103.2753,19.2325],[-103.2771,19.2283],[-103.2741,19.2269],[-103.2813,19.2134],[-103.2807,19.2067],[-103.2865,19.1996],[-103.2598,19.186],[-103.2492,19.1682],[-103.2666,19.1658],[-103.2733,19.1727],[-103.2733,19.1613],[-103.2643,19.1571],[-103.259,19.1482],[-103.2615,19.1308],[-103.2666,19.132],[-103.2672,19.1281],[-103.2705,19.1299],[-103.2705,19.1252],[-103.2749,19.132],[-103.2906,19.1317],[-103.2859,19.1281],[-103.2869,19.1215],[-103.2925,19.1161],[-103.2899,19.1105],[-103.2867,19.1131],[-103.2889,19.1033],[-103.2919,19.1004],[-103.2978,19.1016],[-103.3011,19.0977],[-103.3052,19.0815],[-103.3036,19.0776],[-103.3259,19.0683],[-103.3164,19.0632],[-103.3122,19.0544],[-103.305,19.0498],[-103.3011,19.0493],[-103.2942,19.0556],[-103.2816,19.052],[-103.2605,19.0538],[-103.2546,19.0388],[-103.2566,19.0347],[-103.253,19.0284],[-103.2553,19.0254],[-103.2442,19.0248],[-103.2484,19.0145],[-103.2525,19.0107],[-103.2579,19.0117],[-103.2598,19.0037],[-103.2718,19.0017],[-103.2777,18.9969],[-103.2822,18.9997],[-103.2878,18.9918],[-103.2896,18.9945],[-103.2994,18.9929],[-103.3048,18.9858],[-103.3325,18.9733],[-103.3553,18.9802],[-103.3632,18.9766],[-103.3731,18.9769],[-103.3772,18.9802],[-103.3842,18.9778],[-103.3861,18.9726],[-103.3944,18.9674],[-103.3997,18.9664],[-103.4072,18.9715],[-103.4114,18.9677],[-103.4166,18.9748],[-103.415,18.9784],[-103.4195,18.9813],[-103.4419,18.9835],[-103.4631,18.977],[-103.4727,18.9911],[-103.4718,18.9855],[-103.4778,18.9841],[-103.4791,18.9793],[-103.4837,18.9798],[-103.4819,18.9704],[-103.4875,18.9716],[-103.4886,18.9649],[-103.4895,18.9687],[-103.4957,18.972],[-103.4899,18.9808],[-103.4908,18.9958],[-103.4939,19.0069],[-103.4988,19.0117],[-103.4885,19.0276],[-103.4909,19.0327],[-103.497,19.0352],[-103.4969,19.0417],[-103.5013,19.0487],[-103.5066,19.0494],[-103.5094,19.0576],[-103.5226,19.0662],[-103.5222,19.0767],[-103.5265,19.0787],[-103.5223,19.0928],[-103.5174,19.0988],[-103.5211,19.102],[-103.5207,19.1117],[-103.5236,19.1156],[-103.5196,19.1245],[-103.511,19.132],[-103.514,19.1383],[-103.5092,19.156],[-103.5021,19.1625],[-103.5031,19.1702],[-103.4976,19.1746],[-103.4986,19.187],[-103.5109,19.1997],[-103.5114,19.2068],[-103.5152,19.2111],[-103.5099,19.2137],[-103.514,19.2185],[-103.5065,19.2278],[-103.5057,19.2367],[-103.5095,19.2418],[-103.495,19.2468],[-103.49,19.2513],[-103.492,19.2535],[-103.4844,19.2548],[-103.4763,19.253],[-103.4733,19.248],[-103.4581,19.2485],[-103.4574,19.244],[-103.4446,19.2428],[-103.4369,19.2551],[-103.4303,19.2531],[-103.4256,19.2609],[-103.4186,19.2596],[-103.4157,19.2807],[-103.4043,19.282],[-103.398,19.2794],[-103.3883,19.2919],[-103.3985,19.3003],[-103.395,19.3035],[-103.3955,19.312],[-103.3924,19.3133],[-103.3937,19.3352],[-103.3874,19.3324],[-103.3867,19.3387],[-103.382,19.3343],[-103.3787,19.3389],[-103.3653,19.3422],[-103.3645,19.3344],[-103.3597,19.3362],[-103.363,19.3288],[-103.3564,19.3276],[-103.3462,19.3343],[-103.3316,19.3345],[-103.3264,19.3393],[-103.3223,19.3533],[-103.3255,19.3535],[-103.3241,19.3581],[-103.313,19.3578],[-103.3038,19.3679],[-103.2783,19.3674],[-103.2749,19.3689],[-103.2746,19.3739]]]}},{"type":"Feature","properties":{"cve_mun":"14017","nombre_municipio":"Ayutla","cve_ent":"14","nombre_entidad":"Jalisco"},"geometry":{"type":"Polygon","coordinates":[[[-104.3443,20.2414],[-104.3318,20.2376],[-104.3247,20.232],[-104.3179,20.2325],[-104.3098,20.2267],[-104.2969,20.2268],[-104.2922,20.2158],[-104.2822,20.209],[-104.2833,20.2045],[-104.2873,20.205],[-104.2889,20.2014],[-104.2963,20.2043],[-104.3095,20.2023],[-104.3185,20.1951],[-104.3054,20.1918],[-104.3004,20.1943],[-104.3016,20.1976],[-104.2998,20.1947],[-104.2939,20.1971],[-104.3034,20.1835],[-104.3003,20.1744],[-104.3046,20.1738],[-104.2989,20.1733],[-104.2999,20.1698],[-104.2909,20.1619],[-104.2636,20.1826],[-104.2653,20.1682],[-104.2532,20.1745],[-104.2421,20.1761],[-104.225,20.1899],[-104.2246,20.1863],[-104.2149,20.19],[-104.2063,20.1877],[-104.2063,20.1838],[-104.1979,20.1828],[-104.1943,20.1771],[-104.2006,20.1721],[-104.2031,20.1486],[-104.2054,20.1423],[-104.2099,20.1403],[-104.2055,20.1396],[-104.2052,20.1329],[-104.2217,20.118],[-104.2345,20.1169],[-104.2421,20.1276],[-104.2538,20.1225],[-104.2598,20.116],[-104.2713,20.1157],[-104.2692,20.1061],[-104.272,20.0965],[-104.2659,20.0913],[-104.2793,20.0929],[-104.2795,20.0954],[-104.281,20.0932],[-104.2837,20.0946],[-104.2824,20.097],[-104.2878,20.0951],[-104.2892,20.0893],[-104.302,20.0867],[-104.3064,20.0789],[-104.3025,20.0764],[-104.3046,20.0707],[-104.2997,20.0689],[-104.2981,20.0641],[-104.3032,20.0604],[-104.3122,20.0614],[-104.3096,20.0516],[-104.3151,20.0492],[-104.3155,20.0449],[-104.3284,20.0531],[-104.3312,20.0599],[-104.3362,20.0554],[-104.3404,20.0504],[-104.3357,20.0483],[-104.3358,20.0444],[-104.3226,20.0295],[-104.3265,20.0262],[-104.3175,20.0259],[-104.3216,20.0092],[-104.3186,20.0003],[-104.3218,19.9946],[-104.3326,19.9947],[-104.3344,19.9915],[-104.3428,20.0024],[-104.3441,19.988],[-104.357,19.989],[-104.3604,19.9822],[-104.3637,19.9849],[-104.3658,19.9831],[-104.3651,19.9758],[-104.3759,19.9756],[-104.3766,19.9687],[-104.3708,19.959],[-104.3752,19.9523],[-104.3763,19.9447],[-104.3733,19.9369],[-104.377,19.9321],[-104.3677,19.926],[-104.3803,19.9155],[-104.3879,19.9164],[-104.3918,19.9215],[-104.3963,19.9172],[-104.4024,19.921],[-104.4021,19.9175],[-104.4084,19.9155],[-104.4108,19.9194],[-104.4172,19.914],[-104.4188,19.9089],[-104.416,19.9046],[-104.4217,19.8996],[-104.4196,19.8966],[-104.4223,19.8934],[-104.4217,19.8867],[-104.4369,19.8851],[-104.4394,19.8783],[-104.445,19.8745],[-104.4478,19.8599],[-104.456,19.8468],[-104.4819,19.8622],[-104.4887,19.8571],[-104.4896,19.847],[-104.5005,19.8397],[-104.5222,19.854],[-104.5223,19.8642],[-104.5187,19.867],[-104.5284,19.8731],[-104.5359,19.8932],[-104.5419,19.8942],[-104.5392,19.9142],[-104.536,19.9184],[-104.543,19.9341],[-104.5425,19.9378],[-104.5382,19.9364],[-104.5373,19.9411],[-104.5434,19.9497],[-104.5407,19.9655],[-104.5465,19.9765],[-104.5489,19.9737],[-104.5579,19.9757],[-104.564,19.9854],[-104.5745,19.9892],[-104.5638,20.0102],[-104.5822,20.0245],[-104.5847,20.0171],[-104.5909,20.0122],[-104.6072,20.0139],[-104.6145,20.0262],[-104.6129,20.0352],[-104.6191,20.0428],[-104.617,20.0465],[-104.6218,20.0446],[-104.624,20.0494],[-104.624,20.0536],[-104.6203,20.0561],[-104.6235,20.0655],[-104.6386,20.0736],[-104.6518,20.0731],[-104.6612,20.0785],[-104.6473,20.0835],[-104.6421,20.0935],[-104.6369,20.0945],[-104.6366,20.0971],[-104.6416,20.1068],[-104.6535,20.1078],[-104.6533,20.111],[-104.6604,20.1117],[-104.663,20.1151],[-104.6598,20.1184],[-104.6712,20.1236],[-104.6688,20.1311],[-104.6632,20.1354],[-104.6561,20.1185],[-104.6497,20.1137],[-104.6249,20.1064],[-104.6176,20.1105],[-104.6178,20.116],[-104.6101,20.1207],[-104.613,20.1279],[-104.6098,20.1335],[-104.6041,20.135],[-104.586,20.1218],[-104.5773,20.1219],[-104.5667,20.1283],[-104.5623,20.1376],[-104.5529,20.1386],[-104.54,20.1354],[-104.5373,20.1283],[-104.5239,20.1207],[-104.5147,20.1213],[-104.5092,20.1252],[-104.5073,20.1341],[-104.5163,20.1453],[-104.5085,20.1433],[-104.5088,20.1468],[-104.5034,20.1468],[-104.4817,20.1244],[-104.4694,20.1263],[-104.4556,20.1208],[-104.4506,20.1268],[-104.4445,20.1228],[-104.4427,20.1254],[-104.4393,20.1233],[-104.4396,20.1329],[-104.4364,20.1333],[-104.4209,20.1169],[-104.4126,20.1194],[-104.4075,20.1111],[-104.4017,20.1156],[-104.4088,20.1267],[-104.4047,20.1246],[-104.4,20.1273],[-104.3957,20.1234],[-104.3905,20.1234],[-104.387,20.1296],[-104.3802,20.129],[-104.3899,20.1497],[-104.3973,20.1572],[-104.3985,20.1773],[-104.3946,20.1872],[-104.3995,20.1939],[-104.3867,20.1993],[-104.378,20.1944],[-104.3676,20.1941],[-104.3664,20.2021],[-104.3713,20.2041],[-104.371,20.2092],[-104.3675,20.2112],[-104.371,20.2121],[-104.3656,20.2147],[-104.3655,20.2204],[-104.3554,20.2267],[-104.3443,20.2414]]]}},{"type":"Feature","properties":{"cve_mun":"14124","nombre_municipio":"Zapotlanejo","cve_ent":"14","nombre_entidad":"Jalisco"},"geometry":{"type":"Polygon","coordinates":[[[-103.0585,20.7962],[-103.0299,20.7958],[-103.0247,20.7925],[-103.0269,20.765],[-103.0421,20.7558],[-103.0351,20.7557],[-103.0234,20.7488],[-103.0285,20.7434],[-103.0247,20.7367],[-103.0222,20.7357],[-103.018,20.7424],[-103.0029,20.7344],[-103.0054,20.7231],[-102.9993,20.7153],[-102.9922,20.7131],[-102.9931,20.7041],[-102.9891,20.7031],[-102.9932,20.6956],[-102.9908,20.6882],[-102.9724,20.7015],[-102.9588,20.7068],[-102.9585,20.6959],[-102.9517,20.7008],[-102.9472,20.6984],[-102.9474,20.687],[-102.9234,20.6777],[-102.9132,20.6665],[-102.894,20.6536],[-102.8934,20.6445],[-102.9012,20.6472],[-102.9026,20.6443],[-102.9152,20.645],[-102.9206,20.6193],[-102.9173,20.6198],[-102.9166,20.6161],[-102.9105,20.6132],[-102.886,20.6101],[-102.8997,20.5923],[-102.8728,20.5971],[-102.8698,20.5737],[-102.8743,20.5642],[-102.8767,20.5649],[-102.8831,20.5479],[-102.8984,20.5501],[-102.9075,20.5479],[-102.9113,20.5352],[-102.9179,20.533],[-102.9185,20.5276],[-102.9096,20.5258],[-102.907,20.5195],[-102.929,20.5092],[-102.9335,20.5036],[-102.9542,20.5026],[-102.9769,20.5166],[-103.009,20.5294],[-103.0129,20.5117],[-103.0225,20.5104],[-103.0277,20.5142],[-103.0345,20.5137],[-103.0312,20.5119],[-103.0363,20.5109],[-103.0324,20.5078],[-103.0353,20.5046],[-103.0307,20.4996],[-103.0344,20.4923],[-103.0499,20.49],[-103.0772,20.4959],[-103.081,20.4877],[-103.0945,20.4833],[-103.089,20.5182],[-103.093,20.5186],[-103.099,20.5135],[-103.109,20.518],[-103.0965,20.5302],[-103.1179,20.5441],[-103.1322,20.5468],[-103.1311,20.5517],[-103.1352,20.5563],[-103.1303,20.5684],[-103.1413,20.5725],[-103.1409,20.5781],[-103.1467,20.5799],[-103.1434,20.5844],[-103.1467,20.5889],[-103.1445,20.5996],[-103.1476,20.606],[-103.1399,20.6218],[-103.1454,20.6237],[-103.1629,20.6184],[-103.171,20.6225],[-103.175,20.6307],[-103.1852,20.6289],[-103.1884,20.6443],[-103.184,20.648],[-103.1846,20.6558],[-103.1819,20.6593],[-103.1926,20.6758],[-103.2018,20.6804],[-103.2035,20.6854],[-103.225,20.6915],[-103.2266,20.6978],[-103.236,20.702],[-103.2406,20.7037],[-103.2518,20.7008],[-103.2698,20.7071],[-103.2806,20.72],[-103.2833,20.7303],[-103.2285,20.7144],[-103.2107,20.7305],[-103.1775,20.7351],[-103.1451,20.7565],[-103.1335,20.7561],[-103.1201,20.7631],[-103.1065,20.7653],[-103.0994,20.7595],[-103.0833,20.7598],[-103.0858,20.7795],[-103.0793,20.7898],[-103.0585,20.7962]]]}},{"type":"Feature","properties":{"cve_mun":"14012","nombre_municipio":"Atenguillo","cve_ent":"14","nombre_entidad":"Jalisco"},"geometry":{"type":"Polygon","coordinates":[[[-104.4867,20.5152],[-104.4786,20.5117],[-104.4859,20.5066],[-104.4791,20.5072],[-104.476,20.5022],[-104.482,20.4922],[-104.4726,20.477],[-104.4765,20.4712],[-104.4717,20.4708],[-104.4619,20.4622],[-104.4678,20.4539],[-104.4783,20.4517],[-104.4798,20.4467],[-104.4566,20.4357],[-104.4604,20.4343],[-104.4634,20.4273],[-104.4568,20.4244],[-104.4485,20.4286],[-104.4469,20.4245],[-104.4407,20.4225],[-104.4585,20.4124],[-104.4617,20.4075],[-104.4591,20.4013],[-104.4543,20.4022],[-104.442,20.3903],[-104.4317,20.3889],[-104.431,20.3805],[-104.4157,20.366],[-104.4204,20.3573],[-104.4161,20.3516],[-104.424,20.3443],[-104.4338,20.3445],[-104.4333,20.3397],[-104.4189,20.333],[-104.408,20.3365],[-104.3989,20.3338],[-104.3934,20.3362],[-104.3885,20.3236],[-104.3979,20.3197],[-104.385,20.3022],[-104.3926,20.3026],[-104.3955,20.2986],[-104.4071,20.3011],[-104.4102,20.2929],[-104.4048,20.291],[-104.4163,20.2793],[-104.4179,20.2708],[-104.4363,20.2711],[-104.4399,20.2747],[-104.4441,20.2665],[-104.452,20.2635],[-104.4489,20.254],[-104.4571,20.2547],[-104.4618,20.2513],[-104.4674,20.2566],[-104.4725,20.2509],[-104.483,20.2548],[-104.4919,20.253],[-104.4973,20.2573],[-104.4982,20.2642],[-104.5035,20.262],[-104.5081,20.2666],[-104.5129,20.2628],[-104.5137,20.2559],[-104.5174,20.2568],[-104.5212,20.2692],[-104.5326,20.2778],[-104.5283,20.2872],[-104.5345,20.2922],[-104.5369,20.2988],[-104.5408,20.2988],[-104.5381,20.3002],[-104.5402,20.3011],[-104.5463,20.2924],[-104.5498,20.293],[-104.5511,20.2884],[-104.5576,20.2867],[-104.5624,20.2757],[-104.569,20.2791],[-104.5708,20.2726],[-104.566,20.2633],[-104.5727,20.257],[-104.5711,20.2536],[-104.5799,20.2526],[-104.5841,20.2552],[-104.5877,20.2527],[-104.5905,20.2426],[-104.5798,20.2313],[-104.5796,20.2265],[-104.5899,20.2119],[-104.6002,20.2099],[-104.602,20.2028],[-104.596,20.2008],[-104.6002,20.1961],[-104.5992,20.1887],[-104.6037,20.1892],[-104.6081,20.1825],[-104.6179,20.1792],[-104.6221,20.1722],[-104.6405,20.1633],[-104.6521,20.1688],[-104.6522,20.1741],[-104.6582,20.181],[-104.6593,20.1779],[-104.6634,20.1822],[-104.6741,20.1766],[-104.682,20.1871],[-104.6897,20.1909],[-104.6891,20.1947],[-104.6933,20.1952],[-104.7028,20.2071],[-104.7061,20.2063],[-104.7046,20.2133],[-104.7078,20.2146],[-104.7093,20.2207],[-104.7119,20.2202],[-104.7066,20.2355],[-104.7109,20.2377],[-104.7109,20.244],[-104.7157,20.2465],[-104.7182,20.2589],[-104.7077,20.2672],[-104.6985,20.267],[-104.686,20.2722],[-104.6852,20.2782],[-104.6767,20.2722],[-104.6747,20.2828],[-104.6677,20.2912],[-104.6653,20.2891],[-104.6613,20.2947],[-104.6471,20.3017],[-104.6311,20.296],[-104.6358,20.3093],[-104.6345,20.3173],[-104.6296,20.3183],[-104.6363,20.3234],[-104.6363,20.3352],[-104.6264,20.3408],[-104.6282,20.351],[-104.624,20.3521],[-104.6236,20.3557],[-104.6144,20.3585],[-104.6026,20.3689],[-104.6049,20.3854],[-104.617,20.3931],[-104.6202,20.3989],[-104.6352,20.4052],[-104.6418,20.4136],[-104.6356,20.4107],[-104.6231,20.414],[-104.6179,20.4282],[-104.6022,20.4317],[-104.6163,20.4402],[-104.6155,20.464],[-104.6055,20.47],[-104.5847,20.4717],[-104.578,20.4672],[-104.5791,20.4622],[-104.5747,20.4558],[-104.5602,20.4545],[-104.5499,20.464],[-104.5609,20.475],[-104.5624,20.4856],[-104.5391,20.4911],[-104.5272,20.4991],[-104.5166,20.5128],[-104.5094,20.5108],[-104.5029,20.5131],[-104.5003,20.5052],[-104.4959,20.5102],[-104.4914,20.5092],[-104.4867,20.5152]]]}},{"type":"Feature","properties":{"cve_mun":"14106","nombre_municipio":"Tuxcacuesco","cve_ent":"14","nombre_entidad":"Jalisco"},"geometry":{"type":"Polygon","coordinates":[[[-104.1112,19.8073],[-104.1021,19.7936],[-104.0946,19.7918],[-104.0743,19.773],[-104.0522,19.7826],[-104.0487,19.7812],[-104.0414,19.7678],[-104.0267,19.7642],[-104.0268,19.7554],[-104.0191,19.7525],[-104.0235,19.7435],[-103.9976,19.7401],[-103.9925,19.7356],[-103.9868,19.7398],[-103.9893,19.7351],[-103.9789,19.7369],[-103.9754,19.7339],[-103.9711,19.7361],[-103.9698,19.7412],[-103.9694,19.7342],[-103.9635,19.7358],[-103.9583,19.7317],[-103.9514,19.7358],[-103.9499,19.7326],[-103.9485,19.7365],[-103.9455,19.7331],[-103.9421,19.738],[-103.9394,19.7313],[-103.9321,19.7348],[-103.9274,19.731],[-103.9253,19.7326],[-103.9273,19.7363],[-103.9195,19.736],[-103.9181,19.739],[-103.9057,19.7357],[-103.8964,19.7466],[-103.8838,19.7473],[-103.8756,19.7375],[-103.868,19.7357],[-103.8679,19.7285],[-103.8625,19.7274],[-103.8615,19.7229],[-103.8658,19.7156],[-103.8706,19.7165],[-103.8751,19.7062],[-103.8975,19.704],[-103.8878,19.7025],[-103.8739,19.6935],[-103.8808,19.6927],[-103.8931,19.6803],[-103.9036,19.6634],[-103.9105,19.6636],[-103.9072,19.6568],[-103.9407,19.6558],[-103.9384,19.65],[-103.9282,19.6469],[-103.9276,19.6419],[-103.9345,19.6376],[-103.9393,19.6398],[-103.9475,19.6362],[-103.9505,19.6389],[-103.9695,19.6248],[-103.9702,19.6178],[-103.9736,19.6158],[-103.9723,19.6128],[-103.964,19.6113],[-103.9665,19.602],[-103.9994,19.595],[-104.0145,19.5843],[-104.0194,19.5935],[-104.0188,19.6007],[-104.0362,19.5972],[-104.0395,19.6017],[-104.0665,19.6119],[-104.0746,19.6004],[-104.0826,19.6008],[-104.0977,19.5862],[-104.105,19.5842],[-104.1058,19.5703],[-104.1181,19.5662],[-104.1274,19.5754],[-104.1334,19.5915],[-104.1389,19.5978],[-104.1377,19.6023],[-104.1542,19.6053],[-104.1581,19.6266],[-104.1633,19.6378],[-104.1589,19.6459],[-104.1655,19.6537],[-104.1571,19.6615],[-104.1582,19.6652],[-104.1467,19.6717],[-104.138,19.6916],[-104.1203,19.6915],[-104.1097,19.6953],[-104.1102,19.7011],[-104.1151,19.7039],[-104.1169,19.7148],[-104.113,19.7191],[-104.1169,19.7267],[-104.1137,19.7362],[-104.1236,19.7439],[-104.1144,19.7484],[-104.1145,19.7588],[-104.1211,19.7635],[-104.1202,19.7662],[-104.1271,19.7668],[-104.1321,19.7756],[-104.128,19.7952],[-104.1235,19.7954],[-104.1218,19.8034],[-104.1112,19.8073]]]}},{"type":"Feature","properties":{"cve_mun":"14107","nombre_municipio":"Tuxcueca","cve_ent":"14","nombre_entidad":"Jalisco"},"geometry":{"type":"Polygon","coordinates":[[[-103.3606,20.2253],[-103.3615,20.2218],[-103.3577,20.2187],[-103.3258,20.2107],[-103.3013,20.1961],[-103.2574,20.1956],[-103.2388,20.1838],[-103.2233,20.184],[-103.2132,20.1762],[-103.1999,20.1754],[-103.1854,20.1582],[-103.1683,20.1527],[-103.161,20.1547],[-103.1523,20.1527],[-103.157,20.1497],[-103.1534,20.136],[-103.1607,20.1277],[-103.1488,20.1224],[-103.1525,20.1199],[-103.1679,20.1202],[-103.165,20.1165],[-103.1656,20.1098],[-103.1621,20.1067],[-103.1717,20.1014],[-103.1652,20.0882],[-103.1649,20.0809],[-103.1713,20.0782],[-103.1735,20.0576],[-103.1789,20.052],[-103.1836,20.0561],[-103.1888,20.0539],[-103.1902,20.0645],[-103.1977,20.0628],[-103.1981,20.0688],[-103.2124,20.0713],[-103.2147,20.0693],[-103.2244,20.0739],[-103.2389,20.0893],[-103.2381,20.1017],[-103.2446,20.1082],[-103.2431,20.1156],[-103.2403,20.1128],[-103.2205,20.1132],[-103.2211,20.1165],[-103.2153,20.1211],[-103.1934,20.1184],[-103.1868,20.1285],[-103.1881,20.1307],[-103.1911,20.1286],[-103.2047,20.136],[-103.2065,20.134],[-103.2107,20.1387],[-103.2256,20.138],[-103.2228,20.144],[-103.2345,20.15],[-103.2393,20.148],[-103.2459,20.1513],[-103.2457,20.1541],[-103.269,20.1612],[-103.2702,20.1578],[-103.2763,20.1585],[-103.3028,20.17],[-103.3421,20.174],[-103.3435,20.179],[-103.3592,20.186],[-103.3732,20.1972],[-103.3749,20.2089],[-103.3606,20.2253]]]}},{"type":"Feature","properties":{"cve_mun":"14108","nombre_municipio":"Tuxpan","cve_ent":"14","nombre_entidad":"Jalisco"},"geometry":{"type":"Polygon","coordinates":[[[-103.5277,19.6299],[-103.533,19.6264],[-103.5304,19.6251],[-103.5333,19.6238],[-103.5319,19.6188],[-103.5285,19.62],[-103.5332,19.6169],[-103.5287,19.6154],[-103.5319,19.6122],[-103.5218,19.617],[-103.5148,19.6141],[-103.5079,19.6057],[-103.5049,19.6137],[-103.499,19.6099],[-103.4649,19.6279],[-103.4633,19.623],[-103.4439,19.6251],[-103.429,19.6226],[-103.378,19.5928],[-103.3634,19.6057],[-103.3543,19.5973],[-103.3384,19.5987],[-103.3316,19.5898],[-103.3195,19.5976],[-103.3105,19.5883],[-103.3079,19.5891],[-103.3104,19.5867],[-103.3053,19.5798],[-103.3143,19.5807],[-103.3136,19.5747],[-103.3241,19.5698],[-103.3204,19.5656],[-103.3263,19.5607],[-103.3289,19.5503],[-103.3245,19.5395],[-103.3317,19.5348],[-103.3347,19.5284],[-103.3403,19.5269],[-103.346,19.5146],[-103.3313,19.497],[-103.3319,19.4916],[-103.326,19.4882],[-103.3238,19.4798],[-103.3159,19.4768],[-103.3291,19.4722],[-103.3254,19.4606],[-103.3334,19.4551],[-103.3407,19.456],[-103.3445,19.4599],[-103.3494,19.4582],[-103.3555,19.4652],[-103.3512,19.4514],[-103.3542,19.4434],[-103.3506,19.4373],[-103.3625,19.4277],[-103.3802,19.4233],[-103.381,19.4207],[-103.379,19.4015],[-103.3667,19.3955],[-103.3729,19.3845],[-103.3785,19.3809],[-103.3781,19.3761],[-103.3809,19.3754],[-103.379,19.3691],[-103.3868,19.3649],[-103.3857,19.3588],[-103.388,19.3567],[-103.3851,19.3547],[-103.3882,19.3551],[-103.385,19.3514],[-103.3894,19.3515],[-103.3895,19.3469],[-103.3959,19.3452],[-103.392,19.3283],[-103.3941,19.3254],[-103.3924,19.3133],[-103.3955,19.312],[-103.395,19.3035],[-103.3985,19.3003],[-103.3883,19.2919],[-103.398,19.2794],[-103.4043,19.282],[-103.4157,19.2807],[-103.4186,19.2596],[-103.4256,19.2609],[-103.4303,19.2531],[-103.4369,19.2551],[-103.4446,19.2428],[-103.4574,19.244],[-103.4581,19.2485],[-103.4733,19.248],[-103.4763,19.253],[-103.4844,19.2548],[-103.492,19.2535],[-103.49,19.2513],[-103.495,19.2468],[-103.5099,19.2433],[-103.5053,19.2533],[-103.5089,19.2671],[-103.5062,19.2897],[-103.5092,19.2951],[-103.501,19.2998],[-103.4992,19.3085],[-103.4897,19.311],[-103.4957,19.3198],[-103.4866,19.3279],[-103.4841,19.3425],[-103.4856,19.362],[-103.4775,19.363],[-103.4754,19.3726],[-103.4588,19.3824],[-103.4646,19.3882],[-103.4667,19.3963],[-103.4641,19.4095],[-103.47,19.4091],[-103.4759,19.4151],[-103.4809,19.4134],[-103.483,19.4194],[-103.4819,19.4297],[-103.4782,19.4297],[-103.4776,19.4346],[-103.4726,19.4337],[-103.4702,19.4389],[-103.472,19.4442],[-103.4778,19.4442],[-103.4808,19.4511],[-103.4929,19.4528],[-103.5104,19.4614],[-103.5112,19.4664],[-103.515,19.466],[-103.5163,19.4708],[-103.5238,19.4716],[-103.53,19.4832],[-103.5371,19.488],[-103.5417,19.4864],[-103.5373,19.4754],[-103.5468,19.4768],[-103.5484,19.4834],[-103.5663,19.4915],[-103.5681,19.5005],[-103.5798,19.5072],[-103.5888,19.5206],[-103.6183,19.5125],[-103.646,19.513],[-103.6436,19.5277],[-103.6376,19.5343],[-103.6402,19.5368],[-103.6454,19.5335],[-103.6534,19.5358],[-103.6509,19.5393],[-103.6365,19.5411],[-103.6401,19.5466],[-103.6386,19.5549],[-103.6424,19.5668],[-103.6454,19.5682],[-103.6278,19.5704],[-103.6193,19.5823],[-103.6074,19.579],[-103.5982,19.5911],[-103.5863,19.594],[-103.5893,19.596],[-103.5849,19.5997],[-103.5811,19.5985],[-103.5761,19.6029],[-103.5777,19.605],[-103.5724,19.6032],[-103.5679,19.6081],[-103.571,19.6094],[-103.5664,19.6108],[-103.5656,19.6172],[-103.5594,19.6177],[-103.5533,19.6259],[-103.5353,19.6282],[-103.5298,19.6328],[-103.5277,19.6299]]]}},{"type":"Feature","properties":{"cve_mun":"14109","nombre_municipio":"Unión de San Antonio","cve_ent":"14","nombre_entidad":"Jalisco"},"geometry":{"type":"Polygon","coordinates":[[[-101.9898,21.2785],[-101.9864,21.2772],[-101.9869,21.2746],[-101.9925,21.2745],[-101.9879,21.2726],[-101.9885,21.2665],[-101.977,21.2724],[-101.9486,21.2576],[-101.9061,21.2556],[-101.9006,21.2516],[-101.9006,21.2458],[-101.8914,21.2466],[-101.8829,21.2347],[-101.8853,21.2316],[-101.8807,21.2312],[-101.8712,21.2164],[-101.8686,21.1981],[-101.8616,21.1945],[-101.8621,21.177],[-101.8475,21.179],[-101.8409,21.1854],[-101.8329,21.1818],[-101.8292,21.1928],[-101.8182,21.1925],[-101.8089,21.1994],[-101.8086,21.2085],[-101.7897,21.214],[-101.7839,21.2189],[-101.7738,21.22],[-101.7744,21.1966],[-101.7807,21.1914],[-101.7837,21.1712],[-101.7827,21.1581],[-101.7873,21.1564],[-101.804,21.1663],[-101.8048,21.1585],[-101.8157,21.1495],[-101.8101,21.1485],[-101.8118,21.1412],[-101.8224,21.1359],[-101.8334,21.1373],[-101.8308,21.1194],[-101.8268,21.1221],[-101.8203,21.1187],[-101.8177,21.107],[-101.828,21.1001],[-101.8367,21.0998],[-101.8375,21.0968],[-101.8742,21.0936],[-101.8778,21.0854],[-101.8749,21.0701],[-101.8865,21.0611],[-101.89,21.0654],[-101.8951,21.0656],[-101.9225,21.045],[-101.9231,21.0488],[-101.9279,21.0475],[-101.9315,21.0526],[-101.9425,21.0569],[-101.9469,21.0514],[-101.9619,21.0504],[-101.9723,21.0579],[-101.9799,21.0481],[-101.9942,21.0427],[-102.0141,21.0436],[-102.0168,21.0405],[-102.0274,21.0419],[-102.0357,21.038],[-102.0366,21.0419],[-102.0423,21.0419],[-102.0524,21.0367],[-102.0783,21.0385],[-102.083,21.052],[-102.076,21.0647],[-102.0823,21.0651],[-102.0862,21.0612],[-102.0908,21.0632],[-102.0854,21.0692],[-102.0892,21.0696],[-102.0931,21.0792],[-102.105,21.0808],[-102.1096,21.09],[-102.1167,21.0909],[-102.1173,21.1031],[-102.1233,21.1017],[-102.1307,21.1088],[-102.1372,21.1063],[-102.1365,21.1017],[-102.1497,21.0975],[-102.1579,21.0906],[-102.1564,21.1126],[-102.1591,21.1084],[-102.1807,21.1057],[-102.1857,21.1099],[-102.1879,21.1176],[-102.1915,21.1176],[-102.1942,21.123],[-102.1944,21.1295],[-102.2021,21.1335],[-102.1941,21.1419],[-102.1969,21.1427],[-102.197,21.1512],[-102.1943,21.1521],[-102.1961,21.1617],[-102.188,21.1651],[-102.1935,21.1737],[-102.189,21.1738],[-102.1844,21.168],[-102.1782,21.1711],[-102.1721,21.1694],[-102.1738,21.1757],[-102.171,21.1815],[-102.1887,21.1815],[-102.186,21.1872],[-102.1706,21.1916],[-102.1701,21.1988],[-102.1651,21.1984],[-102.1643,21.2022],[-102.1561,21.1991],[-102.1432,21.2096],[-102.1476,21.2272],[-102.1435,21.2331],[-102.1441,21.2403],[-102.1367,21.2646],[-102.1145,21.2708],[-102.1104,21.2629],[-102.0946,21.255],[-102.0918,21.2492],[-102.0856,21.2486],[-102.0851,21.2421],[-102.0888,21.2429],[-102.1038,21.2349],[-102.0923,21.2318],[-102.0923,21.2251],[-102.0809,21.2197],[-102.0763,21.2204],[-102.0682,21.2357],[-102.0447,21.2364],[-102.0403,21.2418],[-102.0333,21.2242],[-102.0287,21.2223],[-102.0274,21.2272],[-102.012,21.2428],[-102.0188,21.2621],[-102.0287,21.2599],[-102.0327,21.264],[-102.0246,21.2746],[-102.012,21.2636],[-102.0053,21.2642],[-101.999,21.2682],[-101.9982,21.2752],[-101.9894,21.2754],[-101.9898,21.2785]]]}},{"type":"Feature","properties":{"cve_mun":"14110","nombre_municipio":"Unión de Tula","cve_ent":"14","nombre_entidad":"Jalisco"},"geometry":{"type":"Polygon","coordinates":[[[-104.1805,20.1502],[-104.1763,20.1467],[-104.1829,20.127],[-104.1789,20.1037],[-104.1845,20.0964],[-104.1891,20.0951],[-104.1854,20.091],[-104.187,20.088],[-104.1825,20.0824],[-104.1786,20.0672],[-104.1916,20.0538],[-104.1952,20.0379],[-104.1923,20.0339],[-104.183,20.0311],[-104.1812,20.0257],[-104.1802,20.0311],[-104.161,20.0305],[-104.1646,20.0302],[-104.1538,20.0248],[-104.151,20.0172],[-104.1409,20.0157],[-104.1342,20.0011],[-104.1259,19.9954],[-104.1275,19.9857],[-104.1391,19.9764],[-104.14,19.9617],[-104.1485,19.9594],[-104.1629,19.964],[-104.169,19.9606],[-104.1755,19.9515],[-104.1736,19.9421],[-104.1794,19.94],[-104.1822,19.9311],[-104.1959,19.9257],[-104.2024,19.9283],[-104.2075,19.9066],[-104.2158,19.8899],[-104.2292,19.8865],[-104.256,19.9011],[-104.2582,19.8887],[-104.2613,19.8865],[-104.2702,19.8946],[-104.2903,19.8928],[-104.2929,19.889],[-104.2913,19.8815],[-104.2844,19.8775],[-104.2903,19.8579],[-104.305,19.8638],[-104.3082,19.8709],[-104.3185,19.872],[-104.3215,19.877],[-104.3315,19.8776],[-104.3334,19.8852],[-104.3396,19.8811],[-104.3408,19.8871],[-104.353,19.8903],[-104.3562,19.9038],[-104.3638,19.9062],[-104.3632,19.9231],[-104.377,19.9321],[-104.3733,19.9369],[-104.3763,19.9447],[-104.3752,19.9523],[-104.3708,19.959],[-104.3766,19.9687],[-104.3759,19.9756],[-104.3651,19.9758],[-104.3658,19.9831],[-104.3637,19.9849],[-104.3604,19.9822],[-104.357,19.989],[-104.3441,19.988],[-104.3428,20.0024],[-104.3344,19.9915],[-104.3326,19.9947],[-104.3218,19.9946],[-104.3186,20.0003],[-104.3216,20.0092],[-104.3175,20.0259],[-104.3265,20.0262],[-104.3226,20.0295],[-104.3358,20.0444],[-104.3357,20.0483],[-104.3404,20.0504],[-104.3312,20.0599],[-104.3284,20.0531],[-104.3155,20.0449],[-104.3151,20.0492],[-104.3096,20.0516],[-104.3122,20.0614],[-104.3032,20.0604],[-104.2981,20.0641],[-104.2997,20.0689],[-104.3046,20.0707],[-104.3025,20.0764],[-104.3064,20.0789],[-104.302,20.0867],[-104.2892,20.0893],[-104.2878,20.0951],[-104.2824,20.097],[-104.2837,20.0946],[-104.281,20.0932],[-104.2795,20.0954],[-104.2793,20.0929],[-104.2659,20.0913],[-104.272,20.0965],[-104.2692,20.1061],[-104.2708,20.116],[-104.2598,20.116],[-104.2538,20.1225],[-104.2421,20.1276],[-104.2345,20.1169],[-104.2217,20.118],[-104.2052,20.1329],[-104.2055,20.1396],[-104.2099,20.1403],[-104.2072,20.1423],[-104.193,20.1397],[-104.1842,20.1426],[-104.1805,20.1502]]]}},{"type":"Feature","properties":{"cve_mun":"14111","nombre_municipio":"Valle de Guadalupe","cve_ent":"14","nombre_entidad":"Jalisco"},"geometry":{"type":"Polygon","coordinates":[[[-102.6156,21.1427],[-102.6099,21.1402],[-102.6121,21.139],[-102.6085,21.1354],[-102.6037,21.1365],[-102.5982,21.1326],[-102.5833,21.1346],[-102.5734,21.1406],[-102.5733,21.1291],[-102.5888,21.1272],[-102.5922,21.1166],[-102.5852,21.1187],[-102.5723,21.1139],[-102.5614,21.1128],[-102.5569,21.1159],[-102.5468,21.1124],[-102.55,21.1049],[-102.5479,21.0986],[-102.5495,21.076],[-102.5535,21.0662],[-102.5581,21.0662],[-102.553,21.0627],[-102.5447,21.0383],[-102.5252,21.033],[-102.5389,21.0156],[-102.5457,21.014],[-102.5499,21.0199],[-102.5727,21.0017],[-102.5716,20.9909],[-102.5617,20.9828],[-102.5614,20.9769],[-102.5647,20.9712],[-102.5733,20.9696],[-102.5819,20.9587],[-102.5795,20.9542],[-102.5831,20.951],[-102.5981,20.9506],[-102.606,20.9447],[-102.616,20.9424],[-102.6443,20.9476],[-102.6436,20.9525],[-102.6487,20.9547],[-102.6496,20.9584],[-102.6568,20.9602],[-102.6437,20.9733],[-102.6493,20.9821],[-102.6523,20.9816],[-102.6524,20.9769],[-102.659,20.9767],[-102.6609,20.9698],[-102.6699,20.9623],[-102.6868,20.9815],[-102.6902,20.9819],[-102.6865,20.9885],[-102.6887,20.9989],[-102.6858,21.0035],[-102.6957,21.006],[-102.7262,21.0029],[-102.7228,21.0086],[-102.7305,21.0242],[-102.725,21.0337],[-102.7309,21.0394],[-102.7378,21.0315],[-102.7434,21.0362],[-102.7576,21.0315],[-102.7628,21.036],[-102.7608,21.0403],[-102.7644,21.0425],[-102.7669,21.0355],[-102.7712,21.0361],[-102.7733,21.0302],[-102.7803,21.0259],[-102.7866,21.0276],[-102.7911,21.0332],[-102.7975,21.0272],[-102.8195,21.0349],[-102.8138,21.0434],[-102.817,21.052],[-102.8248,21.06],[-102.8147,21.0645],[-102.8166,21.0695],[-102.8007,21.0727],[-102.7919,21.07],[-102.7816,21.0794],[-102.7801,21.0703],[-102.7773,21.0701],[-102.7634,21.1],[-102.757,21.1037],[-102.7537,21.0997],[-102.7454,21.0982],[-102.7362,21.1021],[-102.7457,21.0921],[-102.7396,21.0891],[-102.7393,21.0855],[-102.7333,21.0859],[-102.7314,21.0823],[-102.726,21.0816],[-102.7068,21.1043],[-102.7022,21.103],[-102.7066,21.1014],[-102.7026,21.0926],[-102.6886,21.0927],[-102.6819,21.1185],[-102.6789,21.1198],[-102.6736,21.1144],[-102.6672,21.1159],[-102.6561,21.1295],[-102.65,21.1323],[-102.6498,21.1362],[-102.6457,21.1333],[-102.6456,21.1283],[-102.6404,21.1282],[-102.6412,21.1202],[-102.6356,21.1171],[-102.6372,21.1262],[-102.6304,21.1231],[-102.6287,21.1328],[-102.6382,21.1412],[-102.6156,21.1427]]]}},{"type":"Feature","properties":{"cve_mun":"14112","nombre_municipio":"Valle de Juárez","cve_ent":"14","nombre_entidad":"Jalisco"},"geometry":{"type":"Polygon","coordinates":[[[-102.9498,19.9943],[-102.9436,19.9841],[-102.9263,19.9842],[-102.9089,19.9707],[-102.9098,19.9583],[-102.9194,19.9389],[-102.9214,19.9265],[-102.9173,19.9208],[-102.9188,19.9011],[-102.9151,19.8995],[-102.9238,19.8968],[-102.9237,19.8924],[-102.938,19.8922],[-102.9548,19.8823],[-102.9534,19.877],[-102.9623,19.8682],[-102.9789,19.8681],[-102.979,19.8633],[-102.9759,19.8642],[-102.982,19.8595],[-102.978,19.8567],[-102.979,19.8535],[-102.9747,19.8522],[-102.9769,19.8487],[-102.9724,19.8462],[-102.979,19.8296],[-102.9733,19.8182],[-102.9858,19.8024],[-102.9793,19.7968],[-102.966,19.7939],[-102.9695,19.7842],[-102.9675,19.7798],[-102.9633,19.7798],[-102.968,19.7727],[-102.9828,19.7671],[-102.9878,19.7515],[-102.9823,19.7473],[-102.9707,19.7468],[-102.9747,19.7331],[-102.9589,19.7206],[-102.9632,19.7139],[-102.9644,19.6972],[-102.9568,19.6956],[-102.943,19.6807],[-102.9549,19.6584],[-102.9631,19.661],[-102.9686,19.6575],[-102.9696,19.6384],[-102.9736,19.6333],[-102.9831,19.6328],[-102.9878,19.6355],[-102.9885,19.6329],[-102.9975,19.6417],[-103.0065,19.6403],[-103.0086,19.6467],[-103.0066,19.6563],[-103.0147,19.6629],[-103.0021,19.6728],[-103.0052,19.6753],[-103.0019,19.6762],[-103.0032,19.682],[-102.9992,19.6858],[-103.0075,19.6884],[-103.0234,19.7122],[-103.0177,19.7132],[-103.0194,19.7164],[-103.0158,19.7155],[-103.006,19.7297],[-103.0035,19.747],[-103.0103,19.7493],[-103.0224,19.7635],[-103.0161,19.7878],[-103.0083,19.7915],[-103.0097,19.7886],[-103.0004,19.7848],[-102.9959,19.7903],[-103.0011,19.802],[-102.9912,19.8145],[-102.9902,19.8244],[-102.9816,19.8301],[-102.9868,19.843],[-102.9821,19.8462],[-102.9848,19.8592],[-102.994,19.8702],[-102.9802,19.8689],[-102.978,19.8765],[-102.9867,19.8781],[-102.987,19.882],[-102.9978,19.8917],[-102.9905,19.9357],[-103.0008,19.9351],[-102.9999,19.9387],[-103.0067,19.9413],[-103.0082,19.9565],[-103.0155,19.9598],[-103.0108,19.967],[-103.0122,19.9702],[-103.0045,19.9717],[-102.9938,19.9839],[-102.9685,19.9911],[-102.9633,19.9898],[-102.9626,19.9927],[-102.9584,19.992],[-102.9585,19.9954],[-102.9512,19.9966],[-102.9498,19.9943]]]}},{"type":"Feature","properties":{"cve_mun":"14114","nombre_municipio":"Villa Corona","cve_ent":"14","nombre_entidad":"Jalisco"},"geometry":{"type":"Polygon","coordinates":[[[-103.7666,20.535],[-103.7557,20.5261],[-103.7507,20.5275],[-103.7261,20.5134],[-103.7165,20.5165],[-103.712,20.5138],[-103.7087,20.5191],[-103.6944,20.5238],[-103.6889,20.5213],[-103.6882,20.5025],[-103.686,20.5012],[-103.6875,20.4655],[-103.6816,20.4601],[-103.682,20.4496],[-103.6751,20.4356],[-103.6596,20.4227],[-103.6561,20.4252],[-103.6553,20.4199],[-103.6497,20.4249],[-103.6444,20.4112],[-103.6218,20.4183],[-103.6249,20.4105],[-103.6298,20.4092],[-103.6289,20.4033],[-103.6217,20.3825],[-103.6186,20.3856],[-103.6135,20.3835],[-103.613,20.3436],[-103.6249,20.319],[-103.6631,20.3326],[-103.6593,20.3208],[-103.6638,20.3208],[-103.6653,20.3122],[-103.6823,20.3146],[-103.6761,20.2997],[-103.6783,20.2975],[-103.6766,20.2914],[-103.6979,20.2857],[-103.6986,20.2753],[-103.707,20.2786],[-103.7138,20.2734],[-103.7064,20.2544],[-103.7179,20.2437],[-103.7353,20.2439],[-103.7424,20.264],[-103.762,20.2663],[-103.7724,20.2944],[-103.7728,20.3032],[-103.779,20.3112],[-103.7778,20.316],[-103.7702,20.317],[-103.7703,20.3282],[-103.7607,20.3317],[-103.7632,20.3432],[-103.7542,20.3392],[-103.7375,20.359],[-103.7442,20.3673],[-103.7418,20.3733],[-103.7469,20.3891],[-103.757,20.3911],[-103.7624,20.3955],[-103.7551,20.4018],[-103.7588,20.4046],[-103.7565,20.415],[-103.7492,20.4228],[-103.7537,20.4306],[-103.7522,20.4453],[-103.7549,20.4482],[-103.7634,20.4461],[-103.7727,20.4502],[-103.7755,20.4447],[-103.7846,20.4699],[-103.7831,20.4724],[-103.7865,20.4731],[-103.7833,20.4743],[-103.7804,20.4874],[-103.7898,20.4955],[-103.78,20.498],[-103.7836,20.5014],[-103.7781,20.5032],[-103.7802,20.5079],[-103.7769,20.5117],[-103.7727,20.5114],[-103.7702,20.5171],[-103.7793,20.5259],[-103.7821,20.5332],[-103.7746,20.5302],[-103.7726,20.5339],[-103.7666,20.535]]]}},{"type":"Feature","properties":{"cve_mun":"14115","nombre_municipio":"Villa Guerrero","cve_ent":"14","nombre_entidad":"Jalisco"},"geometry":{"type":"Polygon","coordinates":[[[-103.7743,22.1721],[-103.7716,22.1704],[-103.7742,22.1666],[-103.7658,22.1684],[-103.761,22.1609],[-103.7636,22.1565],[-103.7564,22.1534],[-103.7473,22.1525],[-103.741,22.1574],[-103.7388,22.1534],[-103.7351,22.1544],[-103.7282,22.172],[-103.7222,22.163],[-103.7127,22.1583],[-103.707,22.16],[-103.6988,22.1479],[-103.704,22.1449],[-103.7023,22.1412],[-103.7055,22.1354],[-103.704,22.1316],[-103.6985,22.1305],[-103.7012,22.1269],[-103.6918,22.1294],[-103.6802,22.1237],[-103.6776,22.1161],[-103.6851,22.1149],[-103.6847,22.1099],[-103.6701,22.1085],[-103.6609,22.1027],[-103.6539,22.104],[-103.648,22.1005],[-103.6361,22.1064],[-103.6285,22.1063],[-103.6204,22.0985],[-103.6055,22.0978],[-103.5933,22.1118],[-103.5811,22.1049],[-103.5774,22.12],[-103.58,22.1268],[-103.5669,22.1361],[-103.5509,22.1361],[-103.5507,22.1306],[-103.5449,22.1264],[-103.5451,22.1227],[-103.5382,22.1214],[-103.5323,22.1068],[-103.5444,22.0926],[-103.5501,22.0798],[-103.5514,22.0674],[-103.5484,22.0615],[-103.5507,22.0474],[-103.5491,22.0354],[-103.5471,22.0374],[-103.5462,22.0332],[-103.5419,22.033],[-103.5403,22.0186],[-103.5445,22.0058],[-103.5367,22.0055],[-103.5307,21.9972],[-103.5427,21.9909],[-103.551,21.9919],[-103.5602,21.9872],[-103.5641,21.9813],[-103.5512,21.9744],[-103.5332,21.9731],[-103.5376,21.9672],[-103.5437,21.9662],[-103.5516,21.9594],[-103.5532,21.9522],[-103.5581,21.9523],[-103.5705,21.9405],[-103.5782,21.9232],[-103.5497,21.9246],[-103.548,21.9024],[-103.5676,21.903],[-103.5835,21.8995],[-103.5876,21.8781],[-103.5961,21.8681],[-103.6221,21.8692],[-103.6287,21.8759],[-103.6498,21.8694],[-103.6492,21.8739],[-103.6579,21.8922],[-103.6515,21.9006],[-103.6506,21.9208],[-103.6587,21.923],[-103.6769,21.9184],[-103.6835,21.9282],[-103.6803,21.9319],[-103.68,21.9415],[-103.6891,21.9468],[-103.7037,21.9489],[-103.7014,21.9624],[-103.7081,21.9689],[-103.7218,21.9695],[-103.7248,21.9746],[-103.733,21.9731],[-103.7578,21.9776],[-103.7665,21.97],[-103.774,21.9681],[-103.7782,21.9623],[-103.7829,21.9629],[-103.7889,21.9583],[-103.7978,21.9351],[-103.8115,21.9364],[-103.8338,21.9269],[-103.8406,21.9279],[-103.8255,21.9371],[-103.8428,21.9366],[-103.8283,21.9517],[-103.8417,21.9533],[-103.8512,21.9628],[-103.8484,21.9692],[-103.8505,21.9743],[-103.8387,21.9786],[-103.8354,21.988],[-103.8399,22.0107],[-103.8252,22.0124],[-103.8009,22.0308],[-103.8104,22.047],[-103.8163,22.0479],[-103.8231,22.0587],[-103.8219,22.0615],[-103.8455,22.0729],[-103.8456,22.0878],[-103.8387,22.0985],[-103.8367,22.116],[-103.8309,22.1198],[-103.8309,22.1258],[-103.8393,22.1346],[-103.8402,22.1404],[-103.8336,22.1468],[-103.8309,22.1382],[-103.8069,22.1432],[-103.8045,22.1457],[-103.8086,22.1511],[-103.7926,22.1552],[-103.7874,22.1681],[-103.7743,22.1721]]]}},{"type":"Feature","properties":{"cve_mun":"14075","nombre_municipio":"San Marcos","cve_ent":"14","nombre_entidad":"Jalisco"},"geometry":{"type":"Polygon","coordinates":[[[-104.2159,20.9233],[-104.2018,20.922],[-104.196,20.9152],[-104.1907,20.9155],[-104.1819,20.9103],[-104.172,20.9116],[-104.1662,20.9029],[-104.1552,20.8977],[-104.1422,20.8845],[-104.1423,20.8796],[-104.1472,20.8794],[-104.1554,20.8678],[-104.1536,20.8589],[-104.1457,20.856],[-104.1437,20.8581],[-104.1394,20.8512],[-104.1273,20.8451],[-104.1329,20.8401],[-104.1281,20.8358],[-104.1321,20.8278],[-104.1285,20.8248],[-104.134,20.8238],[-104.1368,20.8187],[-104.1318,20.8114],[-104.1243,20.8149],[-104.1348,20.8089],[-104.1362,20.8061],[-104.1332,20.8027],[-104.1344,20.7993],[-104.1379,20.7996],[-104.1348,20.7932],[-104.1362,20.7846],[-104.1298,20.7818],[-104.1301,20.779],[-104.125,20.7788],[-104.1308,20.7707],[-104.1983,20.7843],[-104.2024,20.7731],[-104.2048,20.7762],[-104.2062,20.7726],[-104.2017,20.7572],[-104.1951,20.7514],[-104.2012,20.744],[-104.1944,20.7387],[-104.1946,20.7343],[-104.2067,20.7287],[-104.2142,20.7313],[-104.2201,20.725],[-104.2415,20.7238],[-104.2599,20.7353],[-104.2735,20.7684],[-104.28,20.7689],[-104.2829,20.7835],[-104.2899,20.7813],[-104.2915,20.7706],[-104.2976,20.7708],[-104.3283,20.7981],[-104.3358,20.7899],[-104.3453,20.7908],[-104.3464,20.7932],[-104.3582,20.7905],[-104.3752,20.7754],[-104.3759,20.7841],[-104.3504,20.8116],[-104.3641,20.8139],[-104.3603,20.8198],[-104.3571,20.8199],[-104.3618,20.8409],[-104.35,20.8457],[-104.3419,20.8442],[-104.3343,20.8467],[-104.3317,20.8427],[-104.3184,20.8386],[-104.3126,20.8404],[-104.3088,20.8468],[-104.2954,20.8455],[-104.2902,20.849],[-104.2907,20.8623],[-104.2791,20.8645],[-104.2909,20.8878],[-104.2685,20.8873],[-104.2595,20.894],[-104.2532,20.8928],[-104.2392,20.9],[-104.2326,20.9098],[-104.2238,20.9179],[-104.2176,20.9189],[-104.2159,20.9233]]]}},{"type":"Feature","properties":{"cve_mun":"14077","nombre_municipio":"San Martín Hidalgo","cve_ent":"14","nombre_entidad":"Jalisco"},"geometry":{"type":"Polygon","coordinates":[[[-103.822,20.6013],[-103.8204,20.5993],[-103.8286,20.5926],[-103.8154,20.5959],[-103.8043,20.5816],[-103.7941,20.579],[-103.7869,20.5695],[-103.7766,20.5735],[-103.7663,20.5689],[-103.7633,20.5632],[-103.7379,20.5566],[-103.721,20.5332],[-103.7197,20.5259],[-103.7145,20.5201],[-103.7146,20.5139],[-103.7165,20.5165],[-103.7261,20.5134],[-103.7507,20.5275],[-103.7557,20.5261],[-103.7666,20.535],[-103.7726,20.5339],[-103.7746,20.5302],[-103.7818,20.5337],[-103.7791,20.5263],[-103.8063,20.5348],[-103.8139,20.5302],[-103.8209,20.5323],[-103.8234,20.5301],[-103.8286,20.5351],[-103.8238,20.5389],[-103.8251,20.542],[-103.8394,20.5383],[-103.8363,20.5267],[-103.8491,20.511],[-103.844,20.505],[-103.8452,20.4976],[-103.8537,20.4954],[-103.8547,20.4834],[-103.8658,20.4808],[-103.8662,20.4745],[-103.8709,20.4743],[-103.8707,20.4688],[-103.876,20.4665],[-103.8762,20.46],[-103.8737,20.4603],[-103.8723,20.4556],[-103.8759,20.443],[-103.8718,20.4298],[-103.8834,20.4139],[-103.8717,20.3945],[-103.8684,20.3995],[-103.8512,20.3955],[-103.8505,20.3902],[-103.846,20.389],[-103.8557,20.382],[-103.8513,20.3819],[-103.8429,20.3745],[-103.856,20.3655],[-103.8802,20.3653],[-103.8792,20.3632],[-103.8816,20.3642],[-103.8843,20.3596],[-103.8908,20.3652],[-103.8907,20.3722],[-103.9007,20.3785],[-103.8998,20.3867],[-103.9047,20.3802],[-103.9077,20.3651],[-103.9147,20.3564],[-103.9111,20.3493],[-103.9242,20.3435],[-103.9233,20.3395],[-103.9304,20.3358],[-103.933,20.3272],[-103.9473,20.3242],[-103.9501,20.3395],[-103.9542,20.3393],[-103.9602,20.3321],[-103.9628,20.3352],[-103.9676,20.3338],[-103.9765,20.3384],[-103.9851,20.338],[-103.9964,20.3341],[-103.9952,20.3262],[-103.9996,20.3214],[-104.0264,20.3181],[-104.0307,20.332],[-104.0221,20.3452],[-104.0244,20.3516],[-104.0318,20.3556],[-104.0358,20.3739],[-104.0396,20.3743],[-104.0409,20.3935],[-104.0267,20.3866],[-104.022,20.3863],[-104.0196,20.3895],[-104.0145,20.3866],[-104.006,20.3926],[-103.9958,20.3931],[-103.9887,20.3991],[-104.0034,20.4182],[-103.9908,20.4522],[-103.9938,20.4526],[-103.9927,20.4596],[-103.9955,20.4602],[-103.9918,20.4697],[-103.9792,20.4697],[-103.9762,20.4823],[-103.9536,20.4574],[-103.9471,20.4633],[-103.9449,20.4621],[-103.9465,20.474],[-103.9426,20.4811],[-103.9446,20.4854],[-103.9404,20.4847],[-103.9314,20.4919],[-103.9271,20.4938],[-103.9234,20.4913],[-103.9209,20.4944],[-103.9248,20.4969],[-103.9217,20.504],[-103.9274,20.5077],[-103.9249,20.5107],[-103.9281,20.5129],[-103.9271,20.5169],[-103.918,20.5184],[-103.9133,20.5258],[-103.9003,20.5232],[-103.8863,20.5295],[-103.8798,20.5397],[-103.8774,20.5392],[-103.8937,20.5526],[-103.8647,20.5659],[-103.85,20.5843],[-103.8362,20.584],[-103.8299,20.59],[-103.8288,20.5968],[-103.822,20.6013]]]}},{"type":"Feature","properties":{"cve_mun":"14078","nombre_municipio":"San Miguel el Alto","cve_ent":"14","nombre_entidad":"Jalisco"},"geometry":{"type":"Polygon","coordinates":[[[-102.2463,21.1208],[-102.24,21.1202],[-102.2369,21.1104],[-102.2311,21.1066],[-102.2237,21.1081],[-102.2229,21.0856],[-102.2172,21.0771],[-102.2136,21.0578],[-102.2182,21.0539],[-102.2192,21.0444],[-102.2135,21.0179],[-102.2039,21.003],[-102.215,20.9934],[-102.2188,20.9853],[-102.2016,20.9791],[-102.2089,20.9702],[-102.2158,20.968],[-102.2242,20.9503],[-102.2195,20.9443],[-102.2234,20.9415],[-102.2209,20.9365],[-102.2324,20.9207],[-102.2361,20.9206],[-102.2381,20.9139],[-102.2454,20.9179],[-102.2527,20.9141],[-102.2521,20.91],[-102.2408,20.9051],[-102.2354,20.898],[-102.2368,20.885],[-102.2441,20.8829],[-102.2574,20.8867],[-102.2744,20.8843],[-102.271,20.8946],[-102.278,20.8954],[-102.2777,20.8915],[-102.283,20.8968],[-102.2907,20.897],[-102.2943,20.8911],[-102.3069,20.8842],[-102.3195,20.8862],[-102.3232,20.8822],[-102.3437,20.8893],[-102.3447,20.8831],[-102.3517,20.883],[-102.3551,20.8886],[-102.3734,20.8918],[-102.3818,20.8821],[-102.3967,20.8857],[-102.4027,20.8851],[-102.4044,20.8806],[-102.4214,20.8886],[-102.4364,20.8665],[-102.4595,20.8646],[-102.4743,20.8681],[-102.485,20.8655],[-102.49,20.8687],[-102.4949,20.8811],[-102.4916,20.8935],[-102.4952,20.8995],[-102.4933,20.908],[-102.4991,20.9124],[-102.4974,20.9138],[-102.5089,20.9203],[-102.5234,20.9197],[-102.5245,20.9251],[-102.5349,20.9313],[-102.5422,20.9302],[-102.547,20.9385],[-102.5561,20.9403],[-102.5627,20.9557],[-102.5678,20.9604],[-102.5616,20.9825],[-102.5716,20.9909],[-102.5727,21.0017],[-102.5499,21.0199],[-102.5457,21.014],[-102.5389,21.0156],[-102.5252,21.033],[-102.5447,21.0383],[-102.553,21.0627],[-102.5581,21.0664],[-102.5535,21.0662],[-102.5526,21.0736],[-102.5463,21.0783],[-102.5389,21.0779],[-102.5383,21.0822],[-102.5322,21.0873],[-102.5207,21.0893],[-102.5172,21.0834],[-102.5105,21.0814],[-102.5099,21.0875],[-102.5043,21.0859],[-102.5,21.0826],[-102.4931,21.0663],[-102.4847,21.0657],[-102.4688,21.0721],[-102.4551,21.0696],[-102.4419,21.0824],[-102.4224,21.0836],[-102.4291,21.0954],[-102.4259,21.1043],[-102.42,21.1044],[-102.4165,21.0977],[-102.3948,21.1087],[-102.3762,21.1135],[-102.3691,21.1097],[-102.3587,21.0966],[-102.3502,21.1075],[-102.3428,21.1067],[-102.3424,21.1014],[-102.3386,21.1011],[-102.3298,21.1109],[-102.318,21.109],[-102.3125,21.1019],[-102.295,21.1015],[-102.2919,21.096],[-102.2802,21.0999],[-102.2736,21.0983],[-102.2502,21.1026],[-102.2463,21.1208]]]}},{"type":"Feature","properties":{"cve_mun":"14079","nombre_municipio":"Gómez Farías","cve_ent":"14","nombre_entidad":"Jalisco"},"geometry":{"type":"Polygon","coordinates":[[[-103.3326,19.9608],[-103.3331,19.944],[-103.3168,19.9452],[-103.3145,19.9399],[-103.306,19.9376],[-103.3016,19.9304],[-103.2921,19.9264],[-103.2857,19.9166],[-103.2802,19.9154],[-103.2811,19.8994],[-103.2772,19.897],[-103.2735,19.885],[-103.2694,19.8845],[-103.2793,19.8822],[-103.2809,19.8858],[-103.2914,19.8842],[-103.2996,19.8877],[-103.322,19.8778],[-103.3217,19.8726],[-103.3098,19.8647],[-103.2977,19.844],[-103.3033,19.838],[-103.3103,19.8373],[-103.3143,19.8405],[-103.3112,19.8359],[-103.3126,19.8325],[-103.3209,19.8268],[-103.3235,19.8222],[-103.3214,19.8202],[-103.33,19.8145],[-103.3274,19.8106],[-103.3286,19.8015],[-103.3345,19.7963],[-103.3356,19.8021],[-103.3384,19.8009],[-103.3406,19.7935],[-103.3639,19.8108],[-103.403,19.8144],[-103.4091,19.8103],[-103.4136,19.8161],[-103.4133,19.809],[-103.4182,19.8019],[-103.4225,19.7982],[-103.4267,19.8009],[-103.4246,19.7916],[-103.428,19.7922],[-103.431,19.7812],[-103.4413,19.7812],[-103.4465,19.7894],[-103.4472,19.7845],[-103.4527,19.7877],[-103.4584,19.7835],[-103.4537,19.7769],[-103.4618,19.771],[-103.4605,19.7678],[-103.4752,19.7772],[-103.4725,19.7711],[-103.4835,19.7722],[-103.4895,19.7653],[-103.4972,19.7622],[-103.4979,19.7587],[-103.5056,19.7688],[-103.5163,19.7698],[-103.5247,19.7749],[-103.528,19.7718],[-103.5436,19.7743],[-103.5506,19.794],[-103.5601,19.8033],[-103.5642,19.8153],[-103.5681,19.8168],[-103.565,19.8249],[-103.5635,19.8228],[-103.5584,19.8249],[-103.5579,19.837],[-103.546,19.8407],[-103.5474,19.8462],[-103.542,19.8545],[-103.5414,19.864],[-103.5119,19.8541],[-103.515,19.8757],[-103.5095,19.8764],[-103.509,19.8852],[-103.5002,19.8922],[-103.4993,19.8975],[-103.4532,19.8872],[-103.4466,19.8929],[-103.4484,19.8854],[-103.4447,19.8883],[-103.437,19.8807],[-103.4285,19.8827],[-103.4262,19.8871],[-103.4293,19.9095],[-103.4227,19.9149],[-103.432,19.9225],[-103.4277,19.926],[-103.4273,19.9349],[-103.4109,19.9339],[-103.404,19.9413],[-103.3906,19.9329],[-103.3744,19.93],[-103.3801,19.9389],[-103.3669,19.955],[-103.3326,19.9608]]]}},{"type":"Feature","properties":{"cve_mun":"14073","nombre_municipio":"San Juan de los Lagos","cve_ent":"14","nombre_entidad":"Jalisco"},"geometry":{"type":"Polygon","coordinates":[[[-102.417,21.4124],[-102.4117,21.4064],[-102.4032,21.4051],[-102.4004,21.3895],[-102.393,21.3888],[-102.3907,21.3854],[-102.3816,21.3861],[-102.3801,21.3921],[-102.3713,21.3989],[-102.3408,21.4127],[-102.3293,21.4082],[-102.3316,21.4045],[-102.3228,21.388],[-102.298,21.3821],[-102.2889,21.3852],[-102.2785,21.3838],[-102.2588,21.3965],[-102.2505,21.389],[-102.2417,21.3863],[-102.2436,21.3819],[-102.23,21.3817],[-102.2274,21.3965],[-102.2111,21.4028],[-102.2152,21.394],[-102.2165,21.3838],[-102.2144,21.3827],[-102.1805,21.3925],[-102.1795,21.3966],[-102.164,21.3824],[-102.1593,21.3815],[-102.1566,21.3855],[-102.1477,21.3866],[-102.1492,21.3786],[-102.1427,21.3646],[-102.1418,21.3544],[-102.1393,21.3537],[-102.1563,21.347],[-102.1606,21.3307],[-102.1567,21.3237],[-102.1577,21.3177],[-102.1688,21.3021],[-102.1554,21.3046],[-102.1482,21.2996],[-102.1488,21.2944],[-102.1312,21.2978],[-102.1327,21.2906],[-102.1446,21.2807],[-102.1445,21.2768],[-102.1303,21.2775],[-102.123,21.2741],[-102.1281,21.2703],[-102.1263,21.2689],[-102.1369,21.2644],[-102.1403,21.2554],[-102.1433,21.2341],[-102.1476,21.2272],[-102.1432,21.2096],[-102.1561,21.1991],[-102.1643,21.2022],[-102.1651,21.1984],[-102.1701,21.1988],[-102.1706,21.1916],[-102.186,21.1872],[-102.1887,21.1815],[-102.171,21.1815],[-102.1738,21.1757],[-102.1721,21.1694],[-102.1782,21.1711],[-102.1844,21.168],[-102.189,21.1738],[-102.1935,21.1737],[-102.188,21.1651],[-102.1961,21.1617],[-102.1943,21.1521],[-102.197,21.1512],[-102.1969,21.1427],[-102.1941,21.1419],[-102.2021,21.1335],[-102.1944,21.1295],[-102.1918,21.1179],[-102.1878,21.1174],[-102.1949,21.1035],[-102.2142,21.0984],[-102.2232,21.0995],[-102.224,21.1086],[-102.2311,21.1066],[-102.2369,21.1104],[-102.24,21.1202],[-102.2467,21.1208],[-102.2502,21.1026],[-102.2736,21.0983],[-102.2802,21.0999],[-102.292,21.096],[-102.2952,21.1016],[-102.3149,21.1032],[-102.3132,21.1362],[-102.3235,21.1502],[-102.3379,21.1551],[-102.3402,21.1595],[-102.3512,21.164],[-102.3622,21.1642],[-102.3736,21.1591],[-102.3799,21.1647],[-102.3875,21.1606],[-102.3975,21.1662],[-102.4018,21.1608],[-102.4083,21.1615],[-102.4083,21.1676],[-102.4116,21.1684],[-102.4059,21.1829],[-102.4181,21.1861],[-102.4129,21.1921],[-102.3959,21.2011],[-102.4093,21.2116],[-102.4217,21.2077],[-102.4147,21.2207],[-102.4271,21.2238],[-102.4396,21.2316],[-102.4274,21.2337],[-102.4173,21.2394],[-102.4234,21.2597],[-102.4311,21.2673],[-102.4278,21.2665],[-102.4202,21.2722],[-102.4216,21.2792],[-102.4233,21.2815],[-102.4323,21.2808],[-102.4405,21.2894],[-102.44,21.2763],[-102.451,21.2804],[-102.455,21.2785],[-102.4561,21.2813],[-102.4537,21.2873],[-102.4568,21.2961],[-102.4535,21.3026],[-102.4518,21.3043],[-102.4482,21.3008],[-102.4345,21.315],[-102.4297,21.3288],[-102.448,21.3275],[-102.4686,21.3366],[-102.482,21.3269],[-102.4875,21.3394],[-102.4865,21.3447],[-102.4946,21.3483],[-102.4912,21.3514],[-102.4817,21.3512],[-102.4706,21.3665],[-102.4676,21.3663],[-102.4682,21.3691],[-102.459,21.3789],[-102.4639,21.3831],[-102.4559,21.4033],[-102.4493,21.4053],[-102.4315,21.4007],[-102.417,21.4124]]]}},{"type":"Feature","properties":{"cve_mun":"14074","nombre_municipio":"San Julián","cve_ent":"14","nombre_entidad":"Jalisco"},"geometry":{"type":"Polygon","coordinates":[[[-102.1883,21.1153],[-102.1807,21.1057],[-102.1591,21.1084],[-102.1564,21.1126],[-102.1579,21.0906],[-102.1497,21.0975],[-102.1365,21.1017],[-102.1372,21.1063],[-102.1307,21.1088],[-102.1233,21.1017],[-102.1173,21.1031],[-102.1167,21.0909],[-102.1096,21.09],[-102.105,21.0808],[-102.0931,21.0792],[-102.0892,21.0696],[-102.0854,21.0692],[-102.0888,21.0666],[-102.0879,21.0634],[-102.1094,21.059],[-102.1171,21.0329],[-102.1142,21.0018],[-102.102,20.9946],[-102.1095,20.985],[-102.1189,20.9838],[-102.1219,20.9773],[-102.1167,20.964],[-102.1188,20.9586],[-102.1072,20.9515],[-102.1038,20.945],[-102.1193,20.9426],[-102.1115,20.939],[-102.103,20.9274],[-102.1084,20.9193],[-102.106,20.9071],[-102.1116,20.9059],[-102.1113,20.8966],[-102.1217,20.9],[-102.1219,20.8931],[-102.1165,20.8853],[-102.1197,20.8766],[-102.1529,20.872],[-102.153,20.8751],[-102.1594,20.8762],[-102.1487,20.8999],[-102.1645,20.9111],[-102.1811,20.9087],[-102.1953,20.9024],[-102.2033,20.9078],[-102.2112,20.905],[-102.2155,20.9099],[-102.2234,20.9109],[-102.2254,20.8995],[-102.2354,20.898],[-102.2408,20.9051],[-102.2521,20.91],[-102.2501,20.9177],[-102.2381,20.9139],[-102.2361,20.9206],[-102.2324,20.9207],[-102.2242,20.9313],[-102.2207,20.9373],[-102.2234,20.9417],[-102.2195,20.9443],[-102.2242,20.9503],[-102.2152,20.969],[-102.2089,20.9702],[-102.2016,20.9791],[-102.2188,20.9853],[-102.215,20.9934],[-102.2039,21.003],[-102.2135,21.0179],[-102.2192,21.0444],[-102.2182,21.0539],[-102.2136,21.0578],[-102.2172,21.0771],[-102.2229,21.0856],[-102.2234,21.0996],[-102.2142,21.0984],[-102.1949,21.1035],[-102.1883,21.1153]]]}},{"type":"Feature","properties":{"cve_mun":"14076","nombre_municipio":"San Martín de Bolaños","cve_ent":"14","nombre_entidad":"Jalisco"},"geometry":{"type":"Polygon","coordinates":[[[-103.8901,21.7803],[-103.895,21.7495],[-103.8899,21.7601],[-103.8815,21.7627],[-103.8754,21.7707],[-103.8757,21.7574],[-103.8611,21.7457],[-103.8498,21.7452],[-103.8472,21.7386],[-103.8398,21.7339],[-103.833,21.7386],[-103.8141,21.738],[-103.8032,21.7289],[-103.7925,21.7336],[-103.7653,21.7203],[-103.7473,21.7258],[-103.7322,21.7209],[-103.7268,21.7232],[-103.7272,21.7162],[-103.7062,21.7083],[-103.7037,21.6964],[-103.6973,21.6957],[-103.6888,21.7025],[-103.681,21.701],[-103.6743,21.7129],[-103.6661,21.7118],[-103.6577,21.7169],[-103.6531,21.7163],[-103.6467,21.7222],[-103.6475,21.7136],[-103.6517,21.7089],[-103.6511,21.7012],[-103.6556,21.7032],[-103.6596,21.6993],[-103.6581,21.6943],[-103.6645,21.6881],[-103.6646,21.6803],[-103.6765,21.6809],[-103.6746,21.6761],[-103.6826,21.6647],[-103.6859,21.6698],[-103.6896,21.6693],[-103.6942,21.6525],[-103.6967,21.6541],[-103.7015,21.6446],[-103.6838,21.6147],[-103.6849,21.606],[-103.7094,21.6002],[-103.7037,21.5945],[-103.6987,21.5783],[-103.6926,21.5731],[-103.6913,21.5603],[-103.6861,21.5589],[-103.6901,21.5496],[-103.6863,21.535],[-103.6935,21.5325],[-103.6945,21.5289],[-103.6867,21.5247],[-103.6861,21.5212],[-103.6822,21.5211],[-103.6798,21.5112],[-103.6724,21.5071],[-103.6918,21.4956],[-103.6943,21.4902],[-103.6932,21.479],[-103.7015,21.4663],[-103.6587,21.4637],[-103.6647,21.4549],[-103.6608,21.4416],[-103.6503,21.4346],[-103.6492,21.4386],[-103.6318,21.4382],[-103.6193,21.424],[-103.6226,21.4239],[-103.6247,21.4181],[-103.6285,21.4168],[-103.6405,21.4216],[-103.6642,21.4023],[-103.6711,21.4038],[-103.6859,21.3952],[-103.6986,21.3944],[-103.7045,21.3912],[-103.702,21.385],[-103.7052,21.3799],[-103.7246,21.3785],[-103.7278,21.3734],[-103.7432,21.3672],[-103.7457,21.363],[-103.7424,21.3755],[-103.7498,21.3821],[-103.7673,21.3884],[-103.7661,21.3934],[-103.7569,21.3999],[-103.7644,21.4103],[-103.7564,21.4101],[-103.7513,21.4175],[-103.7313,21.4159],[-103.7209,21.4254],[-103.7284,21.4357],[-103.742,21.4416],[-103.7445,21.4541],[-103.7529,21.4661],[-103.7482,21.4709],[-103.7501,21.4756],[-103.7691,21.483],[-103.7703,21.4884],[-103.7782,21.4921],[-103.7741,21.4984],[-103.7801,21.5],[-103.7911,21.4977],[-103.793,21.4887],[-103.8016,21.4898],[-103.8004,21.4872],[-103.814,21.4945],[-103.8237,21.493],[-103.8282,21.4982],[-103.8279,21.5053],[-103.8321,21.5134],[-103.8493,21.5145],[-103.8599,21.5247],[-103.858,21.5313],[-103.854,21.5332],[-103.8563,21.5524],[-103.8708,21.5487],[-103.8816,21.5521],[-103.8918,21.5625],[-103.8902,21.5716],[-103.8926,21.5741],[-103.903,21.5744],[-103.904,21.5775],[-103.9192,21.582],[-103.9232,21.5906],[-103.9124,21.608],[-103.9191,21.6162],[-103.9165,21.6183],[-103.9098,21.6148],[-103.9077,21.6187],[-103.9118,21.6298],[-103.9302,21.6419],[-103.9213,21.6684],[-103.9153,21.6708],[-103.9124,21.669],[-103.9033,21.6858],[-103.8877,21.6978],[-103.8966,21.7127],[-103.8959,21.7277],[-103.8988,21.7277],[-103.9024,21.7161],[-103.9075,21.7184],[-103.9108,21.7254],[-103.9277,21.737],[-103.9336,21.7484],[-103.9312,21.7517],[-103.9201,21.7509],[-103.9169,21.754],[-103.9218,21.7737],[-103.9114,21.7793],[-103.8901,21.7803]]]}},{"type":"Feature","properties":{"cve_mun":"14014","nombre_municipio":"Atoyac","cve_ent":"14","nombre_entidad":"Jalisco"},"geometry":{"type":"Polygon","coordinates":[[[-103.5178,20.1334],[-103.4664,20.1191],[-103.4658,20.111],[-103.4689,20.1083],[-103.478,20.1107],[-103.4795,20.1075],[-103.4758,20.1037],[-103.4937,20.0947],[-103.497,20.0901],[-103.4916,20.0814],[-103.4804,20.0789],[-103.4751,20.0737],[-103.4751,20.0691],[-103.4726,20.0716],[-103.4681,20.0679],[-103.4628,20.071],[-103.4622,20.0759],[-103.4584,20.078],[-103.46,20.0882],[-103.4544,20.0941],[-103.4327,20.0854],[-103.4223,20.0743],[-103.4147,20.0755],[-103.4057,20.0608],[-103.393,20.0611],[-103.3892,20.0562],[-103.384,20.0611],[-103.3808,20.0464],[-103.383,20.0387],[-103.3773,20.0316],[-103.3529,20.0154],[-103.3374,20.0137],[-103.3294,20.0174],[-103.3195,20.0138],[-103.3151,20.0094],[-103.3205,20.0055],[-103.308,19.9988],[-103.2974,19.9876],[-103.2968,19.9758],[-103.3058,19.9808],[-103.3148,19.9804],[-103.3257,19.9767],[-103.3325,19.9607],[-103.3663,19.9554],[-103.3801,19.9389],[-103.3744,19.93],[-103.3906,19.9329],[-103.404,19.9413],[-103.4109,19.9339],[-103.4188,19.9325],[-103.4268,19.9352],[-103.4277,19.926],[-103.432,19.9225],[-103.4227,19.9149],[-103.4293,19.9095],[-103.4262,19.8871],[-103.4285,19.8827],[-103.437,19.8807],[-103.4447,19.8883],[-103.4484,19.8854],[-103.4466,19.8929],[-103.4532,19.8872],[-103.4997,19.8973],[-103.502,19.9008],[-103.4982,19.9072],[-103.4997,19.9113],[-103.5137,19.9129],[-103.5135,19.9252],[-103.5242,19.9264],[-103.5235,19.949],[-103.5516,19.9281],[-103.5613,19.9254],[-103.5729,19.9088],[-103.5686,19.9065],[-103.5705,19.8955],[-103.5793,19.8929],[-103.5775,19.9023],[-103.5801,19.9057],[-103.5934,19.9109],[-103.5971,19.909],[-103.6086,19.9332],[-103.6122,19.9563],[-103.5934,19.9742],[-103.5678,20.0153],[-103.5444,20.0262],[-103.5444,20.0314],[-103.5527,20.0387],[-103.5392,20.0753],[-103.5384,20.0946],[-103.5422,20.1205],[-103.5354,20.1298],[-103.5178,20.1334]]]}},{"type":"Feature","properties":{"cve_mun":"14015","nombre_municipio":"Autlán de Navarro","cve_ent":"14","nombre_entidad":"Jalisco"},"geometry":{"type":"Polygon","coordinates":[[[-104.3632,19.9231],[-104.3645,19.9082],[-104.3562,19.9038],[-104.353,19.8903],[-104.3408,19.8871],[-104.3396,19.8811],[-104.3334,19.8852],[-104.3315,19.8776],[-104.3215,19.877],[-104.3185,19.872],[-104.3082,19.8709],[-104.305,19.8638],[-104.2906,19.8582],[-104.2827,19.8489],[-104.283,19.8322],[-104.2791,19.8262],[-104.2736,19.8233],[-104.256,19.8275],[-104.249,19.823],[-104.2419,19.8236],[-104.2392,19.8021],[-104.23,19.7947],[-104.2316,19.7916],[-104.2255,19.79],[-104.2275,19.7752],[-104.2174,19.7733],[-104.2157,19.7589],[-104.2103,19.7532],[-104.2063,19.7543],[-104.2009,19.7501],[-104.1965,19.7518],[-104.1913,19.7461],[-104.1874,19.7476],[-104.185,19.7396],[-104.18,19.7393],[-104.1811,19.7442],[-104.1747,19.7411],[-104.1752,19.7349],[-104.1721,19.7326],[-104.1669,19.732],[-104.1636,19.7366],[-104.1584,19.7277],[-104.1595,19.7215],[-104.1562,19.716],[-104.1532,19.7165],[-104.1541,19.7061],[-104.1457,19.7072],[-104.1424,19.702],[-104.1429,19.6986],[-104.1499,19.6956],[-104.1484,19.6915],[-104.1364,19.6922],[-104.1467,19.6717],[-104.1582,19.6652],[-104.1571,19.6615],[-104.1611,19.6602],[-104.1625,19.6552],[-104.171,19.6513],[-104.1707,19.6469],[-104.1858,19.6236],[-104.1947,19.6222],[-104.1991,19.618],[-104.2025,19.6198],[-104.2037,19.6173],[-104.1996,19.6134],[-104.2049,19.6024],[-104.2158,19.5935],[-104.2208,19.5944],[-104.2239,19.5907],[-104.2284,19.5978],[-104.2353,19.5978],[-104.2436,19.5967],[-104.245,19.5938],[-104.2605,19.5947],[-104.263,19.5887],[-104.2725,19.5884],[-104.294,19.5986],[-104.2975,19.5978],[-104.2992,19.6038],[-104.3102,19.6069],[-104.323,19.6],[-104.3219,19.6056],[-104.3344,19.6043],[-104.3316,19.6071],[-104.3341,19.6073],[-104.3429,19.5997],[-104.3494,19.601],[-104.348,19.606],[-104.351,19.6137],[-104.3754,19.6184],[-104.3904,19.6263],[-104.3811,19.6269],[-104.373,19.634],[-104.3776,19.6548],[-104.3749,19.6586],[-104.3795,19.6613],[-104.3798,19.6668],[-104.3764,19.6728],[-104.3787,19.6755],[-104.3687,19.6898],[-104.3869,19.6981],[-104.3866,19.7107],[-104.3927,19.7152],[-104.3846,19.7181],[-104.3839,19.7294],[-104.3733,19.733],[-104.3707,19.7414],[-104.3741,19.7403],[-104.3728,19.7439],[-104.3853,19.7416],[-104.3788,19.7355],[-104.388,19.7396],[-104.3932,19.7354],[-104.4086,19.7326],[-104.4248,19.7438],[-104.4253,19.7594],[-104.4375,19.7559],[-104.4409,19.7586],[-104.4552,19.7589],[-104.4639,19.7748],[-104.4714,19.7789],[-104.4736,19.7996],[-104.4631,19.8248],[-104.4363,19.8242],[-104.4468,19.8329],[-104.4487,19.8426],[-104.456,19.8468],[-104.4478,19.8599],[-104.445,19.8745],[-104.4394,19.8783],[-104.4369,19.8851],[-104.4217,19.8867],[-104.4223,19.8934],[-104.4196,19.8966],[-104.4217,19.8996],[-104.416,19.9046],[-104.4188,19.9089],[-104.4174,19.9138],[-104.4108,19.9194],[-104.4084,19.9155],[-104.4054,19.9184],[-104.4036,19.9165],[-104.4022,19.921],[-104.3963,19.9172],[-104.3907,19.9215],[-104.3879,19.9164],[-104.3808,19.9155],[-104.3707,19.9248],[-104.3632,19.9231]]]}},{"type":"Feature","properties":{"cve_mun":"14043","nombre_municipio":"La Huerta","cve_ent":"14","nombre_entidad":"Jalisco"},"geometry":{"type":"MultiPolygon","coordinates":[[[[-104.8145,19.229],[-104.8164,19.2209],[-104.8149,19.2313],[-104.8145,19.229]]],[[[-104.8125,19.233],[-104.8134,19.2309],[-104.8148,19.2331],[-104.8125,19.233]]],[[[-104.8761,19.2734],[-104.876,19.2732],[-104.8759,19.2732],[-104.8759,19.273],[-104.8759,19.2729],[-104.8761,19.2727],[-104.8762,19.2727],[-104.8763,19.2725],[-104.8765,19.2725],[-104.8765,19.2724],[-104.8769,19.2725],[-104.8771,19.2727],[-104.8773,19.2727],[-104.8775,19.2728],[-104.8775,19.273],[-104.8774,19.2732],[-104.8772,19.2733],[-104.8772,19.2734],[-104.8772,19.2736],[-104.8769,19.2737],[-104.8765,19.2735],[-104.8762,19.2735],[-104.8762,19.2735],[-104.8761,19.2734]]],[[[-104.9599,19.3061],[-104.9601,19.306],[-104.9602,19.3061],[-104.9602,19.3062],[-104.9602,19.3064],[-104.9603,19.3066],[-104.9605,19.3067],[-104.9607,19.307],[-104.961,19.3077],[-104.961,19.3079],[-104.9609,19.308],[-104.9607,19.3081],[-104.9606,19.3081],[-104.9605,19.308],[-104.9604,19.3079],[-104.9603,19.3078],[-104.9601,19.3078],[-104.9595,19.3071],[-104.9596,19.3068],[-104.9597,19.3067],[-104.9598,19.3066],[-104.9599,19.3065],[-104.9598,19.3063],[-104.9598,19.3061],[-104.9599,19.3061]]],[[[-104.9553,19.3101],[-104.9552,19.3101],[-104.9553,19.31],[-104.9554,19.31],[-104.9554,19.3101],[-104.9555,19.3101],[-104.9555,19.31],[-104.9556,19.31],[-104.9556,19.3097],[-104.9556,19.3096],[-104.9556,19.3095],[-104.9557,19.3094],[-104.9558,19.3096],[-104.956,19.3095],[-104.9561,19.3096],[-104.9561,19.3096],[-104.9563,19.3097],[-104.9564,19.3097],[-104.9563,19.3099],[-104.9564,19.31],[-104.9566,19.3101],[-104.9566,19.3103],[-104.9563,19.3105],[-104.9561,19.3105],[-104.9559,19.3106],[-104.9558,19.3106],[-104.9556,19.3106],[-104.9555,19.3105],[-104.9555,19.3105],[-104.9553,19.3104],[-104.9553,19.3103],[-104.9553,19.3103],[-104.9553,19.3102],[-104.9553,19.3102],[-104.9553,19.3101]]],[[[-104.9515,19.3142],[-104.9516,19.3142],[-104.9517,19.3143],[-104.9518,19.3145],[-104.9519,19.3146],[-104.952,19.3148],[-104.952,19.3149],[-104.9521,19.3151],[-104.952,19.3153],[-104.9518,19.3153],[-104.9517,19.3152],[-104.9516,19.3152],[-104.9516,19.3152],[-104.9515,19.3151],[-104.9514,19.3151],[-104.9513,19.315],[-104.9513,19.3148],[-104.9512,19.3146],[-104.9513,19.3144],[-104.9514,19.3143],[-104.9515,19.3142]]],[[[-105.0353,19.3909],[-105.0351,19.3908],[-105.035,19.3909],[-105.0349,19.3909],[-105.0348,19.3909],[-105.0348,19.3908],[-105.0348,19.3907],[-105.0347,19.3907],[-105.0347,19.3906],[-105.0347,19.3904],[-105.0346,19.3904],[-105.0346,19.3903],[-105.0345,19.3902],[-105.0344,19.3902],[-105.0343,19.3902],[-105.0343,19.3902],[-105.0343,19.3903],[-105.0341,19.3904],[-105.0341,19.3903],[-105.034,19.3903],[-105.0339,19.3901],[-105.034,19.39],[-105.034,19.3898],[-105.034,19.3898],[-105.0341,19.3897],[-105.0341,19.3897],[-105.0341,19.3896],[-105.0341,19.3895],[-105.034,19.3894],[-105.0341,19.3893],[-105.034,19.3891],[-105.0341,19.389],[-105.0342,19.389],[-105.0344,19.3889],[-105.0346,19.389],[-105.0348,19.3892],[-105.0349,19.3891],[-105.0351,19.389],[-105.0352,19.3889],[-105.0353,19.3888],[-105.0355,19.3887],[-105.0356,19.3888],[-105.0357,19.3888],[-105.0359,19.3888],[-105.0359,19.3889],[-105.036,19.389],[-105.036,19.3891],[-105.036,19.3892],[-105.0359,19.3893],[-105.0359,19.3893],[-105.0358,19.3894],[-105.0357,19.3897],[-105.0358,19.3899],[-105.0358,19.3901],[-105.0358,19.3903],[-105.0358,19.3904],[-105.0358,19.3905],[-105.0358,19.3906],[-105.0357,19.3907],[-105.0355,19.3909],[-105.0355,19.3909],[-105.0354,19.3909],[-105.0353,19.3909]]],[[[-105.0357,19.4411],[-105.0356,19.441],[-105.0354,19.4411],[-105.0353,19.4411],[-105.0353,19.4411],[-105.0353,19.4411],[-105.0352,19.441],[-105.0352,19.4409],[-105.0351,19.4408],[-105.0348,19.4407],[-105.0348,19.4405],[-105.035,19.4404],[-105.035,19.4402],[-105.035,19.4401],[-105.0351,19.4399],[-105.0353,19.4399],[-105.0354,19.4397],[-105.0357,19.4396],[-105.0358,19.4398],[-105.0358,19.44],[-105.0358,19.4401],[-105.0359,19.4402],[-105.0361,19.4401],[-105.0362,19.4401],[-105.0364,19.4401],[-105.0363,19.4402],[-105.0362,19.4403],[-105.0362,19.4406],[-105.0361,19.4408],[-105.036,19.4409],[-105.0361,19.441],[-105.0359,19.4412],[-105.0357,19.4411]]],[[[-105.0635,19.4768],[-105.0633,19.4765],[-105.0634,19.4764],[-105.0634,19.4763],[-105.0636,19.4763],[-105.0638,19.4764],[-105.0639,19.4765],[-105.0641,19.4766],[-105.0641,19.4766],[-105.0642,19.4766],[-105.0643,19.4766],[-105.0645,19.4766],[-105.0647,19.4765],[-105.0648,19.4764],[-105.0655,19.4762],[-105.0658,19.4762],[-105.066,19.4762],[-105.0663,19.4764],[-105.0662,19.4765],[-105.0661,19.4766],[-105.0656,19.4767],[-105.0651,19.4767],[-105.0648,19.4768],[-105.0646,19.4771],[-105.064,19.4772],[-105.0638,19.477],[-105.0635,19.4768]]],[[[-105.0666,19.4791],[-105.0639,19.4778],[-105.0684,19.4778],[-105.0666,19.4791]]],[[[-105.0854,19.5148],[-105.0854,19.5148],[-105.0854,19.5148],[-105.0854,19.5148],[-105.0853,19.5148],[-105.0853,19.5148],[-105.0851,19.5148],[-105.0851,19.5147],[-105.085,19.5146],[-105.085,19.5145],[-105.085,19.5142],[-105.085,19.514],[-105.0851,19.5139],[-105.0851,19.5139],[-105.0852,19.5138],[-105.0854,19.5138],[-105.0856,19.5138],[-105.0857,19.5139],[-105.0858,19.5139],[-105.0858,19.5139],[-105.0859,19.5139],[-105.0859,19.514],[-105.0861,19.5142],[-105.0861,19.5144],[-105.0862,19.5145],[-105.0862,19.5145],[-105.0862,19.5146],[-105.0862,19.5146],[-105.0861,19.5147],[-105.0861,19.5147],[-105.0861,19.5148],[-105.086,19.5149],[-105.0857,19.515],[-105.0856,19.515],[-105.0855,19.5149],[-105.0855,19.5149],[-105.0854,19.5148],[-105.0854,19.5148]]],[[[-105.0863,19.5228],[-105.0863,19.5227],[-105.0863,19.5227],[-105.0861,19.5228],[-105.086,19.5228],[-105.0857,19.5227],[-105.0856,19.5226],[-105.0855,19.5225],[-105.0854,19.5223],[-105.0855,19.5221],[-105.0856,19.522],[-105.0857,19.5219],[-105.0857,19.5216],[-105.0856,19.5215],[-105.0856,19.5211],[-105.086,19.5211],[-105.0863,19.5215],[-105.0868,19.5214],[-105.087,19.5215],[-105.0869,19.5218],[-105.0868,19.5219],[-105.087,19.522],[-105.0869,19.5221],[-105.0868,19.5221],[-105.0867,19.5222],[-105.0865,19.5222],[-105.0865,19.5222],[-105.0867,19.5225],[-105.0868,19.5225],[-105.0871,19.5226],[-105.0872,19.5226],[-105.0872,19.5228],[-105.0871,19.5228],[-105.087,19.5228],[-105.0869,19.5228],[-105.0867,19.5228],[-105.0866,19.5228],[-105.0866,19.5228],[-105.0864,19.5228],[-105.0864,19.5228],[-105.0863,19.5228]]],[[[-105.0933,19.5265],[-105.091,19.5233],[-105.0959,19.526],[-105.0933,19.5265]]],[[[-105.0936,19.5305],[-105.0935,19.5304],[-105.0933,19.5305],[-105.0932,19.5304],[-105.0931,19.5304],[-105.0931,19.5302],[-105.0932,19.5301],[-105.0934,19.53],[-105.0936,19.5299],[-105.0937,19.5299],[-105.0938,19.5299],[-105.0939,19.5299],[-105.094,19.5295],[-105.094,19.5294],[-105.094,19.5293],[-105.0941,19.5292],[-105.0943,19.5292],[-105.0945,19.5292],[-105.0945,19.5293],[-105.0946,19.5294],[-105.0945,19.5295],[-105.0944,19.5296],[-105.0943,19.5296],[-105.0942,19.5296],[-105.0942,19.5298],[-105.0942,19.5301],[-105.0942,19.5301],[-105.0942,19.5302],[-105.0942,19.5303],[-105.0942,19.5304],[-105.094,19.5306],[-105.0938,19.5306],[-105.0936,19.5305],[-105.0936,19.5305]]],[[[-105.0883,19.5332],[-105.0883,19.533],[-105.0883,19.5327],[-105.0883,19.5325],[-105.0882,19.5322],[-105.0881,19.532],[-105.0879,19.5319],[-105.0878,19.5317],[-105.0879,19.5316],[-105.0881,19.5315],[-105.0883,19.5317],[-105.0885,19.5317],[-105.0887,19.5317],[-105.0889,19.5317],[-105.0891,19.5318],[-105.0892,19.5319],[-105.0895,19.5318],[-105.0895,19.532],[-105.0897,19.5321],[-105.0899,19.5324],[-105.0897,19.5324],[-105.0895,19.5325],[-105.0896,19.5327],[-105.0896,19.5329],[-105.0896,19.5331],[-105.0897,19.5332],[-105.0893,19.5332],[-105.0891,19.5334],[-105.0889,19.5335],[-105.0886,19.5334],[-105.0883,19.5332]]],[[[-105.0887,19.5361],[-105.0884,19.5361],[-105.0883,19.536],[-105.0883,19.5357],[-105.0884,19.5354],[-105.0883,19.5352],[-105.0879,19.5355],[-105.0877,19.5357],[-105.0876,19.5355],[-105.0877,19.5353],[-105.0876,19.5351],[-105.0876,19.5351],[-105.0875,19.535],[-105.0873,19.5349],[-105.0872,19.5349],[-105.0871,19.5347],[-105.0872,19.5343],[-105.0874,19.5343],[-105.0876,19.5344],[-105.0878,19.5343],[-105.088,19.5342],[-105.088,19.5341],[-105.0881,19.534],[-105.0883,19.5339],[-105.0886,19.5338],[-105.0889,19.534],[-105.0893,19.534],[-105.0891,19.5342],[-105.0894,19.5342],[-105.0894,19.5343],[-105.0895,19.5344],[-105.0896,19.5345],[-105.0897,19.5346],[-105.0896,19.5348],[-105.0896,19.5349],[-105.0896,19.535],[-105.0895,19.535],[-105.0893,19.535],[-105.0892,19.535],[-105.0889,19.5351],[-105.0893,19.5354],[-105.0892,19.5355],[-105.0889,19.5355],[-105.089,19.5358],[-105.089,19.5359],[-105.089,19.536],[-105.089,19.5361],[-105.0889,19.5361],[-105.0889,19.5361],[-105.0887,19.5361]]],[[[-105.0922,19.535],[-105.0925,19.5349],[-105.0927,19.535],[-105.0928,19.5351],[-105.0928,19.5353],[-105.0928,19.5355],[-105.0928,19.5355],[-105.0926,19.5357],[-105.0926,19.5357],[-105.0925,19.536],[-105.0925,19.5362],[-105.0924,19.5363],[-105.0922,19.5364],[-105.0921,19.5364],[-105.092,19.5363],[-105.0919,19.5363],[-105.0919,19.536],[-105.0919,19.5359],[-105.0919,19.5358],[-105.092,19.5358],[-105.092,19.5357],[-105.092,19.5357],[-105.092,19.5353],[-105.092,19.5352],[-105.0921,19.5352],[-105.0921,19.5351],[-105.0922,19.535]]],[[[-105.094,19.5404],[-105.0937,19.5402],[-105.0935,19.5403],[-105.0932,19.5402],[-105.0929,19.5401],[-105.0928,19.5401],[-105.0926,19.5399],[-105.0924,19.5399],[-105.0922,19.5397],[-105.0922,19.5395],[-105.0921,19.5393],[-105.0922,19.5391],[-105.0924,19.539],[-105.0924,19.5388],[-105.0927,19.5386],[-105.0928,19.5384],[-105.093,19.5382],[-105.0932,19.5379],[-105.0934,19.5379],[-105.0936,19.538],[-105.0936,19.5381],[-105.0935,19.5382],[-105.0935,19.5383],[-105.0937,19.5383],[-105.0937,19.5382],[-105.0939,19.5381],[-105.0941,19.5381],[-105.0942,19.538],[-105.0943,19.5378],[-105.0944,19.5379],[-105.0945,19.538],[-105.0945,19.5381],[-105.0946,19.5382],[-105.0944,19.5383],[-105.0943,19.5384],[-105.0944,19.5384],[-105.0945,19.5384],[-105.0946,19.5385],[-105.0948,19.5387],[-105.095,19.5387],[-105.0951,19.5388],[-105.0951,19.539],[-105.0951,19.5391],[-105.095,19.5392],[-105.0949,19.5393],[-105.0951,19.5396],[-105.0951,19.5398],[-105.095,19.5399],[-105.095,19.5401],[-105.0948,19.5401],[-105.0946,19.5402],[-105.0944,19.5402],[-105.0944,19.5404],[-105.0942,19.5405],[-105.0941,19.5405],[-105.094,19.5404]]],[[[-105.1142,19.5492],[-105.114,19.5489],[-105.1139,19.5486],[-105.1134,19.5486],[-105.1131,19.5485],[-105.1132,19.5483],[-105.1137,19.5482],[-105.1142,19.5477],[-105.1147,19.5479],[-105.1152,19.5476],[-105.1154,19.5472],[-105.1159,19.5473],[-105.1159,19.5473],[-105.116,19.5473],[-105.1161,19.5475],[-105.1161,19.5476],[-105.1161,19.5477],[-105.116,19.5478],[-105.1159,19.5479],[-105.1158,19.5479],[-105.1157,19.5481],[-105.1158,19.5483],[-105.1156,19.5484],[-105.1157,19.5485],[-105.1156,19.5487],[-105.1157,19.5488],[-105.1156,19.5489],[-105.1153,19.5488],[-105.1151,19.5489],[-105.115,19.549],[-105.1148,19.5491],[-105.1144,19.5491],[-105.1142,19.5492]]],[[[-105.1085,19.5507],[-105.1062,19.5493],[-105.1099,19.5467],[-105.1081,19.5445],[-105.1133,19.5454],[-105.1085,19.5507]]],[[[-105.1077,19.5565],[-105.1075,19.5564],[-105.1073,19.5564],[-105.1071,19.5564],[-105.1069,19.5564],[-105.1066,19.5563],[-105.1064,19.5561],[-105.1066,19.5558],[-105.1068,19.5557],[-105.1072,19.5556],[-105.1075,19.5557],[-105.1076,19.5556],[-105.1077,19.5557],[-105.1077,19.5557],[-105.108,19.5557],[-105.108,19.5558],[-105.1081,19.5559],[-105.1082,19.556],[-105.1082,19.5562],[-105.1082,19.5564],[-105.1082,19.5565],[-105.108,19.5565],[-105.1079,19.5565],[-105.1077,19.5565]]],[[[-105.1105,19.5617],[-105.1116,19.5573],[-105.1172,19.555],[-105.1136,19.5615],[-105.1105,19.5617]]],[[[-105.1307,19.5732],[-105.1308,19.5731],[-105.1309,19.5731],[-105.131,19.5732],[-105.1311,19.5733],[-105.1311,19.5735],[-105.1311,19.5738],[-105.131,19.5739],[-105.1309,19.5739],[-105.1309,19.5739],[-105.1308,19.5739],[-105.1306,19.5739],[-105.1306,19.5737],[-105.1306,19.5735],[-105.1306,19.5732],[-105.1307,19.5732],[-105.1307,19.5732]]],[[[-105.1334,19.5742],[-105.1333,19.5741],[-105.1332,19.5742],[-105.1329,19.5742],[-105.1327,19.5742],[-105.1326,19.5742],[-105.1324,19.5741],[-105.1324,19.574],[-105.1324,19.5738],[-105.1325,19.5737],[-105.1326,19.5736],[-105.133,19.5734],[-105.1333,19.5734],[-105.1341,19.5735],[-105.1344,19.5736],[-105.1344,19.5736],[-105.1344,19.5736],[-105.1345,19.5736],[-105.1345,19.5738],[-105.1345,19.5738],[-105.1343,19.574],[-105.1343,19.574],[-105.1341,19.5741],[-105.134,19.5741],[-105.1339,19.5742],[-105.1338,19.5743],[-105.1337,19.5743],[-105.1336,19.5742],[-105.1334,19.5742]]],[[[-105.1348,19.575],[-105.135,19.5748],[-105.1348,19.5748],[-105.1346,19.5749],[-105.1348,19.5746],[-105.1349,19.5744],[-105.1353,19.574],[-105.1358,19.5738],[-105.1365,19.5738],[-105.1366,19.5738],[-105.1367,19.5739],[-105.1369,19.5744],[-105.1369,19.5745],[-105.1367,19.5747],[-105.1365,19.5747],[-105.1364,19.5748],[-105.1362,19.5748],[-105.1359,19.5748],[-105.1357,19.5749],[-105.1355,19.575],[-105.1354,19.5751],[-105.1353,19.5751],[-105.1353,19.5752],[-105.1349,19.5751],[-105.1348,19.575]]],[[[-105.1472,19.5791],[-105.1471,19.579],[-105.147,19.579],[-105.1468,19.5791],[-105.1466,19.579],[-105.1466,19.5788],[-105.1468,19.5787],[-105.1469,19.5786],[-105.147,19.5786],[-105.1472,19.5785],[-105.1474,19.5786],[-105.1475,19.5786],[-105.1476,19.5785],[-105.1479,19.5787],[-105.1479,19.5788],[-105.1478,19.579],[-105.1477,19.5791],[-105.1475,19.5791],[-105.1474,19.5791],[-105.1474,19.5791],[-105.1473,19.5791],[-105.1472,19.5791]]],[[[-105.1462,19.5805],[-105.1462,19.5804],[-105.1465,19.5804],[-105.1466,19.5804],[-105.1467,19.5804],[-105.1468,19.5804],[-105.1469,19.5804],[-105.1472,19.5804],[-105.1473,19.5805],[-105.1474,19.5806],[-105.1475,19.5807],[-105.1472,19.5808],[-105.1471,19.5809],[-105.1469,19.5811],[-105.1467,19.581],[-105.1466,19.581],[-105.1464,19.5809],[-105.1464,19.5807],[-105.1462,19.5806],[-105.1462,19.5805]]],[[[-105.0254,19.7637],[-105.0245,19.7592],[-105.0137,19.7593],[-105.0098,19.7542],[-105.0105,19.7298],[-105.0154,19.7293],[-105.022,19.7226],[-105.0246,19.7142],[-105.016,19.7094],[-105.0174,19.6999],[-105.0114,19.703],[-104.9828,19.6877],[-104.9793,19.6897],[-104.9755,19.6869],[-104.9732,19.6901],[-104.978,19.7054],[-104.9692,19.7066],[-104.9565,19.6905],[-104.9444,19.6944],[-104.9413,19.6907],[-104.9334,19.6915],[-104.9313,19.6863],[-104.9293,19.6891],[-104.9257,19.6853],[-104.9201,19.6868],[-104.9196,19.6831],[-104.8999,19.7],[-104.8725,19.7074],[-104.8564,19.6808],[-104.8469,19.6709],[-104.8391,19.6555],[-104.8408,19.6507],[-104.8369,19.6494],[-104.8305,19.638],[-104.8196,19.632],[-104.7832,19.6357],[-104.7809,19.6382],[-104.7732,19.6331],[-104.765,19.6383],[-104.754,19.6342],[-104.7561,19.624],[-104.7412,19.612],[-104.724,19.6286],[-104.7249,19.6334],[-104.721,19.6365],[-104.7068,19.6246],[-104.7029,19.6262],[-104.6933,19.6213],[-104.6672,19.6256],[-104.6238,19.6094],[-104.6129,19.6015],[-104.616,19.596],[-104.6204,19.5953],[-104.6147,19.5841],[-104.6178,19.5795],[-104.6093,19.5781],[-104.6056,19.5734],[-104.6059,19.5554],[-104.5985,19.5586],[-104.5954,19.5646],[-104.5841,19.5688],[-104.583,19.5566],[-104.5711,19.553],[-104.5719,19.5477],[-104.5662,19.5458],[-104.5596,19.5377],[-104.5568,19.5436],[-104.5475,19.5405],[-104.5441,19.543],[-104.5351,19.525],[-104.5278,19.5253],[-104.5513,19.501],[-104.5291,19.4636],[-104.5367,19.4605],[-104.5388,19.4537],[-104.5553,19.4521],[-104.5558,19.4492],[-104.578,19.4518],[-104.5735,19.4466],[-104.5765,19.4337],[-104.569,19.429],[-104.5678,19.4182],[-104.5703,19.4128],[-104.5822,19.4119],[-104.5911,19.4163],[-104.6038,19.4133],[-104.6099,19.4155],[-104.6121,19.4122],[-104.6168,19.4143],[-104.6342,19.3977],[-104.6361,19.3894],[-104.6327,19.3786],[-104.6251,19.3776],[-104.6217,19.3721],[-104.6242,19.3521],[-104.6328,19.3603],[-104.642,19.3609],[-104.6441,19.3646],[-104.6501,19.3604],[-104.6517,19.3689],[-104.6572,19.3734],[-104.6725,19.3765],[-104.6802,19.373],[-104.6776,19.3657],[-104.6811,19.366],[-104.6842,19.361],[-104.7027,19.3585],[-104.7057,19.3524],[-104.7126,19.3537],[-104.7181,19.347],[-104.7191,19.3402],[-104.7292,19.3399],[-104.733,19.3436],[-104.7437,19.3447],[-104.7457,19.3423],[-104.7577,19.3434],[-104.7628,19.3385],[-104.7722,19.3365],[-104.7733,19.3323],[-104.7654,19.3298],[-104.7681,19.3291],[-104.7643,19.3257],[-104.7764,19.3127],[-104.7911,19.3178],[-104.7928,19.3159],[-104.799,19.3211],[-104.7999,19.3152],[-104.788,19.3088],[-104.7793,19.2921],[-104.7664,19.2915],[-104.7666,19.2873],[-104.7572,19.285],[-104.7756,19.2573],[-104.7762,19.2487],[-104.7849,19.2506],[-104.7863,19.2442],[-104.7739,19.2411],[-104.7752,19.2391],[-104.7901,19.2379],[-104.7978,19.2301],[-104.7989,19.2344],[-104.8106,19.2345],[-104.808,19.2434],[-104.8105,19.2476],[-104.8065,19.2533],[-104.8094,19.2586],[-104.8058,19.2617],[-104.8011,19.2603],[-104.7996,19.2684],[-104.7887,19.2818],[-104.7918,19.2923],[-104.8015,19.3008],[-104.8195,19.3065],[-104.8328,19.3069],[-104.8409,19.3],[-104.8364,19.2944],[-104.8371,19.2896],[-104.8397,19.2922],[-104.8466,19.288],[-104.8474,19.2906],[-104.8505,19.2883],[-104.8553,19.2911],[-104.8668,19.2895],[-104.8729,19.2854],[-104.8735,19.2763],[-104.8777,19.2841],[-104.8865,19.2894],[-104.9099,19.2961],[-104.9323,19.309],[-104.9374,19.3086],[-104.9387,19.3139],[-104.9536,19.3216],[-104.9613,19.3314],[-104.9652,19.3314],[-104.9685,19.3396],[-104.9793,19.3451],[-104.9954,19.3629],[-105.0321,19.3872],[-105.0307,19.3973],[-105.024,19.3936],[-105.0177,19.4055],[-105.0206,19.4215],[-105.0299,19.4291],[-105.0252,19.4364],[-105.0306,19.4379],[-105.0332,19.4449],[-105.0381,19.4433],[-105.0426,19.4463],[-105.0418,19.4487],[-105.0461,19.4503],[-105.0445,19.4544],[-105.0526,19.4544],[-105.0731,19.4711],[-105.0654,19.4736],[-105.0591,19.4716],[-105.0598,19.4795],[-105.0623,19.4797],[-105.0589,19.4809],[-105.06,19.4836],[-105.0631,19.4836],[-105.0666,19.4894],[-105.0607,19.4955],[-105.0658,19.4966],[-105.0672,19.5011],[-105.0719,19.4998],[-105.0817,19.5058],[-105.0796,19.5081],[-105.0829,19.5124],[-105.0791,19.5136],[-105.0844,19.5143],[-105.0801,19.5201],[-105.0849,19.529],[-105.0815,19.532],[-105.0854,19.5487],[-105.0896,19.5543],[-105.089,19.5605],[-105.0972,19.5657],[-105.1057,19.5796],[-105.1187,19.587],[-105.1323,19.5866],[-105.1342,19.576],[-105.1423,19.5751],[-105.1444,19.5833],[-105.1523,19.5871],[-105.1506,19.6004],[-105.1527,19.6035],[-105.1619,19.6037],[-105.1596,19.6067],[-105.1622,19.6115],[-105.1807,19.6207],[-105.1992,19.621],[-105.2017,19.6229],[-105.1987,19.6259],[-105.2007,19.6297],[-105.2203,19.6457],[-105.2047,19.6425],[-105.1943,19.6484],[-105.1882,19.6443],[-105.1796,19.6612],[-105.1724,19.6581],[-105.1576,19.6624],[-105.1551,19.6846],[-105.1621,19.6921],[-105.1448,19.7001],[-105.1472,19.7045],[-105.1537,19.706],[-105.141,19.7157],[-105.1421,19.7208],[-105.1372,19.7262],[-105.1245,19.7266],[-105.1142,19.7187],[-105.1042,19.7196],[-105.0867,19.7354],[-105.0803,19.7324],[-105.0679,19.7376],[-105.0596,19.7475],[-105.053,19.7467],[-105.047,19.7506],[-105.0438,19.7577],[-105.0338,19.7585],[-105.0254,19.7637]]]]}},{"type":"Feature","properties":{"cve_mun":"14055","nombre_municipio":"Magdalena","cve_ent":"14","nombre_entidad":"Jalisco"},"geometry":{"type":"Polygon","coordinates":[[[-104.0076,21.0017],[-104.0005,20.9917],[-104.0022,20.9901],[-103.987,20.9771],[-103.9908,20.9717],[-103.9845,20.9684],[-103.9809,20.9595],[-103.9665,20.9556],[-103.9703,20.946],[-103.9453,20.911],[-103.9462,20.9073],[-103.9434,20.9067],[-103.9416,20.9112],[-103.9396,20.9062],[-103.9351,20.9098],[-103.9351,20.9075],[-103.93,20.9088],[-103.9284,20.913],[-103.9198,20.9147],[-103.9202,20.9181],[-103.9163,20.9201],[-103.9124,20.9186],[-103.9083,20.9104],[-103.9194,20.9048],[-103.8931,20.8917],[-103.8922,20.8937],[-103.89,20.8899],[-103.8861,20.8905],[-103.8907,20.8801],[-103.885,20.8738],[-103.8778,20.8729],[-103.8779,20.8698],[-103.8894,20.8566],[-103.8911,20.8434],[-103.8987,20.8415],[-103.8913,20.8228],[-103.9011,20.8194],[-103.9026,20.8153],[-103.915,20.8146],[-103.9262,20.8249],[-103.9217,20.8318],[-103.9238,20.839],[-103.9343,20.843],[-103.94,20.84],[-103.9388,20.8374],[-103.9438,20.8308],[-103.9653,20.8213],[-103.9666,20.8301],[-103.9735,20.8314],[-103.9852,20.8458],[-104.0212,20.8442],[-104.0205,20.8922],[-104.0311,20.8922],[-104.0311,20.9082],[-104.0368,20.9115],[-104.0588,20.9116],[-104.0661,20.9057],[-104.0798,20.9031],[-104.0768,20.899],[-104.0796,20.8928],[-104.0922,20.8859],[-104.1333,20.8823],[-104.1386,20.8866],[-104.143,20.8842],[-104.1552,20.8977],[-104.1662,20.9029],[-104.172,20.9116],[-104.1819,20.9103],[-104.1907,20.9155],[-104.196,20.9152],[-104.2018,20.922],[-104.2163,20.9233],[-104.2169,20.9195],[-104.2257,20.9165],[-104.2392,20.9],[-104.2537,20.8927],[-104.2595,20.894],[-104.2482,20.9069],[-104.2465,20.9212],[-104.2365,20.9262],[-104.2288,20.9356],[-104.2211,20.9415],[-104.2066,20.9364],[-104.208,20.9511],[-104.2011,20.9573],[-104.2048,20.9599],[-104.1957,20.9574],[-104.192,20.9497],[-104.1862,20.9666],[-104.1848,20.9577],[-104.1783,20.9553],[-104.176,20.9577],[-104.1697,20.9532],[-104.1729,20.9473],[-104.1786,20.9457],[-104.1797,20.9406],[-104.1598,20.9361],[-104.1448,20.9492],[-104.1378,20.946],[-104.1336,20.9394],[-104.1179,20.942],[-104.1094,20.9472],[-104.1002,20.9412],[-104.0916,20.9442],[-104.0925,20.9494],[-104.1,20.9542],[-104.0966,20.9575],[-104.0782,20.9527],[-104.0618,20.9588],[-104.0519,20.976],[-104.041,20.9815],[-104.0318,20.9804],[-104.0273,20.9952],[-104.0235,20.9941],[-104.0204,21.0027],[-104.0229,21.0061],[-104.021,21.0043],[-104.0117,21.0079],[-104.0076,21.0017]]]}},{"type":"Feature","properties":{"cve_mun":"14086","nombre_municipio":"Tapalpa","cve_ent":"14","nombre_entidad":"Jalisco"},"geometry":{"type":"Polygon","coordinates":[[[-103.7746,20.0927],[-103.7638,20.0691],[-103.7638,20.0609],[-103.7465,20.0639],[-103.7412,20.0744],[-103.737,20.0732],[-103.7362,20.08],[-103.7262,20.0798],[-103.726,20.0849],[-103.7146,20.0895],[-103.7024,20.0832],[-103.688,20.0893],[-103.6834,20.0861],[-103.6831,20.0903],[-103.6683,20.0842],[-103.6571,20.0863],[-103.6515,20.081],[-103.646,20.0871],[-103.6365,20.0789],[-103.6371,20.0737],[-103.6315,20.0671],[-103.6215,20.0644],[-103.6309,20.0624],[-103.6319,20.0508],[-103.6538,20.0557],[-103.6581,20.0522],[-103.6635,20.0433],[-103.6602,20.0387],[-103.6648,20.0188],[-103.6691,20.0191],[-103.6717,20.0079],[-103.6745,20.0068],[-103.6733,19.9748],[-103.6842,19.9524],[-103.6572,19.9581],[-103.6528,19.9479],[-103.656,19.9452],[-103.6525,19.9405],[-103.6576,19.9404],[-103.6615,19.936],[-103.6655,19.9371],[-103.6563,19.912],[-103.6634,19.9103],[-103.6647,19.9046],[-103.6691,19.9023],[-103.669,19.8911],[-103.6748,19.886],[-103.6869,19.8894],[-103.7074,19.8805],[-103.6987,19.8782],[-103.6869,19.8653],[-103.6744,19.8667],[-103.6757,19.8563],[-103.6676,19.8482],[-103.659,19.8497],[-103.6546,19.8459],[-103.6358,19.8441],[-103.6269,19.847],[-103.6249,19.8409],[-103.6304,19.8384],[-103.6332,19.8287],[-103.6378,19.8274],[-103.6441,19.8322],[-103.6503,19.8316],[-103.6707,19.8095],[-103.6711,19.8057],[-103.6888,19.8283],[-103.692,19.827],[-103.6917,19.8155],[-103.6957,19.8107],[-103.694,19.8032],[-103.6978,19.8004],[-103.7031,19.8136],[-103.7152,19.8111],[-103.7121,19.8299],[-103.7172,19.8397],[-103.7329,19.8211],[-103.7462,19.8131],[-103.7519,19.8176],[-103.7715,19.8229],[-103.7778,19.8201],[-103.7815,19.8335],[-103.7896,19.8389],[-103.8013,19.8348],[-103.7972,19.8333],[-103.798,19.8285],[-103.7948,19.8255],[-103.7965,19.8174],[-103.8013,19.8172],[-103.7982,19.8123],[-103.8197,19.8237],[-103.8333,19.8198],[-103.8402,19.8213],[-103.8504,19.8323],[-103.8563,19.8244],[-103.863,19.8284],[-103.875,19.8167],[-103.8806,19.8192],[-103.8779,19.8305],[-103.8666,19.8353],[-103.8634,19.8552],[-103.8679,19.8861],[-103.8826,19.8937],[-103.8972,19.8914],[-103.8872,19.9021],[-103.8842,19.9169],[-103.8844,19.9254],[-103.893,19.9304],[-103.896,19.9396],[-103.8964,19.9465],[-103.8909,19.9504],[-103.8889,19.9567],[-103.8927,19.964],[-103.8931,19.9771],[-103.8967,19.9805],[-103.8889,19.9941],[-103.8942,20.0074],[-103.8852,20.0033],[-103.8828,20.0107],[-103.8794,20.0098],[-103.8728,20.0172],[-103.8609,20.0137],[-103.8563,20.016],[-103.8442,20.0054],[-103.8427,20.0077],[-103.8299,20.004],[-103.8293,20.0081],[-103.8248,20.0065],[-103.8247,20.0107],[-103.8411,20.0351],[-103.8393,20.0488],[-103.8343,20.0514],[-103.8345,20.056],[-103.8404,20.056],[-103.8408,20.0595],[-103.8372,20.0646],[-103.8265,20.0641],[-103.8123,20.0722],[-103.806,20.0712],[-103.8004,20.082],[-103.7932,20.0882],[-103.7746,20.0927]]]}},{"type":"Feature","properties":{"cve_mun":"14002","nombre_municipio":"Acatlán de Juárez","cve_ent":"14","nombre_entidad":"Jalisco"},"geometry":{"type":"Polygon","coordinates":[[[-103.6542,20.5045],[-103.6374,20.4946],[-103.6371,20.4883],[-103.6272,20.4838],[-103.6144,20.4883],[-103.5874,20.4809],[-103.5694,20.4627],[-103.5703,20.4586],[-103.5616,20.4474],[-103.5475,20.4148],[-103.5486,20.4065],[-103.5428,20.4111],[-103.5399,20.4068],[-103.5366,20.4085],[-103.5363,20.4059],[-103.5483,20.4043],[-103.5425,20.3962],[-103.5464,20.3943],[-103.5403,20.3864],[-103.5467,20.3796],[-103.5478,20.3715],[-103.5404,20.3517],[-103.5672,20.3407],[-103.5802,20.3497],[-103.5915,20.3493],[-103.5907,20.3323],[-103.5938,20.3376],[-103.613,20.3343],[-103.6135,20.3835],[-103.6186,20.3856],[-103.6217,20.3825],[-103.6298,20.4092],[-103.6249,20.4105],[-103.6214,20.4178],[-103.6444,20.4112],[-103.6497,20.4249],[-103.6553,20.4199],[-103.6561,20.4252],[-103.6596,20.4227],[-103.6751,20.4356],[-103.682,20.4496],[-103.6816,20.4601],[-103.6875,20.4655],[-103.686,20.5012],[-103.6658,20.5001],[-103.66,20.5047],[-103.6542,20.5045]]]}},{"type":"Feature","properties":{"cve_mun":"14003","nombre_municipio":"Ahualulco de Mercado","cve_ent":"14","nombre_entidad":"Jalisco"},"geometry":{"type":"Polygon","coordinates":[[[-103.9079,20.8099],[-103.8948,20.8081],[-103.8919,20.8024],[-103.884,20.7986],[-103.8757,20.7986],[-103.8686,20.7867],[-103.8642,20.7897],[-103.8474,20.7873],[-103.8366,20.7898],[-103.8257,20.7938],[-103.8183,20.8017],[-103.8072,20.8021],[-103.7883,20.7949],[-103.7904,20.7916],[-103.7861,20.7868],[-103.7999,20.7726],[-103.8076,20.7696],[-103.8217,20.7483],[-103.8269,20.7456],[-103.8339,20.7472],[-103.8394,20.7431],[-103.8422,20.7369],[-103.8387,20.7228],[-103.8462,20.7132],[-103.8559,20.7094],[-103.8633,20.6915],[-103.8649,20.6975],[-103.8745,20.7043],[-103.875,20.7114],[-103.8838,20.7176],[-103.8829,20.7276],[-103.8881,20.7301],[-103.9096,20.7116],[-103.9164,20.6921],[-103.9083,20.6804],[-103.9102,20.6595],[-103.8941,20.6481],[-103.8859,20.636],[-103.8981,20.6396],[-103.9104,20.6386],[-103.9201,20.6445],[-103.9278,20.638],[-103.9371,20.6399],[-103.9403,20.6362],[-103.9456,20.636],[-103.9556,20.6255],[-103.9718,20.6198],[-103.981,20.6112],[-104.0024,20.6174],[-104.0562,20.6622],[-104.0563,20.6872],[-104.0307,20.732],[-104.0226,20.7272],[-104.0116,20.7285],[-104.0026,20.7253],[-103.9965,20.7159],[-103.9936,20.7187],[-103.9887,20.7161],[-103.9769,20.7192],[-103.9735,20.7261],[-103.976,20.7277],[-103.9732,20.7263],[-103.9646,20.7345],[-103.961,20.7405],[-103.9616,20.748],[-103.9561,20.7541],[-103.9518,20.7575],[-103.9407,20.7567],[-103.9415,20.7687],[-103.9273,20.7759],[-103.9274,20.7844],[-103.9213,20.7975],[-103.9141,20.8091],[-103.9079,20.8099]]]}},{"type":"Feature","properties":{"cve_mun":"14005","nombre_municipio":"Amatitán","cve_ent":"14","nombre_entidad":"Jalisco"},"geometry":{"type":"Polygon","coordinates":[[[-103.7549,20.9258],[-103.7485,20.9184],[-103.7407,20.9222],[-103.7328,20.9181],[-103.7243,20.9226],[-103.7104,20.9095],[-103.7055,20.9095],[-103.7043,20.9148],[-103.6991,20.9113],[-103.696,20.9143],[-103.6965,20.9102],[-103.6927,20.9067],[-103.6849,20.9077],[-103.686,20.9048],[-103.6765,20.8992],[-103.667,20.9016],[-103.6609,20.8982],[-103.6603,20.9037],[-103.6564,20.9063],[-103.6425,20.8879],[-103.6333,20.8858],[-103.6377,20.88],[-103.6317,20.8705],[-103.6405,20.8675],[-103.6397,20.8589],[-103.6459,20.8537],[-103.6451,20.8473],[-103.6504,20.8385],[-103.6544,20.8368],[-103.6487,20.818],[-103.6577,20.8201],[-103.666,20.8101],[-103.6729,20.8137],[-103.6777,20.8102],[-103.6774,20.8206],[-103.683,20.8185],[-103.6927,20.8248],[-103.7009,20.8154],[-103.7046,20.7923],[-103.7076,20.7931],[-103.716,20.7838],[-103.7111,20.7809],[-103.7137,20.7768],[-103.7251,20.7715],[-103.7285,20.7739],[-103.7314,20.7689],[-103.7442,20.7633],[-103.7366,20.7674],[-103.7389,20.7708],[-103.7365,20.7763],[-103.7448,20.7791],[-103.7588,20.7782],[-103.7668,20.782],[-103.7737,20.7801],[-103.7773,20.7839],[-103.7849,20.7803],[-103.7904,20.7916],[-103.7869,20.8034],[-103.7833,20.8054],[-103.7858,20.8117],[-103.7779,20.8257],[-103.7708,20.8614],[-103.7668,20.8672],[-103.76,20.865],[-103.7526,20.8787],[-103.7695,20.8863],[-103.7711,20.8932],[-103.7675,20.9039],[-103.7698,20.907],[-103.7637,20.9105],[-103.7606,20.9217],[-103.7549,20.9258]]]}},{"type":"Feature","properties":{"cve_mun":"14025","nombre_municipio":"Colotlán","cve_ent":"14","nombre_entidad":"Jalisco"},"geometry":{"type":"Polygon","coordinates":[[[-103.2865,22.2545],[-103.2802,22.2535],[-103.2942,22.2401],[-103.2946,22.2328],[-103.2714,22.2211],[-103.2797,22.206],[-103.2797,22.2013],[-103.2719,22.1909],[-103.2762,22.1772],[-103.2823,22.1699],[-103.2838,22.1542],[-103.2714,22.1543],[-103.2697,22.1504],[-103.2644,22.1528],[-103.2595,22.1673],[-103.2304,22.1629],[-103.2327,22.1471],[-103.2406,22.1407],[-103.2322,22.1331],[-103.231,22.1255],[-103.2217,22.1335],[-103.1962,22.1386],[-103.1909,22.1428],[-103.1812,22.1424],[-103.1678,22.1342],[-103.1658,22.1284],[-103.1535,22.1239],[-103.1452,22.1134],[-103.1367,22.1119],[-103.1345,22.1072],[-103.1277,22.1055],[-103.128,22.1022],[-103.135,22.0976],[-103.1351,22.0905],[-103.1528,22.0876],[-103.1548,22.0726],[-103.1444,22.0679],[-103.1079,22.0634],[-103.1062,22.047],[-103.1085,22.0392],[-103.1141,22.0391],[-103.1091,22.029],[-103.11,22.0174],[-103.1142,22.0131],[-103.1209,22.0152],[-103.1328,22.003],[-103.138,22.003],[-103.1437,22.008],[-103.1601,22.0032],[-103.1596,22.0006],[-103.1657,21.9968],[-103.1907,21.9979],[-103.1967,22.0009],[-103.2017,21.9986],[-103.2021,21.9934],[-103.194,21.9901],[-103.1982,21.9846],[-103.1921,21.9793],[-103.1918,21.9744],[-103.1926,21.9699],[-103.2056,21.9652],[-103.2215,21.968],[-103.224,21.9718],[-103.24,21.9767],[-103.2468,21.9759],[-103.2414,21.9708],[-103.2448,21.9666],[-103.2647,21.9718],[-103.2734,21.9791],[-103.2786,21.9897],[-103.3092,21.9663],[-103.3101,21.9591],[-103.3183,21.9561],[-103.3319,21.943],[-103.3387,21.9423],[-103.3425,21.9433],[-103.3482,21.9538],[-103.3446,21.9566],[-103.348,21.9611],[-103.3411,21.9668],[-103.3492,21.9711],[-103.3405,21.9822],[-103.3404,21.9925],[-103.3374,21.9964],[-103.3543,21.9972],[-103.3565,22.0018],[-103.3702,22.0016],[-103.3734,22.0178],[-103.3777,22.0196],[-103.3815,22.0191],[-103.3821,22.0119],[-103.3884,22.0095],[-103.3848,22.0175],[-103.3867,22.0235],[-103.3769,22.0281],[-103.3801,22.0394],[-103.3843,22.0424],[-103.3756,22.0461],[-103.3743,22.0522],[-103.3837,22.0533],[-103.3892,22.0479],[-103.3935,22.0559],[-103.3985,22.0548],[-103.3995,22.0742],[-103.4046,22.0764],[-103.4058,22.0813],[-103.3992,22.0886],[-103.4078,22.091],[-103.4203,22.1034],[-103.4333,22.0991],[-103.4496,22.1144],[-103.4456,22.1135],[-103.4387,22.1183],[-103.4383,22.1289],[-103.4363,22.1269],[-103.4346,22.1329],[-103.4321,22.1316],[-103.4259,22.1394],[-103.4292,22.1622],[-103.4253,22.1765],[-103.4197,22.1775],[-103.4253,22.1826],[-103.4305,22.1825],[-103.4341,22.1908],[-103.4172,22.1905],[-103.409,22.2154],[-103.3857,22.2125],[-103.3802,22.219],[-103.384,22.222],[-103.383,22.227],[-103.3697,22.2313],[-103.3618,22.2392],[-103.3497,22.2392],[-103.3377,22.2452],[-103.3119,22.2333],[-103.2991,22.2491],[-103.2865,22.2545]]]}},{"type":"Feature","properties":{"cve_mun":"14027","nombre_municipio":"Cuautitlán de García Barragán","cve_ent":"14","nombre_entidad":"Jalisco"},"geometry":{"type":"Polygon","coordinates":[[[-104.1655,19.6537],[-104.1589,19.6459],[-104.1633,19.6378],[-104.1581,19.6266],[-104.1542,19.6053],[-104.1377,19.6023],[-104.1389,19.5978],[-104.1263,19.574],[-104.1181,19.5662],[-104.1068,19.5697],[-104.105,19.5585],[-104.095,19.5468],[-104.082,19.5417],[-104.0913,19.5292],[-104.0774,19.5228],[-104.0746,19.5067],[-104.0777,19.4935],[-104.0715,19.4835],[-104.0767,19.4802],[-104.0866,19.442],[-104.0799,19.4318],[-104.0709,19.4352],[-104.0838,19.4156],[-104.0902,19.393],[-104.1096,19.3812],[-104.1188,19.3717],[-104.1203,19.3601],[-104.1333,19.3537],[-104.1247,19.3287],[-104.1216,19.3275],[-104.1255,19.3243],[-104.123,19.319],[-104.1299,19.3178],[-104.1322,19.3209],[-104.136,19.3129],[-104.1402,19.3162],[-104.1448,19.3112],[-104.1529,19.3152],[-104.1616,19.3027],[-104.1638,19.3082],[-104.1688,19.3077],[-104.1698,19.313],[-104.1798,19.3126],[-104.1796,19.3088],[-104.19,19.302],[-104.1917,19.2922],[-104.2043,19.3036],[-104.2069,19.3],[-104.2142,19.3024],[-104.2184,19.299],[-104.2463,19.312],[-104.2612,19.3118],[-104.2622,19.3074],[-104.2698,19.3019],[-104.2815,19.3028],[-104.2836,19.297],[-104.2922,19.303],[-104.2976,19.3027],[-104.3001,19.296],[-104.3106,19.2895],[-104.3135,19.2797],[-104.3225,19.2805],[-104.3302,19.2873],[-104.3428,19.29],[-104.3601,19.2695],[-104.3642,19.2694],[-104.3633,19.2753],[-104.3743,19.2819],[-104.3843,19.272],[-104.3956,19.2713],[-104.401,19.2667],[-104.4025,19.2784],[-104.3974,19.2858],[-104.3999,19.289],[-104.42,19.2796],[-104.4238,19.2821],[-104.4392,19.278],[-104.4411,19.2806],[-104.4374,19.2817],[-104.4357,19.2883],[-104.4344,19.3068],[-104.4412,19.3094],[-104.4415,19.3152],[-104.4465,19.3162],[-104.4445,19.3234],[-104.4519,19.3345],[-104.4543,19.355],[-104.4567,19.3515],[-104.4676,19.3525],[-104.463,19.3653],[-104.4669,19.3679],[-104.4843,19.3612],[-104.493,19.3497],[-104.5088,19.36],[-104.533,19.3604],[-104.5359,19.349],[-104.5395,19.3493],[-104.5365,19.3458],[-104.5394,19.3428],[-104.5431,19.3438],[-104.543,19.3392],[-104.5512,19.3396],[-104.5534,19.3354],[-104.5549,19.3391],[-104.5624,19.3397],[-104.5648,19.3333],[-104.5759,19.3314],[-104.5842,19.3252],[-104.5838,19.3225],[-104.5905,19.3267],[-104.5933,19.3213],[-104.5991,19.3216],[-104.5998,19.3244],[-104.6038,19.3154],[-104.6045,19.3209],[-104.6132,19.3146],[-104.6119,19.3114],[-104.6195,19.3081],[-104.6229,19.3012],[-104.6441,19.3162],[-104.6437,19.3283],[-104.6487,19.3371],[-104.6481,19.3487],[-104.6337,19.3564],[-104.6242,19.3521],[-104.6222,19.3639],[-104.6234,19.3765],[-104.6327,19.3786],[-104.6361,19.3894],[-104.6342,19.3977],[-104.6168,19.4143],[-104.6121,19.4122],[-104.6099,19.4155],[-104.6038,19.4133],[-104.5911,19.4163],[-104.5822,19.4119],[-104.5703,19.4128],[-104.5678,19.4182],[-104.569,19.429],[-104.5765,19.4337],[-104.5735,19.4466],[-104.5778,19.452],[-104.5558,19.4492],[-104.5553,19.4521],[-104.5388,19.4537],[-104.5367,19.4605],[-104.5291,19.4637],[-104.507,19.4596],[-104.5054,19.4536],[-104.5021,19.454],[-104.5023,19.4587],[-104.4927,19.4557],[-104.4751,19.4559],[-104.4712,19.4526],[-104.4701,19.4559],[-104.4651,19.4537],[-104.4641,19.4569],[-104.4564,19.4505],[-104.4571,19.4576],[-104.4457,19.4618],[-104.451,19.4711],[-104.4511,19.4788],[-104.4635,19.4905],[-104.4623,19.4946],[-104.469,19.5087],[-104.4565,19.5111],[-104.4523,19.5165],[-104.4394,19.5211],[-104.4314,19.5173],[-104.4254,19.5199],[-104.4059,19.517],[-104.397,19.52],[-104.3931,19.5172],[-104.3781,19.5228],[-104.3765,19.5279],[-104.3794,19.5321],[-104.3748,19.5344],[-104.3629,19.5489],[-104.3644,19.5522],[-104.3587,19.5563],[-104.3581,19.5604],[-104.365,19.5621],[-104.3593,19.5728],[-104.3587,19.5828],[-104.3556,19.5842],[-104.3595,19.5971],[-104.3485,19.6013],[-104.3405,19.6004],[-104.3422,19.6023],[-104.3341,19.6073],[-104.3316,19.6071],[-104.3344,19.6043],[-104.3219,19.6056],[-104.323,19.6],[-104.3102,19.6069],[-104.2992,19.6038],[-104.2975,19.5978],[-104.294,19.5986],[-104.2744,19.5887],[-104.2647,19.588],[-104.2605,19.5947],[-104.245,19.5938],[-104.2436,19.5967],[-104.2353,19.5978],[-104.2284,19.5978],[-104.2218,19.5912],[-104.2208,19.5944],[-104.2158,19.5935],[-104.2143,19.5969],[-104.2065,19.5998],[-104.1996,19.6134],[-104.2037,19.6173],[-104.2025,19.6198],[-104.1991,19.618],[-104.1947,19.6222],[-104.1858,19.6236],[-104.1707,19.6469],[-104.1715,19.6505],[-104.1655,19.6537]]]}},{"type":"Feature","properties":{"cve_mun":"14028","nombre_municipio":"Cuautla","cve_ent":"14","nombre_entidad":"Jalisco"},"geometry":{"type":"Polygon","coordinates":[[[-104.5384,20.3011],[-104.5408,20.2988],[-104.5369,20.2988],[-104.5345,20.2922],[-104.5283,20.2872],[-104.5326,20.2778],[-104.5212,20.2692],[-104.5174,20.2568],[-104.5137,20.2559],[-104.5129,20.2628],[-104.5081,20.2666],[-104.5035,20.262],[-104.4982,20.2642],[-104.4973,20.2573],[-104.4919,20.253],[-104.483,20.2548],[-104.4725,20.2509],[-104.4674,20.2566],[-104.4618,20.2513],[-104.4571,20.2547],[-104.4489,20.254],[-104.452,20.2635],[-104.4441,20.2665],[-104.4399,20.2747],[-104.4293,20.2702],[-104.4166,20.2716],[-104.4163,20.2793],[-104.4031,20.2955],[-104.4018,20.2897],[-104.3944,20.2896],[-104.385,20.2752],[-104.3902,20.2695],[-104.375,20.2663],[-104.3716,20.2545],[-104.3647,20.2475],[-104.3641,20.2394],[-104.3554,20.2285],[-104.3667,20.2189],[-104.3656,20.2147],[-104.371,20.2121],[-104.3675,20.2112],[-104.371,20.2092],[-104.3713,20.2041],[-104.3664,20.2021],[-104.3676,20.1941],[-104.378,20.1944],[-104.3867,20.1993],[-104.3995,20.1939],[-104.3946,20.1872],[-104.3985,20.1773],[-104.3973,20.1572],[-104.3899,20.1497],[-104.3802,20.129],[-104.387,20.1296],[-104.3905,20.1234],[-104.3957,20.1234],[-104.4,20.1273],[-104.4047,20.1246],[-104.4088,20.1267],[-104.4017,20.1156],[-104.4075,20.1111],[-104.4126,20.1194],[-104.4209,20.1169],[-104.4364,20.1333],[-104.4396,20.1329],[-104.4393,20.1233],[-104.4427,20.1254],[-104.4445,20.1228],[-104.4506,20.1268],[-104.4556,20.1208],[-104.4694,20.1263],[-104.4817,20.1244],[-104.501,20.1459],[-104.5088,20.1468],[-104.5085,20.1433],[-104.5165,20.1447],[-104.5073,20.1341],[-104.5092,20.1252],[-104.5144,20.1214],[-104.5239,20.1207],[-104.5373,20.1283],[-104.54,20.1354],[-104.5529,20.1386],[-104.5623,20.1376],[-104.5667,20.1283],[-104.5773,20.1219],[-104.586,20.1218],[-104.6041,20.135],[-104.6098,20.1335],[-104.613,20.1279],[-104.6101,20.1207],[-104.6178,20.116],[-104.6176,20.1105],[-104.6249,20.1064],[-104.6483,20.1128],[-104.6561,20.1185],[-104.6559,20.1232],[-104.6662,20.1387],[-104.6643,20.1487],[-104.6701,20.1505],[-104.6765,20.1579],[-104.6792,20.1544],[-104.6757,20.1475],[-104.68,20.1471],[-104.6794,20.1442],[-104.6839,20.1507],[-104.6887,20.1448],[-104.6899,20.1491],[-104.6959,20.1431],[-104.7042,20.1443],[-104.706,20.1507],[-104.7011,20.1548],[-104.7048,20.1599],[-104.7023,20.1636],[-104.7106,20.1683],[-104.7056,20.1799],[-104.7086,20.2004],[-104.7061,20.2063],[-104.7028,20.2071],[-104.6933,20.1952],[-104.6891,20.1947],[-104.6897,20.1909],[-104.682,20.1871],[-104.6741,20.1766],[-104.6634,20.1822],[-104.6593,20.1779],[-104.6582,20.181],[-104.6522,20.1741],[-104.6521,20.1688],[-104.6435,20.1634],[-104.6221,20.1722],[-104.6179,20.1792],[-104.6081,20.1825],[-104.6037,20.1892],[-104.5987,20.1892],[-104.6002,20.1961],[-104.596,20.2008],[-104.602,20.2028],[-104.6002,20.2099],[-104.5899,20.2119],[-104.5798,20.2259],[-104.5798,20.2313],[-104.5905,20.2426],[-104.5877,20.2527],[-104.5841,20.2552],[-104.5799,20.2526],[-104.5711,20.2536],[-104.5727,20.257],[-104.566,20.2633],[-104.5708,20.2726],[-104.569,20.2791],[-104.5624,20.2757],[-104.557,20.2874],[-104.5511,20.2884],[-104.5437,20.2993],[-104.5384,20.3011]]]}},{"type":"Feature","properties":{"cve_mun":"14010","nombre_municipio":"Atemajac de Brizuela","cve_ent":"14","nombre_entidad":"Jalisco"},"geometry":{"type":"Polygon","coordinates":[[[-103.8203,20.2979],[-103.8228,20.2877],[-103.8109,20.2681],[-103.8089,20.2762],[-103.8006,20.2719],[-103.7965,20.2743],[-103.7874,20.272],[-103.7875,20.2685],[-103.783,20.2652],[-103.7706,20.2692],[-103.7424,20.264],[-103.7353,20.2439],[-103.7271,20.2417],[-103.7281,20.234],[-103.7246,20.2383],[-103.7205,20.237],[-103.7066,20.2245],[-103.6994,20.2316],[-103.6841,20.2327],[-103.6855,20.2372],[-103.6795,20.2407],[-103.6648,20.2394],[-103.6605,20.2292],[-103.6639,20.1981],[-103.6561,20.1866],[-103.6584,20.1797],[-103.6565,20.171],[-103.6422,20.1672],[-103.6379,20.1575],[-103.6242,20.1484],[-103.6053,20.1584],[-103.5999,20.1402],[-103.5888,20.1337],[-103.5902,20.1242],[-103.5953,20.1189],[-103.6073,20.1243],[-103.6033,20.1149],[-103.6083,20.1012],[-103.6152,20.1051],[-103.6169,20.0955],[-103.626,20.0927],[-103.629,20.0855],[-103.634,20.0837],[-103.6467,20.0871],[-103.6515,20.081],[-103.6571,20.0863],[-103.6683,20.0842],[-103.6831,20.0903],[-103.6834,20.0861],[-103.688,20.0893],[-103.7024,20.0832],[-103.715,20.0895],[-103.726,20.0849],[-103.7262,20.0798],[-103.7362,20.08],[-103.737,20.0732],[-103.7412,20.0744],[-103.7465,20.0639],[-103.7645,20.0613],[-103.7638,20.0691],[-103.775,20.0929],[-103.7685,20.103],[-103.771,20.1064],[-103.7633,20.1066],[-103.7464,20.1167],[-103.7604,20.1151],[-103.7663,20.1194],[-103.7689,20.1365],[-103.7732,20.144],[-103.7796,20.1433],[-103.7837,20.1356],[-103.7935,20.1418],[-103.8138,20.1445],[-103.821,20.1528],[-103.8181,20.1617],[-103.8217,20.163],[-103.8209,20.1662],[-103.8277,20.1671],[-103.8236,20.1704],[-103.8264,20.1753],[-103.8207,20.1822],[-103.841,20.2018],[-103.8369,20.2101],[-103.8301,20.2147],[-103.8469,20.2227],[-103.8436,20.2291],[-103.8371,20.2315],[-103.8419,20.2363],[-103.8382,20.2423],[-103.8451,20.251],[-103.8585,20.259],[-103.8349,20.2684],[-103.8419,20.2777],[-103.8456,20.2898],[-103.8312,20.2978],[-103.8203,20.2979]]]}},{"type":"Feature","properties":{"cve_mun":"14013","nombre_municipio":"Atotonilco el Alto","cve_ent":"14","nombre_entidad":"Jalisco"},"geometry":{"type":"Polygon","coordinates":[[[-102.4933,20.6672],[-102.4878,20.6615],[-102.4691,20.6584],[-102.4622,20.6617],[-102.4457,20.6531],[-102.4422,20.6487],[-102.4441,20.6445],[-102.4294,20.6407],[-102.4251,20.6279],[-102.4195,20.6229],[-102.4245,20.6176],[-102.4245,20.6113],[-102.4302,20.6074],[-102.4406,20.6089],[-102.4436,20.5947],[-102.4359,20.588],[-102.4213,20.5882],[-102.4246,20.577],[-102.4238,20.5504],[-102.413,20.5437],[-102.418,20.5258],[-102.4236,20.5167],[-102.4282,20.515],[-102.432,20.5051],[-102.4365,20.5063],[-102.4403,20.5025],[-102.4396,20.4959],[-102.444,20.487],[-102.4607,20.4864],[-102.462,20.4786],[-102.4642,20.4789],[-102.4629,20.4726],[-102.4538,20.4697],[-102.4512,20.4657],[-102.4417,20.4641],[-102.4444,20.4503],[-102.4554,20.4457],[-102.4531,20.4371],[-102.4571,20.4337],[-102.4743,20.4414],[-102.4808,20.4406],[-102.4847,20.4543],[-102.4882,20.452],[-102.507,20.4538],[-102.5126,20.4494],[-102.5415,20.4509],[-102.545,20.4488],[-102.5674,20.4551],[-102.5675,20.4483],[-102.5715,20.4479],[-102.5865,20.4184],[-102.6,20.4155],[-102.6076,20.418],[-102.6095,20.42],[-102.6011,20.4309],[-102.6022,20.4366],[-102.5952,20.4466],[-102.6001,20.4532],[-102.6032,20.4559],[-102.6099,20.4529],[-102.6155,20.4542],[-102.626,20.4676],[-102.6402,20.4634],[-102.6464,20.4572],[-102.6572,20.4673],[-102.6562,20.4694],[-102.6593,20.4694],[-102.6609,20.4801],[-102.6648,20.4835],[-102.6786,20.4812],[-102.6897,20.4899],[-102.6845,20.4968],[-102.6825,20.5147],[-102.6774,20.5203],[-102.6486,20.5306],[-102.6304,20.5221],[-102.6262,20.5366],[-102.6194,20.5438],[-102.6345,20.5453],[-102.6294,20.5675],[-102.6359,20.5764],[-102.6463,20.5807],[-102.6681,20.5792],[-102.6697,20.5956],[-102.6584,20.5975],[-102.652,20.6077],[-102.6455,20.6107],[-102.6392,20.6126],[-102.6323,20.6103],[-102.6217,20.6205],[-102.6141,20.6189],[-102.6124,20.6228],[-102.6092,20.6218],[-102.6082,20.6279],[-102.6005,20.6294],[-102.6035,20.6402],[-102.5882,20.6514],[-102.5793,20.6529],[-102.5794,20.6563],[-102.5695,20.6579],[-102.5678,20.6375],[-102.5615,20.6368],[-102.559,20.6372],[-102.5552,20.6499],[-102.5561,20.6582],[-102.5444,20.666],[-102.5374,20.6658],[-102.5326,20.6592],[-102.5276,20.6594],[-102.5245,20.6537],[-102.5195,20.6537],[-102.5128,20.6475],[-102.4933,20.6672]]]}},{"type":"Feature","properties":{"cve_mun":"14125","nombre_municipio":"San Ignacio Cerro Gordo","cve_ent":"14","nombre_entidad":"Jalisco"},"geometry":{"type":"Polygon","coordinates":[[[-102.4595,20.8646],[-102.4643,20.8576],[-102.4642,20.8496],[-102.4742,20.8459],[-102.4763,20.8494],[-102.475,20.8343],[-102.4634,20.8264],[-102.4655,20.8181],[-102.4516,20.8265],[-102.4357,20.8282],[-102.4332,20.7886],[-102.4695,20.6731],[-102.491,20.6685],[-102.5038,20.6691],[-102.5304,20.6825],[-102.5353,20.6874],[-102.5352,20.6946],[-102.5588,20.7193],[-102.5803,20.731],[-102.59,20.7601],[-102.5899,20.7826],[-102.5863,20.7838],[-102.5857,20.7888],[-102.5822,20.7883],[-102.5815,20.7945],[-102.575,20.7935],[-102.5749,20.8031],[-102.5694,20.8049],[-102.5686,20.809],[-102.5634,20.8085],[-102.5605,20.8122],[-102.5532,20.81],[-102.5314,20.8252],[-102.5334,20.8348],[-102.5076,20.8436],[-102.5049,20.8598],[-102.4921,20.8582],[-102.4743,20.8681],[-102.4595,20.8646]]]}},{"type":"Feature","properties":{"cve_mun":"14089","nombre_municipio":"Techaluta de Montenegro","cve_ent":"14","nombre_entidad":"Jalisco"},"geometry":{"type":"Polygon","coordinates":[[[-103.5672,20.1488],[-103.5605,20.1437],[-103.5582,20.1373],[-103.5556,20.1386],[-103.5539,20.1486],[-103.5446,20.1446],[-103.5157,20.1442],[-103.5231,20.1378],[-103.519,20.1333],[-103.5354,20.1298],[-103.5419,20.1215],[-103.5392,20.0753],[-103.5527,20.0387],[-103.5602,20.0453],[-103.5809,20.0494],[-103.5838,20.0433],[-103.5912,20.0445],[-103.6082,20.066],[-103.619,20.0685],[-103.6215,20.0644],[-103.6307,20.0666],[-103.6367,20.0729],[-103.638,20.0809],[-103.645,20.085],[-103.629,20.0855],[-103.626,20.0927],[-103.6169,20.0955],[-103.6152,20.1051],[-103.6084,20.1011],[-103.6033,20.1149],[-103.6073,20.1243],[-103.5968,20.1182],[-103.593,20.1202],[-103.5888,20.1337],[-103.5816,20.1317],[-103.5792,20.1354],[-103.5728,20.133],[-103.5684,20.1365],[-103.5646,20.1407],[-103.5672,20.1488]]]}},{"type":"Feature","properties":{"cve_mun":"14088","nombre_municipio":"Tecolotlán","cve_ent":"14","nombre_entidad":"Jalisco"},"geometry":{"type":"Polygon","coordinates":[[[-104.1794,20.469],[-104.1692,20.4686],[-104.1665,20.4582],[-104.1528,20.4555],[-104.1461,20.4464],[-104.1331,20.4526],[-104.1378,20.4422],[-104.1457,20.4398],[-104.15,20.434],[-104.1461,20.4319],[-104.147,20.4268],[-104.1354,20.4228],[-104.1313,20.4245],[-104.1148,20.4174],[-104.1018,20.4064],[-104.0833,20.3751],[-104.0817,20.3785],[-104.0619,20.3774],[-104.056,20.3893],[-104.0495,20.3948],[-104.0407,20.3936],[-104.0396,20.3743],[-104.0358,20.3739],[-104.0318,20.3556],[-104.0244,20.3516],[-104.0221,20.3452],[-104.0307,20.332],[-104.0264,20.3181],[-103.9996,20.3214],[-103.9952,20.3262],[-103.9968,20.3335],[-103.9914,20.337],[-103.9765,20.3384],[-103.9723,20.3346],[-103.9628,20.3352],[-103.9602,20.3321],[-103.9507,20.3396],[-103.9473,20.3189],[-103.9351,20.3101],[-103.9278,20.3106],[-103.9224,20.3012],[-103.9124,20.295],[-103.907,20.2965],[-103.9053,20.2907],[-103.9004,20.2976],[-103.901,20.302],[-103.8906,20.3041],[-103.8875,20.3024],[-103.8837,20.3049],[-103.872,20.2995],[-103.8589,20.3013],[-103.8524,20.2989],[-103.8495,20.2921],[-103.843,20.2872],[-103.8419,20.2777],[-103.8349,20.2684],[-103.8585,20.259],[-103.8451,20.251],[-103.8382,20.2423],[-103.8419,20.2363],[-103.8371,20.2315],[-103.8448,20.2278],[-103.8464,20.2215],[-103.8301,20.2147],[-103.8397,20.206],[-103.848,20.184],[-103.8683,20.1765],[-103.8917,20.1597],[-103.9041,20.1597],[-103.9043,20.155],[-103.9139,20.1602],[-103.9229,20.1581],[-103.9237,20.1388],[-103.9289,20.1284],[-103.9286,20.1193],[-103.9351,20.1164],[-103.9397,20.122],[-103.9406,20.1128],[-103.9463,20.1081],[-103.9912,20.1208],[-104.0011,20.1182],[-104.0119,20.1208],[-104.0188,20.1157],[-104.0296,20.1147],[-104.0353,20.125],[-104.0344,20.1311],[-104.0298,20.1344],[-104.0339,20.1416],[-104.0338,20.1565],[-104.0388,20.1517],[-104.039,20.1568],[-104.0452,20.1626],[-104.0481,20.1573],[-104.0638,20.1461],[-104.0675,20.1333],[-104.0755,20.1217],[-104.0744,20.1148],[-104.0853,20.1087],[-104.1005,20.0921],[-104.1017,20.0948],[-104.1064,20.0926],[-104.1078,20.0846],[-104.1247,20.0823],[-104.1274,20.0862],[-104.1371,20.0873],[-104.1157,20.0989],[-104.1146,20.1178],[-104.1003,20.1438],[-104.1107,20.1536],[-104.1093,20.1721],[-104.1195,20.178],[-104.1175,20.1809],[-104.1196,20.1865],[-104.1145,20.1903],[-104.1167,20.1917],[-104.1124,20.2033],[-104.1245,20.2418],[-104.1431,20.2392],[-104.1505,20.2468],[-104.139,20.2637],[-104.1296,20.2669],[-104.1246,20.2795],[-104.1335,20.283],[-104.131,20.2843],[-104.1329,20.2879],[-104.1454,20.2879],[-104.1404,20.2915],[-104.1468,20.2948],[-104.1632,20.2961],[-104.1612,20.3038],[-104.1633,20.3063],[-104.1596,20.3061],[-104.1587,20.3172],[-104.1639,20.3166],[-104.1673,20.3208],[-104.16,20.3217],[-104.1642,20.3279],[-104.1632,20.333],[-104.1581,20.3318],[-104.159,20.3488],[-104.1711,20.3638],[-104.1771,20.3665],[-104.1871,20.3647],[-104.1831,20.3804],[-104.1906,20.3883],[-104.1881,20.398],[-104.1928,20.4096],[-104.1925,20.4189],[-104.2051,20.4234],[-104.2019,20.4277],[-104.2066,20.4326],[-104.2042,20.4453],[-104.1868,20.4531],[-104.1818,20.4607],[-104.1828,20.4673],[-104.1794,20.469]]]}},{"type":"Feature","properties":{"cve_mun":"14087","nombre_municipio":"Tecalitlán","cve_ent":"14","nombre_entidad":"Jalisco"},"geometry":{"type":"Polygon","coordinates":[[[-103.3038,19.5531],[-103.2971,19.543],[-103.2865,19.5361],[-103.2914,19.5298],[-103.2823,19.5161],[-103.2821,19.5005],[-103.2633,19.4952],[-103.2453,19.4963],[-103.2362,19.4889],[-103.2223,19.4849],[-103.2205,19.4798],[-103.2241,19.4785],[-103.2283,19.4692],[-103.2195,19.4498],[-103.2092,19.45],[-103.2039,19.454],[-103.1988,19.4485],[-103.1917,19.4487],[-103.1908,19.4593],[-103.1793,19.4613],[-103.1727,19.4518],[-103.1644,19.4475],[-103.1427,19.4587],[-103.1404,19.454],[-103.1323,19.453],[-103.1296,19.4488],[-103.1233,19.4478],[-103.1229,19.4428],[-103.1177,19.4413],[-103.1195,19.4275],[-103.1125,19.4241],[-103.1128,19.4171],[-103.1065,19.4183],[-103.0982,19.4267],[-103.0964,19.4206],[-103.0906,19.4196],[-103.0921,19.415],[-103.0858,19.4135],[-103.0929,19.4069],[-103.0829,19.402],[-103.084,19.3983],[-103.0907,19.3925],[-103.0938,19.3808],[-103.0993,19.3787],[-103.1004,19.3703],[-103.1102,19.3696],[-103.1086,19.3664],[-103.1116,19.3619],[-103.1171,19.3658],[-103.1274,19.3603],[-103.1296,19.3563],[-103.1255,19.3547],[-103.1248,19.3508],[-103.1278,19.351],[-103.1346,19.3428],[-103.148,19.3375],[-103.1479,19.3339],[-103.156,19.3289],[-103.1631,19.3143],[-103.1495,19.3073],[-103.1547,19.3038],[-103.147,19.3013],[-103.1476,19.2928],[-103.1383,19.2805],[-103.1301,19.2777],[-103.1307,19.2748],[-103.1196,19.2776],[-103.0994,19.2594],[-103.0845,19.2661],[-103.0826,19.2601],[-103.0771,19.2569],[-103.0806,19.2417],[-103.0919,19.2365],[-103.0925,19.2294],[-103.105,19.2159],[-103.0951,19.2036],[-103.0874,19.2003],[-103.0841,19.1932],[-103.0571,19.183],[-103.0468,19.1832],[-103.0467,19.1756],[-103.0524,19.1717],[-103.0513,19.1667],[-103.047,19.1646],[-103.0433,19.1343],[-103.0392,19.1284],[-103.0192,19.1325],[-103.0205,19.125],[-103.012,19.1092],[-103.0195,19.1038],[-103.016,19.0792],[-102.9908,19.0534],[-103.0156,19.0489],[-103.0252,19.0531],[-103.0332,19.0291],[-103.0479,19.0322],[-103.0506,19.0356],[-103.0632,19.0279],[-103.0667,19.0223],[-103.0638,19.0057],[-103.0525,18.9981],[-103.0662,18.9963],[-103.0881,18.9841],[-103.098,18.9647],[-103.1052,18.9613],[-103.1082,18.9517],[-103.1236,18.9376],[-103.125,18.9301],[-103.1345,18.9311],[-103.1496,18.9259],[-103.1734,18.9363],[-103.1886,18.9549],[-103.2045,18.9676],[-103.2032,18.9785],[-103.2114,18.993],[-103.2095,19.003],[-103.2174,19.0035],[-103.2217,19.0095],[-103.2239,19.0241],[-103.2295,19.0227],[-103.2311,19.0183],[-103.2347,19.0201],[-103.2405,19.014],[-103.2464,19.0121],[-103.2484,19.0145],[-103.2442,19.0248],[-103.2553,19.0254],[-103.253,19.0284],[-103.2566,19.0347],[-103.2546,19.0388],[-103.2605,19.0538],[-103.2816,19.052],[-103.2942,19.0556],[-103.3011,19.0493],[-103.305,19.0498],[-103.3122,19.0544],[-103.3164,19.0632],[-103.3259,19.0683],[-103.3036,19.0776],[-103.3052,19.0815],[-103.3011,19.0977],[-103.2978,19.1016],[-103.2919,19.1004],[-103.2889,19.1033],[-103.2867,19.1131],[-103.2899,19.1105],[-103.2925,19.1161],[-103.2869,19.1215],[-103.2859,19.1281],[-103.2906,19.1317],[-103.2749,19.132],[-103.2705,19.1252],[-103.2705,19.1299],[-103.2672,19.1281],[-103.2666,19.132],[-103.2615,19.1308],[-103.259,19.1482],[-103.2643,19.1571],[-103.2733,19.1613],[-103.2733,19.1727],[-103.2666,19.1658],[-103.2492,19.1682],[-103.2598,19.186],[-103.2865,19.1996],[-103.2807,19.2067],[-103.2813,19.2134],[-103.2741,19.2269],[-103.2771,19.2283],[-103.2753,19.2325],[-103.2657,19.2431],[-103.2574,19.247],[-103.2581,19.2555],[-103.2628,19.2621],[-103.2723,19.2634],[-103.2738,19.2903],[-103.2901,19.2921],[-103.2901,19.2986],[-103.2935,19.2964],[-103.2954,19.2998],[-103.302,19.2989],[-103.2879,19.3147],[-103.2768,19.3151],[-103.2686,19.3204],[-103.2749,19.337],[-103.2612,19.3447],[-103.2646,19.3583],[-103.2662,19.3627],[-103.2711,19.3621],[-103.2716,19.3713],[-103.2746,19.3739],[-103.2749,19.3689],[-103.2783,19.3674],[-103.3048,19.3676],[-103.313,19.3578],[-103.3241,19.3581],[-103.3255,19.3535],[-103.3223,19.3533],[-103.329,19.3361],[-103.3462,19.3343],[-103.3564,19.3276],[-103.363,19.3288],[-103.3597,19.3362],[-103.3645,19.3344],[-103.3653,19.3422],[-103.3787,19.3389],[-103.382,19.3343],[-103.3867,19.3387],[-103.3874,19.3324],[-103.3899,19.3321],[-103.3936,19.3342],[-103.3961,19.3442],[-103.394,19.3476],[-103.3895,19.3469],[-103.3894,19.3515],[-103.385,19.3514],[-103.3882,19.3551],[-103.3851,19.3547],[-103.388,19.3567],[-103.3857,19.3588],[-103.3868,19.3649],[-103.379,19.3691],[-103.3809,19.3754],[-103.3781,19.3761],[-103.3782,19.3813],[-103.367,19.3934],[-103.3715,19.3998],[-103.3769,19.3988],[-103.379,19.4015],[-103.3802,19.4233],[-103.3625,19.4277],[-103.3502,19.4385],[-103.3542,19.4434],[-103.3512,19.4514],[-103.3555,19.4652],[-103.3494,19.4582],[-103.3445,19.4599],[-103.3407,19.456],[-103.3334,19.4551],[-103.3254,19.4606],[-103.3291,19.4722],[-103.3159,19.4768],[-103.3238,19.4798],[-103.326,19.4882],[-103.3319,19.4916],[-103.3313,19.497],[-103.3431,19.513],[-103.3457,19.5122],[-103.343,19.5231],[-103.3347,19.5284],[-103.3317,19.5348],[-103.3245,19.5395],[-103.3251,19.5423],[-103.3187,19.5446],[-103.3189,19.5482],[-103.3125,19.5493],[-103.3085,19.5467],[-103.3038,19.5531]]]}},{"type":"Feature","properties":{"cve_mun":"14085","nombre_municipio":"Tamazula de Gordiano","cve_ent":"14","nombre_entidad":"Jalisco"},"geometry":{"type":"Polygon","coordinates":[[[-103.2248,19.9328],[-103.2099,19.9266],[-103.2088,19.9213],[-103.2037,19.918],[-103.1972,19.9189],[-103.1859,19.9144],[-103.1814,19.8847],[-103.1949,19.876],[-103.1848,19.8595],[-103.1763,19.8545],[-103.1553,19.8531],[-103.1567,19.8472],[-103.1455,19.8432],[-103.1308,19.8469],[-103.1264,19.8567],[-103.1143,19.8606],[-103.1011,19.8563],[-103.0937,19.848],[-103.0973,19.8442],[-103.0933,19.8333],[-103.0877,19.8302],[-103.0802,19.831],[-103.0786,19.8281],[-103.0738,19.8306],[-103.0606,19.8199],[-103.0586,19.8145],[-103.0506,19.8151],[-103.0467,19.8051],[-103.0368,19.8092],[-103.0315,19.8073],[-103.0205,19.8],[-103.0161,19.7878],[-103.0224,19.7635],[-103.0103,19.7493],[-103.0035,19.747],[-103.006,19.7297],[-103.0158,19.7155],[-103.0194,19.7164],[-103.0177,19.7132],[-103.0234,19.7122],[-103.0075,19.6884],[-102.9992,19.6858],[-103.0032,19.682],[-103.0019,19.6762],[-103.0052,19.6753],[-103.0021,19.6728],[-103.0147,19.6629],[-103.0065,19.6558],[-103.0086,19.65],[-103.0055,19.6398],[-103.0071,19.6111],[-103.0092,19.6142],[-103.0096,19.6103],[-103.0157,19.6096],[-103.0181,19.5956],[-103.029,19.5865],[-103.0215,19.5613],[-103.0071,19.5594],[-103.0035,19.554],[-103.0183,19.5302],[-103.0188,19.5219],[-103.0286,19.5192],[-103.0486,19.5031],[-103.0714,19.5143],[-103.0751,19.51],[-103.0829,19.51],[-103.0854,19.5048],[-103.0834,19.5034],[-103.0867,19.5049],[-103.0867,19.5009],[-103.0896,19.5015],[-103.0915,19.4945],[-103.0881,19.4909],[-103.0675,19.4918],[-103.0613,19.4846],[-103.0721,19.4797],[-103.0743,19.4749],[-103.0797,19.4779],[-103.0917,19.4745],[-103.0835,19.4704],[-103.0787,19.4721],[-103.0809,19.465],[-103.0758,19.4654],[-103.0744,19.4626],[-103.0778,19.46],[-103.0766,19.4542],[-103.065,19.4488],[-103.0662,19.4452],[-103.0758,19.4464],[-103.0783,19.4499],[-103.0825,19.4477],[-103.0848,19.4499],[-103.0881,19.4465],[-103.0967,19.4513],[-103.0991,19.4405],[-103.1031,19.438],[-103.1094,19.4457],[-103.116,19.445],[-103.1124,19.4423],[-103.1142,19.4398],[-103.1229,19.4428],[-103.1233,19.4478],[-103.1404,19.454],[-103.1427,19.4587],[-103.1655,19.4476],[-103.1665,19.4505],[-103.1727,19.4518],[-103.1793,19.4613],[-103.1908,19.4593],[-103.1917,19.4487],[-103.1988,19.4485],[-103.2039,19.454],[-103.2092,19.45],[-103.2197,19.45],[-103.2283,19.4692],[-103.2241,19.4785],[-103.2205,19.4798],[-103.2227,19.4828],[-103.2201,19.4893],[-103.2152,19.4876],[-103.219,19.483],[-103.2088,19.4818],[-103.2071,19.4959],[-103.1996,19.5029],[-103.2014,19.5092],[-103.2086,19.5117],[-103.2076,19.5161],[-103.216,19.5198],[-103.2151,19.5235],[-103.2196,19.5233],[-103.2166,19.5283],[-103.2205,19.5314],[-103.2241,19.5287],[-103.2386,19.5347],[-103.2498,19.5445],[-103.2566,19.5434],[-103.2597,19.5463],[-103.2478,19.5555],[-103.2506,19.5577],[-103.2457,19.5712],[-103.247,19.5773],[-103.2541,19.576],[-103.2615,19.5815],[-103.2706,19.5824],[-103.2707,19.5944],[-103.2881,19.6071],[-103.3002,19.6007],[-103.313,19.6049],[-103.313,19.6091],[-103.3074,19.612],[-103.3119,19.6166],[-103.307,19.6191],[-103.307,19.6313],[-103.3108,19.6333],[-103.3106,19.6378],[-103.323,19.645],[-103.33,19.6398],[-103.3346,19.6437],[-103.3287,19.6457],[-103.3266,19.6522],[-103.3302,19.6539],[-103.3291,19.6635],[-103.3228,19.6643],[-103.3204,19.6726],[-103.3271,19.6776],[-103.3369,19.6744],[-103.3409,19.687],[-103.3478,19.6904],[-103.3498,19.6885],[-103.3532,19.6936],[-103.3515,19.6971],[-103.3553,19.6964],[-103.3525,19.7055],[-103.3475,19.7068],[-103.3555,19.7148],[-103.3547,19.7308],[-103.3472,19.7392],[-103.3352,19.7407],[-103.3185,19.7485],[-103.3248,19.753],[-103.3463,19.7547],[-103.3561,19.75],[-103.3612,19.7365],[-103.37,19.7328],[-103.383,19.7337],[-103.3957,19.7415],[-103.3989,19.7325],[-103.405,19.7346],[-103.406,19.7405],[-103.4144,19.7467],[-103.4156,19.7576],[-103.4121,19.7727],[-103.4224,19.7718],[-103.4248,19.769],[-103.4294,19.773],[-103.426,19.7848],[-103.4287,19.7908],[-103.4246,19.7916],[-103.4267,19.8009],[-103.4225,19.7982],[-103.4182,19.8019],[-103.4133,19.809],[-103.4136,19.8161],[-103.4091,19.8103],[-103.403,19.8144],[-103.3791,19.8107],[-103.3735,19.8136],[-103.3597,19.8084],[-103.3406,19.7935],[-103.3366,19.8021],[-103.3345,19.7963],[-103.3282,19.8021],[-103.3275,19.8112],[-103.33,19.8145],[-103.3214,19.8202],[-103.3235,19.8222],[-103.3209,19.8268],[-103.3126,19.8325],[-103.3141,19.8407],[-103.3086,19.8371],[-103.2996,19.8396],[-103.2978,19.8429],[-103.3098,19.8647],[-103.3217,19.8726],[-103.322,19.8778],[-103.2996,19.8877],[-103.2914,19.8842],[-103.2809,19.8858],[-103.2793,19.8822],[-103.2614,19.8846],[-103.2645,19.8803],[-103.2591,19.8778],[-103.2558,19.8838],[-103.2583,19.8898],[-103.2554,19.8957],[-103.2494,19.8956],[-103.246,19.9003],[-103.2354,19.9022],[-103.2363,19.9068],[-103.2309,19.9171],[-103.2385,19.9291],[-103.2248,19.9328]]]}},{"type":"Feature","properties":{"cve_mun":"14084","nombre_municipio":"Talpa de Allende","cve_ent":"14","nombre_entidad":"Jalisco"},"geometry":{"type":"Polygon","coordinates":[[[-104.9021,20.5569],[-104.9061,20.5526],[-104.904,20.5507],[-104.9061,20.5453],[-104.8996,20.5441],[-104.9006,20.5362],[-104.8919,20.5278],[-104.8864,20.5256],[-104.8709,20.5349],[-104.8643,20.5289],[-104.8615,20.5184],[-104.8507,20.5109],[-104.8417,20.5077],[-104.8373,20.5129],[-104.8289,20.5089],[-104.817,20.4862],[-104.8335,20.481],[-104.8113,20.4678],[-104.8145,20.4617],[-104.8132,20.455],[-104.8228,20.4499],[-104.8249,20.4455],[-104.8125,20.434],[-104.8115,20.4292],[-104.8015,20.4225],[-104.8084,20.4116],[-104.7831,20.4053],[-104.768,20.3962],[-104.7546,20.4001],[-104.7529,20.3926],[-104.7618,20.3808],[-104.7643,20.3708],[-104.7609,20.3602],[-104.7479,20.3478],[-104.7366,20.3478],[-104.7306,20.3423],[-104.7245,20.3415],[-104.7318,20.3298],[-104.7364,20.3106],[-104.7252,20.3038],[-104.725,20.2857],[-104.7201,20.2692],[-104.7106,20.2702],[-104.7077,20.2672],[-104.7182,20.2589],[-104.7157,20.2465],[-104.7109,20.244],[-104.7109,20.2377],[-104.7066,20.2355],[-104.7119,20.2202],[-104.7084,20.2198],[-104.7044,20.2125],[-104.7086,20.2004],[-104.7056,20.1799],[-104.7106,20.1683],[-104.7023,20.1636],[-104.7048,20.1599],[-104.7011,20.1548],[-104.7061,20.1506],[-104.7054,20.1449],[-104.7112,20.1505],[-104.718,20.1466],[-104.7187,20.1503],[-104.7454,20.1423],[-104.7574,20.1288],[-104.7585,20.1218],[-104.7643,20.1199],[-104.7691,20.1224],[-104.7718,20.1099],[-104.7639,20.0972],[-104.7724,20.0757],[-104.7701,20.0722],[-104.7766,20.0664],[-104.7873,20.0639],[-104.7928,20.0663],[-104.7961,20.0616],[-104.8048,20.0621],[-104.8139,20.0566],[-104.8174,20.0614],[-104.8194,20.0587],[-104.8348,20.0597],[-104.8404,20.0555],[-104.8477,20.0609],[-104.8564,20.0579],[-104.8722,20.0456],[-104.8786,20.0461],[-104.893,20.0398],[-104.8958,20.0514],[-104.9036,20.0531],[-104.9104,20.0609],[-104.915,20.0547],[-104.9243,20.0566],[-104.9437,20.0524],[-104.95,20.0596],[-104.9614,20.0648],[-104.9644,20.0749],[-104.9788,20.0744],[-104.9822,20.0983],[-104.9852,20.1004],[-104.9801,20.1094],[-105.0074,20.125],[-105.0264,20.1234],[-105.0332,20.1366],[-105.048,20.1458],[-105.0538,20.1557],[-105.0644,20.157],[-105.0733,20.1718],[-105.0814,20.1678],[-105.0953,20.1723],[-105.0967,20.1761],[-105.0932,20.1781],[-105.097,20.185],[-105.0928,20.1891],[-105.0997,20.1957],[-105.1045,20.1949],[-105.1054,20.1999],[-105.1191,20.19],[-105.1402,20.1917],[-105.1486,20.2061],[-105.1496,20.222],[-105.1708,20.2319],[-105.1817,20.2324],[-105.1806,20.2355],[-105.1866,20.238],[-105.1933,20.235],[-105.1994,20.2389],[-105.2017,20.2505],[-105.1848,20.2598],[-105.1841,20.2653],[-105.1734,20.2801],[-105.1751,20.2936],[-105.1807,20.3048],[-105.1843,20.3056],[-105.1771,20.3583],[-105.1713,20.3646],[-105.1719,20.3711],[-105.1654,20.3679],[-105.1552,20.3718],[-105.1575,20.3792],[-105.1622,20.3822],[-105.179,20.3842],[-105.1818,20.3816],[-105.1843,20.3841],[-105.1929,20.3806],[-105.196,20.3854],[-105.1948,20.3894],[-105.2045,20.3893],[-105.2082,20.395],[-105.2173,20.3966],[-105.2197,20.4014],[-105.2176,20.4106],[-105.225,20.421],[-105.2214,20.4218],[-105.2268,20.4233],[-105.2246,20.4252],[-105.2264,20.43],[-105.2358,20.4318],[-105.2312,20.4346],[-105.235,20.4353],[-105.235,20.438],[-105.2291,20.4421],[-105.2336,20.4473],[-105.2354,20.4578],[-105.2198,20.4875],[-105.2103,20.4919],[-105.2004,20.4835],[-105.1973,20.4914],[-105.2019,20.5001],[-105.1949,20.5128],[-105.1884,20.5135],[-105.1825,20.5187],[-105.1737,20.5189],[-105.1686,20.5246],[-105.1646,20.5395],[-105.1629,20.5311],[-105.1556,20.5324],[-105.1522,20.5276],[-105.1464,20.5292],[-105.1467,20.5237],[-105.1424,20.5256],[-105.1412,20.5182],[-105.134,20.5126],[-105.1311,20.5131],[-105.1294,20.5215],[-105.1237,20.5219],[-105.1192,20.5267],[-105.1047,20.5288],[-105.0983,20.5355],[-105.099,20.5233],[-105.1131,20.5012],[-105.0933,20.4995],[-105.0735,20.4859],[-105.0712,20.4896],[-105.0592,20.4922],[-105.0558,20.4855],[-105.0451,20.4851],[-105.0573,20.4771],[-105.0592,20.47],[-105.0561,20.4585],[-105.0583,20.4564],[-105.0549,20.4557],[-105.0459,20.4426],[-105.0348,20.4391],[-105.0311,20.4423],[-105.0162,20.4445],[-105.0156,20.4488],[-105.0071,20.4495],[-105.0032,20.4422],[-104.9873,20.443],[-104.9868,20.4401],[-104.977,20.4359],[-104.979,20.4515],[-104.9664,20.4637],[-104.9703,20.4669],[-104.9653,20.4714],[-104.9723,20.4749],[-104.9677,20.4776],[-104.9703,20.4798],[-104.9827,20.4851],[-104.981,20.4893],[-104.9839,20.4932],[-104.9943,20.4979],[-104.9878,20.4983],[-104.9769,20.5089],[-104.9622,20.5037],[-104.9551,20.5093],[-104.9515,20.5076],[-104.9526,20.514],[-104.9486,20.5182],[-104.9563,20.5246],[-104.955,20.5266],[-104.9616,20.5348],[-104.9448,20.5341],[-104.9214,20.5396],[-104.9021,20.5569]]]}},{"type":"Feature","properties":{"cve_mun":"14083","nombre_municipio":"Tala","cve_ent":"14","nombre_entidad":"Jalisco"},"geometry":{"type":"Polygon","coordinates":[[[-103.7518,20.7371],[-103.7436,20.7374],[-103.7361,20.7327],[-103.7326,20.7239],[-103.7197,20.7239],[-103.7124,20.7195],[-103.6863,20.7212],[-103.6844,20.7182],[-103.6874,20.7034],[-103.6571,20.712],[-103.6595,20.7037],[-103.6514,20.6874],[-103.6274,20.6867],[-103.6149,20.6928],[-103.612,20.6863],[-103.615,20.6804],[-103.6118,20.6743],[-103.6157,20.6619],[-103.6246,20.6564],[-103.621,20.6514],[-103.6105,20.6507],[-103.6069,20.6445],[-103.6088,20.6413],[-103.6165,20.6417],[-103.6169,20.639],[-103.6019,20.6353],[-103.5969,20.6152],[-103.6004,20.6121],[-103.5993,20.6056],[-103.5924,20.6023],[-103.584,20.6036],[-103.5824,20.6065],[-103.573,20.6067],[-103.5674,20.6144],[-103.5625,20.6157],[-103.5549,20.6111],[-103.5456,20.6102],[-103.5328,20.601],[-103.5347,20.5917],[-103.5449,20.5838],[-103.5545,20.5672],[-103.5659,20.5629],[-103.5729,20.5526],[-103.5739,20.5441],[-103.5838,20.5298],[-103.5718,20.5249],[-103.5886,20.5203],[-103.5906,20.5115],[-103.5966,20.5102],[-103.5919,20.4994],[-103.5949,20.494],[-103.5895,20.4929],[-103.597,20.4823],[-103.6144,20.4883],[-103.6272,20.4838],[-103.6371,20.4883],[-103.6374,20.4946],[-103.656,20.5057],[-103.6658,20.5001],[-103.6844,20.4996],[-103.6882,20.5025],[-103.6881,20.5194],[-103.6926,20.5235],[-103.7087,20.5191],[-103.7148,20.5139],[-103.7145,20.5201],[-103.7197,20.5259],[-103.721,20.5332],[-103.7379,20.5566],[-103.7633,20.5632],[-103.7663,20.5689],[-103.7766,20.5735],[-103.7869,20.5695],[-103.7941,20.579],[-103.8043,20.5816],[-103.8154,20.5959],[-103.8286,20.5926],[-103.8204,20.5993],[-103.8224,20.6018],[-103.8362,20.584],[-103.8478,20.5846],[-103.8461,20.5965],[-103.8368,20.5986],[-103.832,20.604],[-103.8237,20.6039],[-103.8162,20.6115],[-103.8152,20.6092],[-103.8154,20.6172],[-103.8092,20.6285],[-103.7913,20.637],[-103.7888,20.6352],[-103.775,20.6467],[-103.7729,20.6538],[-103.7665,20.65],[-103.7645,20.6525],[-103.7672,20.6589],[-103.7712,20.6583],[-103.7686,20.6631],[-103.7714,20.666],[-103.7568,20.677],[-103.7572,20.6816],[-103.7604,20.6869],[-103.7663,20.6868],[-103.769,20.7045],[-103.7734,20.7102],[-103.7739,20.7081],[-103.774,20.7149],[-103.7811,20.7194],[-103.7701,20.7374],[-103.7518,20.7371]]]}},{"type":"Feature","properties":{"cve_mun":"14082","nombre_municipio":"Sayula","cve_ent":"14","nombre_entidad":"Jalisco"},"geometry":{"type":"Polygon","coordinates":[[[-103.5231,19.9488],[-103.5242,19.9264],[-103.5135,19.9252],[-103.5137,19.9129],[-103.4997,19.9113],[-103.4982,19.9072],[-103.502,19.9008],[-103.4994,19.8956],[-103.5046,19.8869],[-103.509,19.8852],[-103.5095,19.8764],[-103.515,19.8757],[-103.5119,19.8541],[-103.5414,19.864],[-103.542,19.8545],[-103.5474,19.8462],[-103.546,19.8407],[-103.5579,19.837],[-103.5584,19.8249],[-103.5635,19.8228],[-103.565,19.8249],[-103.5678,19.8177],[-103.5482,19.7896],[-103.5436,19.7743],[-103.5581,19.7763],[-103.5718,19.7717],[-103.5767,19.7743],[-103.5832,19.7653],[-103.5898,19.7725],[-103.6006,19.774],[-103.6052,19.7714],[-103.6231,19.7782],[-103.6271,19.7902],[-103.652,19.8033],[-103.647,19.8146],[-103.6509,19.8197],[-103.6496,19.8317],[-103.6337,19.8282],[-103.6304,19.8384],[-103.6249,19.8409],[-103.6269,19.847],[-103.6358,19.8441],[-103.6546,19.8459],[-103.659,19.8497],[-103.6676,19.8482],[-103.6757,19.8563],[-103.6744,19.8667],[-103.6869,19.8653],[-103.6987,19.8782],[-103.7074,19.8805],[-103.6869,19.8894],[-103.6748,19.886],[-103.669,19.8911],[-103.6691,19.9023],[-103.6647,19.9046],[-103.6634,19.9103],[-103.6563,19.912],[-103.6586,19.9226],[-103.6653,19.9332],[-103.6645,19.9379],[-103.6581,19.9343],[-103.6456,19.9346],[-103.6463,19.931],[-103.6324,19.9276],[-103.6345,19.9252],[-103.6217,19.9212],[-103.6095,19.9086],[-103.6134,19.9297],[-103.6082,19.9313],[-103.5971,19.909],[-103.5934,19.9109],[-103.5801,19.9057],[-103.5775,19.9023],[-103.5793,19.8929],[-103.5769,19.893],[-103.5705,19.8955],[-103.5686,19.9065],[-103.5729,19.9088],[-103.5613,19.9254],[-103.5516,19.9281],[-103.5231,19.9488]]]}},{"type":"Feature","properties":{"cve_mun":"14081","nombre_municipio":"Santa María de los Ángeles","cve_ent":"14","nombre_entidad":"Jalisco"},"geometry":{"type":"Polygon","coordinates":[[[-103.2513,22.28],[-103.2217,22.2695],[-103.2237,22.263],[-103.2178,22.2653],[-103.2168,22.2618],[-103.2125,22.264],[-103.2023,22.2619],[-103.1977,22.2672],[-103.1932,22.2575],[-103.189,22.2609],[-103.1827,22.2584],[-103.1749,22.2352],[-103.1622,22.228],[-103.1645,22.221],[-103.1578,22.2166],[-103.1616,22.2098],[-103.1595,22.2051],[-103.15,22.2102],[-103.14,22.2094],[-103.1398,22.2069],[-103.1254,22.2196],[-103.1069,22.2166],[-103.1099,22.2211],[-103.109,22.2276],[-103.0994,22.2365],[-103.1019,22.2416],[-103.0954,22.2402],[-103.0965,22.248],[-103.0935,22.2498],[-103.0839,22.2423],[-103.085,22.2477],[-103.0787,22.2582],[-103.0555,22.2473],[-103.0621,22.2283],[-103.0578,22.2283],[-103.0597,22.2242],[-103.0523,22.2207],[-103.0548,22.2138],[-103.0598,22.2172],[-103.0719,22.212],[-103.071,22.2035],[-103.0882,22.2044],[-103.0921,22.1984],[-103.1061,22.1914],[-103.1014,22.1786],[-103.1059,22.1682],[-103.1049,22.1575],[-103.1087,22.1534],[-103.1025,22.1536],[-103.1088,22.1443],[-103.0923,22.1444],[-103.0901,22.14],[-103.0792,22.1373],[-103.0759,22.1335],[-103.0816,22.1308],[-103.077,22.1255],[-103.0877,22.1178],[-103.0845,22.114],[-103.0862,22.1122],[-103.0895,22.1152],[-103.0883,22.1129],[-103.0924,22.1099],[-103.0964,22.1113],[-103.1042,22.1012],[-103.1266,22.104],[-103.1345,22.1072],[-103.1367,22.1119],[-103.1452,22.1134],[-103.1535,22.1239],[-103.1658,22.1284],[-103.1678,22.1342],[-103.1812,22.1424],[-103.1909,22.1428],[-103.1962,22.1386],[-103.2217,22.1335],[-103.231,22.1255],[-103.2322,22.1331],[-103.2406,22.1407],[-103.2327,22.1471],[-103.2304,22.1629],[-103.2595,22.1673],[-103.2644,22.1528],[-103.2697,22.1504],[-103.2718,22.1544],[-103.2835,22.1538],[-103.2826,22.1689],[-103.2762,22.1772],[-103.2719,22.1909],[-103.2797,22.2013],[-103.2797,22.206],[-103.2714,22.2211],[-103.2946,22.2327],[-103.2942,22.2401],[-103.2816,22.2513],[-103.2757,22.2664],[-103.2692,22.2685],[-103.2611,22.2773],[-103.2513,22.28]]]}},{"type":"Feature","properties":{"cve_mun":"14080","nombre_municipio":"San Sebastián del Oeste","cve_ent":"14","nombre_entidad":"Jalisco"},"geometry":{"type":"Polygon","coordinates":[[[-104.7816,21.0227],[-104.7751,21.0175],[-104.7717,21.0086],[-104.7525,21.0123],[-104.7392,21.0061],[-104.7314,21.0125],[-104.7285,21.0114],[-104.7251,20.9994],[-104.7294,20.9832],[-104.7158,20.9805],[-104.7162,20.9749],[-104.7089,20.9744],[-104.7057,20.9669],[-104.6811,20.9607],[-104.6787,20.9547],[-104.6827,20.9492],[-104.681,20.9438],[-104.6691,20.9413],[-104.6614,20.944],[-104.6621,20.9387],[-104.6564,20.9324],[-104.647,20.9354],[-104.6381,20.9341],[-104.6285,20.9239],[-104.6205,20.9255],[-104.6125,20.895],[-104.6139,20.8896],[-104.6049,20.8854],[-104.6021,20.8762],[-104.5928,20.8709],[-104.6009,20.8667],[-104.5969,20.8629],[-104.593,20.8653],[-104.5908,20.8634],[-104.5925,20.8546],[-104.5867,20.8497],[-104.5927,20.8411],[-104.5897,20.8387],[-104.5994,20.8387],[-104.6032,20.8335],[-104.6008,20.8286],[-104.624,20.8332],[-104.6307,20.8253],[-104.6324,20.837],[-104.6425,20.835],[-104.6491,20.8379],[-104.6508,20.8325],[-104.6459,20.8206],[-104.6509,20.8156],[-104.6504,20.8096],[-104.6545,20.802],[-104.6518,20.7905],[-104.6665,20.7798],[-104.6696,20.7698],[-104.677,20.7687],[-104.6779,20.7636],[-104.6823,20.7644],[-104.6887,20.7587],[-104.6883,20.7545],[-104.6905,20.7564],[-104.6996,20.7503],[-104.7086,20.7498],[-104.7139,20.7313],[-104.7214,20.7343],[-104.7368,20.733],[-104.7363,20.711],[-104.7392,20.7009],[-104.7574,20.7015],[-104.7735,20.7112],[-104.7741,20.7152],[-104.7795,20.7128],[-104.7804,20.7159],[-104.7919,20.72],[-104.8114,20.7207],[-104.8219,20.7242],[-104.8224,20.7056],[-104.8287,20.6961],[-104.8423,20.7035],[-104.8651,20.6959],[-104.871,20.6992],[-104.8756,20.6912],[-104.8744,20.6873],[-104.8845,20.6984],[-104.8907,20.7026],[-104.8928,20.7011],[-104.8919,20.705],[-104.8969,20.7116],[-104.9178,20.7166],[-104.9247,20.7153],[-104.9278,20.711],[-104.9314,20.7142],[-104.9421,20.7099],[-104.9537,20.6985],[-104.9636,20.6954],[-104.9685,20.7045],[-104.9748,20.7061],[-104.9809,20.7241],[-104.9872,20.7287],[-104.9901,20.738],[-104.9954,20.7431],[-104.9775,20.7502],[-104.9724,20.7616],[-104.9729,20.7663],[-104.9783,20.7688],[-104.9729,20.7728],[-104.9739,20.7826],[-104.9795,20.7836],[-104.9831,20.7996],[-104.9905,20.7982],[-104.9924,20.8012],[-104.9976,20.801],[-105.001,20.7984],[-105.0046,20.8141],[-105.0133,20.8177],[-105.0163,20.8235],[-105.0222,20.8222],[-105.0275,20.8276],[-105.0291,20.8259],[-105.0371,20.8308],[-105.0454,20.8265],[-105.0464,20.833],[-105.0378,20.8502],[-105.0413,20.8568],[-105.0542,20.8574],[-105.0489,20.864],[-105.0429,20.8661],[-105.0441,20.875],[-105.0468,20.8792],[-105.0714,20.8915],[-105.0718,20.8986],[-105.0794,20.9028],[-105.0804,20.9116],[-105.088,20.9232],[-105.0807,20.9314],[-105.0728,20.928],[-105.0682,20.9318],[-105.0502,20.9317],[-105.0474,20.9344],[-105.0397,20.9302],[-105.0363,20.9249],[-105.0391,20.9131],[-105.0316,20.9092],[-105.0212,20.9115],[-105.0202,20.9181],[-105.0063,20.9225],[-105.0022,20.9159],[-105.0034,20.9109],[-105.0002,20.9117],[-104.9974,20.9195],[-104.9904,20.9216],[-104.9819,20.9147],[-104.9672,20.9095],[-104.9639,20.9191],[-104.9532,20.9301],[-104.9412,20.9351],[-104.9343,20.9345],[-104.9283,20.9395],[-104.9134,20.9442],[-104.9065,20.9422],[-104.9005,20.9463],[-104.9006,20.9627],[-104.8934,20.9671],[-104.8895,20.9738],[-104.8827,20.9737],[-104.8808,20.9809],[-104.8735,20.9824],[-104.8669,20.9952],[-104.8579,20.9944],[-104.8513,21.0002],[-104.8537,21.005],[-104.8412,21.0067],[-104.8381,21.02],[-104.8325,21.0141],[-104.8277,21.0181],[-104.8102,21.012],[-104.8032,21.0165],[-104.7902,21.015],[-104.7816,21.0227]]]}},{"type":"Feature","properties":{"cve_mun":"14072","nombre_municipio":"San Diego de Alejandría","cve_ent":"14","nombre_entidad":"Jalisco"},"geometry":{"type":"Polygon","coordinates":[[[-101.8942,21.0655],[-101.8865,21.0611],[-101.8953,21.0508],[-101.9013,21.053],[-101.8966,21.0478],[-101.9023,21.0321],[-101.9066,21.0288],[-101.9054,21.0118],[-101.9101,21.005],[-101.9087,20.9986],[-101.9208,20.984],[-101.9247,20.9832],[-101.9257,20.978],[-101.9222,20.9719],[-101.9314,20.9671],[-101.9311,20.9632],[-101.9348,20.9605],[-101.9332,20.9575],[-101.9371,20.9558],[-101.9389,20.9306],[-101.9421,20.9281],[-101.9439,20.9321],[-101.9579,20.9352],[-101.9631,20.9225],[-101.9799,20.925],[-101.9811,20.9148],[-101.994,20.9077],[-102.0033,20.8977],[-102.0084,20.8854],[-102.018,20.8833],[-102.0161,20.8783],[-102.0126,20.8783],[-102.015,20.8695],[-102.0371,20.8484],[-102.0549,20.8463],[-102.0603,20.8492],[-102.0642,20.8553],[-102.0559,20.8622],[-102.0515,20.8716],[-102.06,20.8841],[-102.0743,20.878],[-102.0821,20.8805],[-102.0898,20.8701],[-102.1027,20.8693],[-102.1197,20.8766],[-102.1165,20.8853],[-102.1219,20.8931],[-102.1217,20.9],[-102.1113,20.8966],[-102.1116,20.9059],[-102.106,20.9071],[-102.1084,20.9193],[-102.103,20.9274],[-102.1115,20.939],[-102.1193,20.9426],[-102.1038,20.945],[-102.1072,20.9515],[-102.1188,20.9586],[-102.1167,20.964],[-102.1219,20.9741],[-102.1189,20.9838],[-102.1095,20.985],[-102.1081,20.9899],[-102.1021,20.9943],[-102.1143,21.0024],[-102.1171,21.0329],[-102.1094,21.059],[-102.0918,21.0641],[-102.0862,21.0612],[-102.0823,21.0651],[-102.076,21.0647],[-102.083,21.052],[-102.0783,21.0385],[-102.0524,21.0367],[-102.0423,21.0419],[-102.0366,21.0419],[-102.0357,21.038],[-102.0274,21.0419],[-102.0168,21.0405],[-102.0141,21.0436],[-101.9942,21.0427],[-101.9799,21.0481],[-101.9723,21.0579],[-101.9619,21.0504],[-101.9469,21.0514],[-101.9425,21.0569],[-101.9315,21.0526],[-101.9279,21.0475],[-101.9231,21.0488],[-101.9225,21.045],[-101.8942,21.0655]]]}},{"type":"Feature","properties":{"cve_mun":"14071","nombre_municipio":"San Cristóbal de la Barranca","cve_ent":"14","nombre_entidad":"Jalisco"},"geometry":{"type":"Polygon","coordinates":[[[-103.6145,21.158],[-103.602,21.1517],[-103.5917,21.1286],[-103.5805,21.1273],[-103.5773,21.1215],[-103.5731,21.1216],[-103.569,21.1167],[-103.5669,21.1208],[-103.5652,21.1179],[-103.5571,21.1198],[-103.5537,21.1167],[-103.5545,21.1209],[-103.5503,21.125],[-103.5411,21.1263],[-103.5298,21.1341],[-103.5331,21.1385],[-103.5315,21.142],[-103.5187,21.1417],[-103.511,21.1462],[-103.5102,21.1378],[-103.5041,21.1277],[-103.4754,21.1373],[-103.4688,21.1435],[-103.4498,21.1439],[-103.4452,21.141],[-103.4351,21.142],[-103.4279,21.1463],[-103.4257,21.139],[-103.4163,21.1373],[-103.4232,21.1252],[-103.4183,21.1152],[-103.4012,21.103],[-103.4014,21.0998],[-103.3961,21.0987],[-103.393,21.0911],[-103.3965,21.0901],[-103.396,21.0803],[-103.3879,21.0792],[-103.3855,21.0674],[-103.3766,21.0659],[-103.3684,21.0567],[-103.3685,21.0516],[-103.3608,21.0513],[-103.347,21.0442],[-103.3493,21.0379],[-103.345,21.0319],[-103.3485,21.0269],[-103.3391,21.0223],[-103.3343,21.0118],[-103.3375,20.9997],[-103.3421,20.9995],[-103.3428,20.9951],[-103.3567,20.9891],[-103.3551,20.9773],[-103.3594,20.9665],[-103.3426,20.9626],[-103.3379,20.9557],[-103.3406,20.9468],[-103.3538,20.9466],[-103.37,20.9355],[-103.3788,20.9537],[-103.3947,20.9444],[-103.3959,20.9542],[-103.3995,20.9511],[-103.4035,20.9589],[-103.4224,20.9404],[-103.4339,20.9353],[-103.4383,20.9399],[-103.4356,20.9427],[-103.4365,20.9479],[-103.4325,20.949],[-103.4347,20.9648],[-103.4524,20.9728],[-103.4596,20.9699],[-103.4646,20.9802],[-103.478,20.9862],[-103.5078,20.9825],[-103.5221,20.9982],[-103.5274,20.9881],[-103.5467,20.9807],[-103.5492,20.9701],[-103.5612,20.9636],[-103.574,20.9676],[-103.5822,20.957],[-103.5937,20.9635],[-103.6174,20.9627],[-103.6202,20.9701],[-103.6131,20.9732],[-103.6105,20.9783],[-103.6172,20.992],[-103.6238,20.9967],[-103.6247,21.004],[-103.6111,21.0079],[-103.6001,21.0155],[-103.5989,21.0196],[-103.6035,21.0266],[-103.6017,21.0313],[-103.6052,21.0385],[-103.6141,21.0418],[-103.6296,21.0329],[-103.6376,21.0321],[-103.6412,21.0226],[-103.6458,21.021],[-103.6481,21.0156],[-103.6511,21.0185],[-103.6508,21.0293],[-103.654,21.034],[-103.6511,21.0387],[-103.6618,21.036],[-103.6726,21.042],[-103.6659,21.0613],[-103.6593,21.0623],[-103.6554,21.0715],[-103.6551,21.0966],[-103.6478,21.1059],[-103.6446,21.121],[-103.6306,21.1332],[-103.6276,21.1467],[-103.6145,21.158]]]}},{"type":"Feature","properties":{"cve_mun":"14070","nombre_municipio":"El Salto","cve_ent":"14","nombre_entidad":"Jalisco"},"geometry":{"type":"Polygon","coordinates":[[[-103.3188,20.585],[-103.3122,20.5747],[-103.306,20.5768],[-103.3041,20.581],[-103.2885,20.5799],[-103.29,20.5744],[-103.2866,20.5733],[-103.2842,20.5797],[-103.2832,20.5704],[-103.2668,20.5697],[-103.2677,20.5668],[-103.2384,20.5624],[-103.215,20.5525],[-103.2133,20.5648],[-103.1858,20.5645],[-103.1812,20.534],[-103.1688,20.5299],[-103.1695,20.523],[-103.1761,20.5134],[-103.1734,20.5125],[-103.1757,20.5034],[-103.1878,20.504],[-103.1998,20.4959],[-103.2159,20.4988],[-103.2212,20.496],[-103.2333,20.4967],[-103.2363,20.4931],[-103.2437,20.495],[-103.2469,20.5068],[-103.2546,20.5119],[-103.2669,20.5085],[-103.2645,20.5154],[-103.2708,20.5294],[-103.2856,20.5269],[-103.2845,20.5327],[-103.2949,20.5382],[-103.3129,20.5423],[-103.3199,20.5499],[-103.33,20.5482],[-103.3332,20.573],[-103.3316,20.5783],[-103.3188,20.585]]]}},{"type":"Feature","properties":{"cve_mun":"14068","nombre_municipio":"Villa Purificación","cve_ent":"14","nombre_entidad":"Jalisco"},"geometry":{"type":"Polygon","coordinates":[[[-104.6173,20.0459],[-104.6191,20.0428],[-104.6129,20.0352],[-104.6145,20.0262],[-104.6072,20.0139],[-104.5909,20.0122],[-104.5847,20.0171],[-104.5824,20.0245],[-104.568,20.0145],[-104.5644,20.0077],[-104.5745,19.9892],[-104.564,19.9854],[-104.5579,19.9757],[-104.5489,19.9737],[-104.5465,19.9765],[-104.5411,19.9671],[-104.5434,19.9497],[-104.5373,19.9411],[-104.5382,19.9364],[-104.5425,19.9378],[-104.543,19.9341],[-104.536,19.9184],[-104.5392,19.9142],[-104.5419,19.8942],[-104.5359,19.8932],[-104.5284,19.8731],[-104.5187,19.867],[-104.5223,19.8642],[-104.5222,19.854],[-104.5005,19.8397],[-104.4896,19.847],[-104.4887,19.8571],[-104.481,19.862],[-104.461,19.8483],[-104.4523,19.8461],[-104.4463,19.8321],[-104.437,19.8263],[-104.4363,19.8242],[-104.4622,19.8256],[-104.4733,19.8006],[-104.4714,19.7789],[-104.4676,19.7767],[-104.4742,19.7717],[-104.4667,19.761],[-104.476,19.7427],[-104.4742,19.7411],[-104.4785,19.7241],[-104.4738,19.7109],[-104.4801,19.6961],[-104.4807,19.6763],[-104.4966,19.6887],[-104.5007,19.6866],[-104.5135,19.6894],[-104.5208,19.6833],[-104.5231,19.6765],[-104.5117,19.6571],[-104.5166,19.6582],[-104.5199,19.6527],[-104.5202,19.6567],[-104.5252,19.6585],[-104.5312,19.6696],[-104.5416,19.6652],[-104.5495,19.6364],[-104.5557,19.6283],[-104.57,19.6369],[-104.5788,19.6376],[-104.5875,19.6463],[-104.5927,19.6445],[-104.5983,19.6325],[-104.5971,19.6145],[-104.6022,19.6104],[-104.601,19.6036],[-104.6116,19.6007],[-104.6238,19.6094],[-104.6672,19.6256],[-104.6933,19.6213],[-104.7029,19.6262],[-104.7068,19.6246],[-104.721,19.6365],[-104.7249,19.6334],[-104.724,19.6286],[-104.7412,19.612],[-104.7561,19.624],[-104.754,19.6342],[-104.765,19.6383],[-104.7732,19.6331],[-104.7809,19.6382],[-104.7832,19.6357],[-104.8196,19.632],[-104.8305,19.638],[-104.8369,19.6494],[-104.8408,19.6507],[-104.8391,19.6555],[-104.8469,19.6709],[-104.8564,19.6808],[-104.8725,19.7074],[-104.8999,19.7],[-104.9196,19.6831],[-104.9201,19.6868],[-104.9257,19.6853],[-104.9293,19.6891],[-104.9313,19.6863],[-104.9334,19.6915],[-104.9413,19.6907],[-104.9444,19.6944],[-104.9565,19.6905],[-104.9692,19.7066],[-104.978,19.7054],[-104.9732,19.6901],[-104.9755,19.6869],[-104.9793,19.6897],[-104.9828,19.6877],[-105.0114,19.703],[-105.0176,19.7],[-105.016,19.7094],[-105.0246,19.7142],[-105.022,19.7226],[-105.0154,19.7293],[-105.0105,19.7298],[-105.0098,19.7542],[-105.0137,19.7593],[-105.0248,19.7595],[-105.0264,19.7799],[-105.0237,19.7868],[-105.0176,19.7903],[-105.0124,19.7881],[-105.0087,19.7919],[-105.0099,19.7982],[-105.0056,19.8013],[-104.9994,19.8168],[-105.0047,19.8252],[-104.9913,19.832],[-104.9912,19.8425],[-104.9795,19.8499],[-104.9837,19.8675],[-104.989,19.8671],[-104.9994,19.8797],[-104.99,19.8846],[-104.9891,19.8917],[-104.9825,19.9001],[-104.9732,19.89],[-104.9717,19.8843],[-104.9651,19.8919],[-104.9641,19.8855],[-104.9488,19.8832],[-104.9448,19.8853],[-104.945,19.9095],[-104.9394,19.9149],[-104.9201,19.9166],[-104.922,19.9261],[-104.9113,19.9324],[-104.9028,19.9278],[-104.9083,19.9175],[-104.9039,19.9169],[-104.904,19.9118],[-104.8815,19.9073],[-104.8662,19.8958],[-104.8586,19.8983],[-104.8498,19.9177],[-104.8558,19.9212],[-104.8504,19.9267],[-104.8493,19.9406],[-104.8393,19.9385],[-104.8287,19.9453],[-104.8175,19.9439],[-104.7933,19.9552],[-104.7926,19.9582],[-104.7854,19.9532],[-104.7771,19.9776],[-104.7702,19.9859],[-104.7531,19.9994],[-104.7436,19.9923],[-104.735,19.9995],[-104.7177,19.9988],[-104.7141,20.0039],[-104.7173,20.0082],[-104.716,20.0157],[-104.7067,20.02],[-104.7035,20.0164],[-104.699,20.0242],[-104.6931,20.0276],[-104.6928,20.0321],[-104.6765,20.0348],[-104.6449,20.023],[-104.6388,20.0385],[-104.626,20.0368],[-104.6218,20.0455],[-104.6173,20.0459]]]}},{"type":"Feature","properties":{"cve_mun":"14067","nombre_municipio":"Puerto Vallarta","cve_ent":"14","nombre_entidad":"Jalisco"},"geometry":{"type":"MultiPolygon","coordinates":[[[[-105.292,20.5444],[-105.2926,20.5443],[-105.2929,20.5443],[-105.2932,20.5444],[-105.2935,20.5446],[-105.2934,20.5451],[-105.2934,20.5452],[-105.2931,20.5455],[-105.2928,20.5458],[-105.292,20.5457],[-105.2916,20.5456],[-105.2914,20.5455],[-105.2912,20.5453],[-105.2911,20.5452],[-105.2911,20.5451],[-105.2912,20.5449],[-105.2914,20.5447],[-105.2916,20.5445],[-105.292,20.5444]]],[[[-105.088,20.9232],[-105.0804,20.9116],[-105.0794,20.9028],[-105.0718,20.8986],[-105.0714,20.8915],[-105.0468,20.8792],[-105.0441,20.875],[-105.0429,20.8661],[-105.0489,20.864],[-105.0542,20.8574],[-105.0413,20.8568],[-105.0378,20.8502],[-105.0464,20.833],[-105.0454,20.8265],[-105.0371,20.8308],[-105.0291,20.8259],[-105.0275,20.8276],[-105.0222,20.8222],[-105.0163,20.8235],[-105.0133,20.8177],[-105.0046,20.8141],[-105.001,20.7984],[-104.9976,20.801],[-104.9924,20.8012],[-104.9905,20.7982],[-104.9831,20.7996],[-104.9795,20.7836],[-104.9739,20.7826],[-104.9723,20.7755],[-104.9783,20.7688],[-104.9729,20.7663],[-104.9747,20.7535],[-104.9865,20.7456],[-105.0087,20.7441],[-105.0116,20.7465],[-105.0117,20.7432],[-105.018,20.7392],[-105.022,20.7408],[-105.0525,20.7227],[-105.0566,20.7233],[-105.0595,20.7176],[-105.0639,20.7178],[-105.0648,20.7115],[-105.0695,20.7083],[-105.0697,20.7],[-105.0781,20.6933],[-105.0784,20.6898],[-105.0896,20.692],[-105.0955,20.6851],[-105.1032,20.6864],[-105.1007,20.6971],[-105.1032,20.6984],[-105.1141,20.6923],[-105.1183,20.6959],[-105.1289,20.6934],[-105.1366,20.6969],[-105.1397,20.695],[-105.1361,20.6911],[-105.1432,20.6854],[-105.1482,20.6923],[-105.1586,20.697],[-105.164,20.6961],[-105.1672,20.6877],[-105.175,20.6866],[-105.1588,20.6819],[-105.1544,20.6763],[-105.1551,20.6699],[-105.149,20.6701],[-105.1506,20.6633],[-105.1461,20.6543],[-105.1363,20.6502],[-105.1378,20.6422],[-105.1298,20.6237],[-105.1373,20.6178],[-105.1378,20.6137],[-105.1317,20.6119],[-105.1311,20.6086],[-105.1404,20.6003],[-105.1312,20.5928],[-105.1314,20.5874],[-105.1282,20.5897],[-105.1258,20.585],[-105.1158,20.5822],[-105.114,20.5776],[-105.1178,20.5505],[-105.1152,20.5314],[-105.1237,20.5219],[-105.1294,20.5215],[-105.1314,20.5127],[-105.1375,20.5137],[-105.1424,20.5256],[-105.1467,20.5237],[-105.1464,20.5292],[-105.1522,20.5276],[-105.1556,20.5324],[-105.1629,20.5311],[-105.1646,20.5395],[-105.1686,20.5246],[-105.1737,20.5189],[-105.1825,20.5187],[-105.1884,20.5135],[-105.1949,20.5128],[-105.2019,20.5001],[-105.1973,20.4914],[-105.2004,20.4835],[-105.2115,20.4916],[-105.2198,20.4875],[-105.2264,20.4731],[-105.2316,20.4843],[-105.2552,20.4849],[-105.2656,20.4871],[-105.2683,20.4905],[-105.276,20.4893],[-105.2683,20.4987],[-105.2743,20.5124],[-105.3019,20.5068],[-105.3048,20.4972],[-105.2995,20.493],[-105.2951,20.4822],[-105.2993,20.4791],[-105.3193,20.4778],[-105.3138,20.4818],[-105.3228,20.4879],[-105.3256,20.5134],[-105.3165,20.5118],[-105.3198,20.5189],[-105.2963,20.531],[-105.2968,20.5338],[-105.292,20.5323],[-105.2874,20.5449],[-105.2742,20.5482],[-105.2582,20.5575],[-105.2448,20.5822],[-105.2443,20.5922],[-105.2327,20.6172],[-105.2337,20.6352],[-105.2414,20.6427],[-105.2451,20.6533],[-105.281,20.672],[-105.2742,20.6743],[-105.2784,20.6759],[-105.2789,20.6813],[-105.2724,20.6838],[-105.2657,20.6789],[-105.2613,20.6798],[-105.2627,20.6892],[-105.2565,20.6946],[-105.2559,20.7028],[-105.2426,20.7042],[-105.2462,20.7129],[-105.2437,20.7197],[-105.2456,20.7241],[-105.2369,20.7275],[-105.2399,20.7474],[-105.2342,20.7476],[-105.2114,20.7659],[-105.2058,20.7641],[-105.197,20.7772],[-105.1734,20.7677],[-105.1623,20.7925],[-105.171,20.7961],[-105.1676,20.8037],[-105.1728,20.806],[-105.1711,20.8112],[-105.1741,20.8133],[-105.1713,20.8211],[-105.1657,20.8205],[-105.1651,20.8289],[-105.1616,20.8311],[-105.1638,20.8343],[-105.1612,20.84],[-105.1628,20.8487],[-105.1554,20.8531],[-105.1606,20.8574],[-105.1527,20.8619],[-105.153,20.8689],[-105.1482,20.8687],[-105.1412,20.8756],[-105.1391,20.8819],[-105.1425,20.8838],[-105.1419,20.8872],[-105.1259,20.8906],[-105.1171,20.897],[-105.1172,20.9008],[-105.112,20.9004],[-105.1122,20.9048],[-105.1045,20.9078],[-105.1045,20.9123],[-105.0974,20.9159],[-105.0986,20.9194],[-105.088,20.9232]]]]}},{"type":"Feature","properties":{"cve_mun":"14066","nombre_municipio":"Poncitlán","cve_ent":"14","nombre_entidad":"Jalisco"},"geometry":{"type":"Polygon","coordinates":[[[-103.0247,20.4221],[-102.9945,20.4027],[-102.9536,20.4022],[-102.9307,20.3862],[-102.8979,20.3814],[-102.885,20.3825],[-102.8801,20.387],[-102.858,20.388],[-102.8462,20.3931],[-102.8107,20.3827],[-102.7938,20.3721],[-102.7783,20.3426],[-102.7849,20.3353],[-102.7867,20.3224],[-102.7734,20.3023],[-102.7644,20.2944],[-102.7356,20.2909],[-102.747,20.2299],[-102.7432,20.2249],[-102.7498,20.2212],[-102.7468,20.2169],[-102.7481,20.2115],[-102.7295,20.2152],[-102.7044,20.2101],[-102.6955,20.2141],[-102.6844,20.2122],[-102.6789,20.1851],[-102.6797,20.1715],[-102.6897,20.166],[-102.7089,20.1683],[-102.7302,20.1666],[-102.7525,20.1486],[-102.7572,20.1534],[-102.7671,20.1487],[-102.7762,20.1419],[-102.7761,20.1384],[-102.7889,20.1383],[-102.7935,20.1417],[-102.8152,20.1393],[-102.8193,20.1368],[-102.8074,20.1332],[-102.8019,20.123],[-102.8073,20.1127],[-102.8163,20.106],[-102.8243,20.108],[-102.8352,20.1166],[-102.8375,20.1135],[-102.8407,20.1161],[-102.8461,20.1308],[-102.855,20.1367],[-102.857,20.1443],[-102.8523,20.1492],[-102.8625,20.1544],[-102.866,20.1624],[-102.8755,20.1576],[-102.8869,20.1588],[-102.8946,20.1642],[-102.9078,20.1621],[-102.9213,20.1647],[-102.9384,20.1714],[-102.9721,20.1734],[-102.9975,20.1697],[-103.0034,20.1645],[-103.0198,20.1622],[-103.0251,20.1645],[-103.0368,20.1771],[-103.0229,20.2868],[-103.0339,20.3341],[-103.0506,20.3332],[-103.0552,20.3295],[-103.0594,20.3304],[-103.0587,20.3338],[-103.0644,20.3311],[-103.0805,20.3352],[-103.0825,20.3309],[-103.09,20.3307],[-103.0938,20.3243],[-103.1015,20.3223],[-103.1045,20.3252],[-103.1126,20.3213],[-103.1157,20.3306],[-103.1066,20.3475],[-103.1026,20.3496],[-103.0979,20.3471],[-103.0883,20.3537],[-103.087,20.3599],[-103.072,20.3615],[-103.0637,20.3728],[-103.0668,20.3792],[-103.0887,20.3878],[-103.0923,20.3951],[-103.0823,20.3963],[-103.0843,20.4002],[-103.0787,20.4021],[-103.0466,20.4102],[-103.0339,20.4071],[-103.0343,20.4161],[-103.0247,20.4221]]]}},{"type":"Feature","properties":{"cve_mun":"14064","nombre_municipio":"Ojuelos de Jalisco","cve_ent":"14","nombre_entidad":"Jalisco"},"geometry":{"type":"Polygon","coordinates":[[[-101.8012,22.0303],[-101.8043,22.0253],[-101.7844,22.0241],[-101.7772,22.0153],[-101.7776,22.0073],[-101.7597,22.009],[-101.751,22.0146],[-101.73,22.0021],[-101.7323,21.9951],[-101.7091,21.9799],[-101.7107,21.9739],[-101.6829,21.9629],[-101.6691,21.9458],[-101.6571,21.9393],[-101.6579,21.9298],[-101.6546,21.9306],[-101.654,21.9242],[-101.6496,21.9203],[-101.6507,21.9077],[-101.6289,21.9109],[-101.6209,21.9176],[-101.6167,21.9294],[-101.6115,21.9192],[-101.5958,21.91],[-101.5923,21.9096],[-101.5909,21.9154],[-101.5698,21.9171],[-101.5628,21.8554],[-101.566,21.842],[-101.5614,21.8361],[-101.5482,21.8341],[-101.537,21.8105],[-101.5278,21.8092],[-101.5298,21.8131],[-101.522,21.818],[-101.5198,21.813],[-101.5178,21.8148],[-101.5105,21.7991],[-101.5388,21.7773],[-101.5857,21.7788],[-101.5848,21.7716],[-101.5823,21.7727],[-101.5797,21.7364],[-101.5663,21.7334],[-101.5577,21.7351],[-101.5709,21.7043],[-101.5781,21.7119],[-101.584,21.7096],[-101.5691,21.6923],[-101.5848,21.6702],[-101.5814,21.667],[-101.5845,21.6622],[-101.5833,21.6567],[-101.589,21.652],[-101.5961,21.6371],[-101.5957,21.6331],[-101.5844,21.6311],[-101.5802,21.6255],[-101.584,21.6212],[-101.586,21.6078],[-101.5953,21.61],[-101.5958,21.6003],[-101.6079,21.584],[-101.6123,21.5829],[-101.6122,21.5753],[-101.6066,21.5749],[-101.6065,21.5639],[-101.6098,21.5634],[-101.6073,21.562],[-101.6104,21.5587],[-101.6172,21.5575],[-101.6161,21.5544],[-101.6219,21.5509],[-101.6191,21.5461],[-101.6232,21.5467],[-101.6243,21.5437],[-101.6283,21.5463],[-101.6392,21.5416],[-101.6389,21.5448],[-101.644,21.5468],[-101.6414,21.5498],[-101.6576,21.5511],[-101.6589,21.5597],[-101.6789,21.5545],[-101.6733,21.5629],[-101.6801,21.5684],[-101.6857,21.5791],[-101.6845,21.5973],[-101.6812,21.6034],[-101.6838,21.6104],[-101.681,21.6109],[-101.6938,21.6228],[-101.6939,21.6294],[-101.7049,21.6275],[-101.7162,21.6299],[-101.7354,21.6417],[-101.7404,21.6481],[-101.7322,21.6608],[-101.7512,21.6739],[-101.762,21.6782],[-101.7719,21.6763],[-101.8041,21.7085],[-101.8222,21.7303],[-101.821,21.733],[-101.8007,21.7284],[-101.8049,21.7338],[-101.7994,21.7368],[-101.7969,21.7436],[-101.8075,21.758],[-101.8147,21.76],[-101.8298,21.7492],[-101.8354,21.7604],[-101.8472,21.7593],[-101.8319,21.7735],[-101.8263,21.7841],[-101.8369,21.79],[-101.8438,21.789],[-101.8562,21.7995],[-101.863,21.8299],[-101.8695,21.8336],[-101.8726,21.8409],[-101.8824,21.8477],[-101.9066,21.8498],[-101.9324,21.8573],[-101.9285,21.8626],[-101.9337,21.8658],[-101.9323,21.878],[-101.9269,21.8856],[-101.9412,21.8895],[-101.8802,21.9101],[-101.838,21.9073],[-101.8353,21.9418],[-101.8727,21.9465],[-101.8846,21.9392],[-101.8818,21.9381],[-101.8858,21.9326],[-101.8904,21.951],[-101.8978,21.9584],[-101.8958,21.9633],[-101.8982,21.9833],[-101.9001,21.9867],[-101.9094,21.989],[-101.9126,21.9975],[-101.9068,21.992],[-101.8947,21.9897],[-101.8913,21.9766],[-101.8626,21.9914],[-101.8622,22.0147],[-101.8611,22.0211],[-101.8583,22.021],[-101.8611,22.0221],[-101.8617,22.0289],[-101.8157,22.02],[-101.8075,22.0232],[-101.8012,22.0303]]]}},{"type":"Feature","properties":{"cve_mun":"14063","nombre_municipio":"Ocotlán","cve_ent":"14","nombre_entidad":"Jalisco"},"geometry":{"type":"Polygon","coordinates":[[[-102.6655,20.4816],[-102.6609,20.4801],[-102.6593,20.4694],[-102.6562,20.4694],[-102.6572,20.4673],[-102.6464,20.4572],[-102.6402,20.4634],[-102.6254,20.4675],[-102.6205,20.4578],[-102.6099,20.4529],[-102.6032,20.4559],[-102.5953,20.4474],[-102.5958,20.4443],[-102.6095,20.4196],[-102.6233,20.4107],[-102.625,20.4049],[-102.6304,20.4039],[-102.6452,20.3873],[-102.6468,20.3814],[-102.6491,20.3821],[-102.649,20.3775],[-102.6594,20.3763],[-102.6616,20.3727],[-102.6791,20.3767],[-102.6804,20.3748],[-102.6728,20.3732],[-102.677,20.3622],[-102.6752,20.3576],[-102.7095,20.3491],[-102.7198,20.3429],[-102.7275,20.3436],[-102.7356,20.3363],[-102.7489,20.3176],[-102.745,20.3169],[-102.7429,20.312],[-102.7335,20.31],[-102.7317,20.3023],[-102.7356,20.2909],[-102.7644,20.2944],[-102.7734,20.3023],[-102.7867,20.3224],[-102.7849,20.3353],[-102.7782,20.3418],[-102.7793,20.3472],[-102.786,20.3557],[-102.7893,20.3673],[-102.796,20.3736],[-102.822,20.3871],[-102.8462,20.3931],[-102.8612,20.3874],[-102.88,20.3867],[-102.8814,20.3939],[-102.8788,20.397],[-102.8592,20.4108],[-102.8401,20.4168],[-102.8085,20.4107],[-102.8003,20.423],[-102.7916,20.43],[-102.7882,20.4471],[-102.7773,20.4454],[-102.7675,20.4479],[-102.7644,20.4396],[-102.7547,20.4301],[-102.7517,20.4449],[-102.7451,20.4444],[-102.7386,20.4415],[-102.7394,20.4366],[-102.7276,20.426],[-102.7245,20.4309],[-102.6914,20.4492],[-102.6946,20.4664],[-102.6808,20.4672],[-102.6817,20.4807],[-102.6655,20.4816]]]}},{"type":"Feature","properties":{"cve_mun":"14062","nombre_municipio":"Mixtlán","cve_ent":"14","nombre_entidad":"Jalisco"},"geometry":{"type":"Polygon","coordinates":[[[-104.5346,20.711],[-104.5279,20.701],[-104.5216,20.7009],[-104.5241,20.6929],[-104.5134,20.6834],[-104.5188,20.6791],[-104.5165,20.6704],[-104.5198,20.6644],[-104.5099,20.6629],[-104.5094,20.6565],[-104.5035,20.6591],[-104.4987,20.6549],[-104.4964,20.66],[-104.4906,20.6534],[-104.4828,20.6544],[-104.4824,20.6492],[-104.4789,20.6482],[-104.4851,20.629],[-104.4876,20.6263],[-104.4951,20.6297],[-104.5025,20.6286],[-104.5022,20.6217],[-104.496,20.6145],[-104.495,20.5988],[-104.4869,20.595],[-104.4802,20.5825],[-104.4666,20.5784],[-104.4663,20.5707],[-104.4609,20.5657],[-104.4604,20.5547],[-104.4541,20.5507],[-104.444,20.55],[-104.4551,20.5318],[-104.4442,20.5317],[-104.4401,20.5216],[-104.4312,20.5137],[-104.4179,20.5136],[-104.4152,20.5193],[-104.4028,20.5252],[-104.4074,20.5129],[-104.4025,20.516],[-104.3909,20.5145],[-104.3792,20.5201],[-104.3743,20.5125],[-104.3577,20.5069],[-104.3485,20.5132],[-104.3417,20.5109],[-104.3373,20.5076],[-104.342,20.5015],[-104.3239,20.4993],[-104.3161,20.4936],[-104.3168,20.4893],[-104.3226,20.4869],[-104.3193,20.4779],[-104.3121,20.4758],[-104.3074,20.4808],[-104.3061,20.4734],[-104.3015,20.4722],[-104.3027,20.4689],[-104.2794,20.4587],[-104.2721,20.4774],[-104.2809,20.4905],[-104.278,20.4949],[-104.2801,20.4985],[-104.2582,20.4931],[-104.2545,20.4974],[-104.2498,20.4922],[-104.251,20.4966],[-104.248,20.4961],[-104.2331,20.4887],[-104.2195,20.4718],[-104.2157,20.4723],[-104.2126,20.4683],[-104.2056,20.4692],[-104.1871,20.4537],[-104.2042,20.4453],[-104.2068,20.4267],[-104.2197,20.4213],[-104.231,20.4234],[-104.2322,20.4165],[-104.2379,20.4267],[-104.2418,20.4245],[-104.2468,20.4364],[-104.2556,20.4289],[-104.262,20.4305],[-104.2639,20.4195],[-104.272,20.4118],[-104.2913,20.4208],[-104.3078,20.4215],[-104.3133,20.4137],[-104.3204,20.4121],[-104.3187,20.4045],[-104.3256,20.3966],[-104.3254,20.3888],[-104.3285,20.3865],[-104.3203,20.3812],[-104.3283,20.3742],[-104.3443,20.3745],[-104.3487,20.3718],[-104.3655,20.3758],[-104.3858,20.3708],[-104.3851,20.3636],[-104.39,20.3572],[-104.3901,20.3424],[-104.3929,20.3398],[-104.3989,20.3408],[-104.3937,20.3363],[-104.3989,20.3338],[-104.408,20.3365],[-104.4189,20.333],[-104.4323,20.3381],[-104.4342,20.3429],[-104.424,20.3443],[-104.4161,20.3516],[-104.4204,20.3573],[-104.4159,20.3665],[-104.431,20.3805],[-104.4317,20.3889],[-104.442,20.3903],[-104.4543,20.4022],[-104.4584,20.4005],[-104.4617,20.4075],[-104.4585,20.4124],[-104.4407,20.4225],[-104.4469,20.4245],[-104.4485,20.4286],[-104.4568,20.4244],[-104.4634,20.4273],[-104.4604,20.4343],[-104.4566,20.4357],[-104.48,20.4473],[-104.4774,20.4523],[-104.4656,20.4555],[-104.4619,20.4622],[-104.4717,20.4708],[-104.4765,20.4712],[-104.4726,20.477],[-104.482,20.4922],[-104.476,20.5022],[-104.4791,20.5072],[-104.4859,20.5066],[-104.4786,20.5117],[-104.4869,20.5153],[-104.4914,20.5092],[-104.4959,20.5102],[-104.5003,20.5052],[-104.5029,20.5131],[-104.5094,20.5108],[-104.5166,20.5128],[-104.5272,20.4991],[-104.5391,20.4911],[-104.5504,20.4872],[-104.5596,20.4878],[-104.5626,20.4786],[-104.5499,20.464],[-104.5602,20.4545],[-104.5747,20.4558],[-104.5791,20.4622],[-104.578,20.4672],[-104.5847,20.4717],[-104.5991,20.4712],[-104.6138,20.4665],[-104.6165,20.492],[-104.6372,20.5049],[-104.651,20.5052],[-104.6491,20.5128],[-104.6395,20.5153],[-104.6384,20.5208],[-104.6243,20.5231],[-104.6173,20.5352],[-104.6124,20.5359],[-104.609,20.5315],[-104.61,20.5371],[-104.6179,20.539],[-104.6211,20.5435],[-104.6222,20.5553],[-104.6196,20.5591],[-104.6082,20.5526],[-104.6002,20.5647],[-104.6045,20.5852],[-104.6105,20.5924],[-104.6163,20.5909],[-104.6159,20.5934],[-104.6258,20.5975],[-104.6291,20.6033],[-104.6102,20.615],[-104.6078,20.6277],[-104.6043,20.6308],[-104.6091,20.6368],[-104.5959,20.635],[-104.5943,20.6433],[-104.6012,20.6557],[-104.5919,20.6603],[-104.5887,20.6655],[-104.5794,20.667],[-104.5799,20.6755],[-104.5729,20.6799],[-104.5737,20.6875],[-104.5452,20.7104],[-104.5346,20.711]]]}},{"type":"Feature","properties":{"cve_mun":"14061","nombre_municipio":"Mezquitic","cve_ent":"14","nombre_entidad":"Jalisco"},"geometry":{"type":"Polygon","coordinates":[[[-103.7258,22.5739],[-103.7115,22.5645],[-103.6818,22.5548],[-103.6726,22.5611],[-103.661,22.5471],[-103.6516,22.5565],[-103.6462,22.5548],[-103.6224,22.5636],[-103.6028,22.5568],[-103.606,22.5457],[-103.603,22.5435],[-103.6048,22.5384],[-103.5993,22.5264],[-103.5853,22.5253],[-103.5837,22.522],[-103.589,22.5081],[-103.5946,22.5054],[-103.5793,22.4962],[-103.5791,22.491],[-103.5825,22.4888],[-103.5806,22.4774],[-103.5708,22.4692],[-103.5739,22.4611],[-103.5699,22.4556],[-103.5689,22.4463],[-103.5725,22.4375],[-103.5677,22.4378],[-103.5592,22.4284],[-103.5607,22.4228],[-103.571,22.4182],[-103.5784,22.4105],[-103.594,22.4072],[-103.5928,22.3893],[-103.5976,22.3745],[-103.6028,22.3609],[-103.6107,22.3598],[-103.6095,22.3527],[-103.6026,22.3463],[-103.6048,22.3401],[-103.612,22.338],[-103.635,22.3435],[-103.6421,22.3409],[-103.6382,22.3352],[-103.6447,22.315],[-103.6378,22.2952],[-103.6285,22.294],[-103.6192,22.2818],[-103.6009,22.2782],[-103.5949,22.2731],[-103.6028,22.27],[-103.6309,22.2389],[-103.6411,22.2098],[-103.6491,22.2021],[-103.6525,22.1872],[-103.6578,22.1838],[-103.6589,22.1752],[-103.6545,22.1719],[-103.6761,22.1488],[-103.682,22.1352],[-103.6881,22.1332],[-103.6908,22.1283],[-103.7012,22.1269],[-103.6985,22.1305],[-103.704,22.1316],[-103.7055,22.1354],[-103.7023,22.1412],[-103.704,22.1449],[-103.699,22.1481],[-103.707,22.16],[-103.7127,22.1583],[-103.7222,22.163],[-103.7281,22.172],[-103.7319,22.168],[-103.7307,22.1613],[-103.7379,22.1532],[-103.7407,22.1574],[-103.7476,22.1524],[-103.7634,22.1564],[-103.761,22.1609],[-103.7658,22.1684],[-103.7737,22.1662],[-103.7716,22.1704],[-103.7744,22.1721],[-103.7874,22.1681],[-103.7926,22.1552],[-103.8086,22.1511],[-103.8045,22.1457],[-103.8072,22.143],[-103.8309,22.1382],[-103.8336,22.1468],[-103.8403,22.1392],[-103.8361,22.1297],[-103.8309,22.1258],[-103.8309,22.1198],[-103.8367,22.116],[-103.8387,22.0985],[-103.8456,22.0878],[-103.846,22.0745],[-103.8219,22.0615],[-103.8231,22.0587],[-103.8163,22.0479],[-103.8104,22.047],[-103.8009,22.0308],[-103.8069,22.0239],[-103.8176,22.02],[-103.8252,22.0124],[-103.8399,22.0107],[-103.8441,22.014],[-103.8526,22.01],[-103.869,22.0107],[-103.8824,22.0038],[-103.8883,22.027],[-103.8931,22.0204],[-103.9145,22.0184],[-103.9192,22.0146],[-103.9188,22.0106],[-103.9115,22.003],[-103.9097,21.9915],[-103.9059,21.9887],[-103.9102,21.9818],[-103.9247,21.9725],[-103.9177,21.9621],[-103.9223,21.951],[-103.9178,21.9489],[-103.9217,21.9422],[-103.9201,21.9348],[-103.9339,21.951],[-103.9426,21.9458],[-103.9384,21.9421],[-103.9406,21.9291],[-103.9523,21.9356],[-103.9633,21.9348],[-103.9582,21.9447],[-103.9699,21.9432],[-103.9777,21.9508],[-103.9946,21.9451],[-104.0003,21.9339],[-104.0148,21.9292],[-104.0249,21.9399],[-104.0305,21.9394],[-104.0483,21.9528],[-104.0608,21.9429],[-104.0637,21.927],[-104.0696,21.9171],[-104.0783,21.9124],[-104.0836,21.9022],[-104.0835,21.8939],[-104.0883,21.8899],[-104.0984,21.8982],[-104.0983,21.8958],[-104.113,21.8998],[-104.1158,21.8952],[-104.1208,21.8951],[-104.1233,21.9024],[-104.1155,21.9103],[-104.1348,21.9056],[-104.1418,21.9203],[-104.1482,21.9246],[-104.154,21.9199],[-104.1563,21.9059],[-104.1651,21.8949],[-104.1774,21.8951],[-104.1785,21.8926],[-104.1783,21.8965],[-104.1875,21.8885],[-104.2,21.8943],[-104.2002,21.9095],[-104.1888,21.919],[-104.1884,21.9282],[-104.1787,21.939],[-104.1794,21.9456],[-104.1737,21.9634],[-104.1737,21.9709],[-104.1949,21.986],[-104.2127,21.9829],[-104.2339,21.9692],[-104.2413,21.97],[-104.246,21.9669],[-104.2585,21.9722],[-104.262,21.9769],[-104.2754,21.9806],[-104.2814,21.9997],[-104.2894,21.9984],[-104.2941,22.0028],[-104.3023,21.9982],[-104.3081,21.9886],[-104.3151,21.9908],[-104.3198,21.9842],[-104.3249,21.9841],[-104.3269,21.9754],[-104.3359,21.9798],[-104.3436,21.9747],[-104.3571,21.9721],[-104.3699,21.9748],[-104.3676,21.9974],[-104.36,22.0151],[-104.3613,22.0194],[-104.3666,22.02],[-104.369,22.0246],[-104.365,22.0363],[-104.3678,22.0452],[-104.3615,22.0529],[-104.3635,22.0741],[-104.3732,22.1026],[-104.3647,22.1124],[-104.3616,22.1367],[-104.3546,22.1512],[-104.3563,22.1654],[-104.3494,22.1698],[-104.3506,22.1759],[-104.3366,22.1867],[-104.3361,22.1942],[-104.3318,22.1998],[-104.3414,22.2096],[-104.3339,22.2158],[-104.332,22.2284],[-104.3259,22.2318],[-104.3287,22.2454],[-104.3224,22.2538],[-104.3067,22.265],[-104.3001,22.2759],[-104.2956,22.2769],[-104.2924,22.285],[-104.2888,22.2856],[-104.2898,22.2936],[-104.2849,22.2971],[-104.2848,22.3027],[-104.2926,22.3074],[-104.2927,22.32],[-104.2993,22.3258],[-104.293,22.3307],[-104.2984,22.3478],[-104.2927,22.344],[-104.2856,22.3457],[-104.2738,22.3428],[-104.2547,22.3488],[-104.2551,22.3733],[-104.2593,22.3781],[-104.2583,22.3847],[-104.253,22.3866],[-104.2544,22.3925],[-104.241,22.4128],[-104.23,22.4145],[-104.2207,22.4211],[-104.207,22.4217],[-104.193,22.3991],[-104.1777,22.3896],[-104.1674,22.3874],[-104.1647,22.3916],[-104.1683,22.4049],[-104.1737,22.4083],[-104.1744,22.4208],[-104.1789,22.4274],[-104.1738,22.4295],[-104.1761,22.4317],[-104.1675,22.4452],[-104.1751,22.4425],[-104.1751,22.4468],[-104.1796,22.4501],[-104.1901,22.4461],[-104.1951,22.4476],[-104.1999,22.4563],[-104.1957,22.4622],[-104.185,22.4646],[-104.1876,22.4682],[-104.1857,22.4714],[-104.19,22.4683],[-104.1883,22.4701],[-104.1932,22.4754],[-104.1952,22.4729],[-104.1973,22.4771],[-104.2049,22.4719],[-104.1989,22.4805],[-104.2012,22.483],[-104.2113,22.4814],[-104.2149,22.4839],[-104.2017,22.487],[-104.1937,22.4998],[-104.1951,22.5037],[-104.1865,22.5082],[-104.1781,22.5053],[-104.1706,22.5072],[-104.1638,22.5144],[-104.1584,22.5093],[-104.1566,22.5152],[-104.1504,22.5163],[-104.1498,22.5097],[-104.1431,22.5047],[-104.1246,22.5025],[-104.1213,22.4967],[-104.1135,22.4966],[-104.1126,22.5092],[-104.1204,22.5175],[-104.1066,22.5233],[-104.1027,22.5314],[-104.0772,22.5318],[-104.0688,22.522],[-104.0742,22.5157],[-104.0694,22.509],[-104.0717,22.503],[-104.0566,22.4928],[-104.0516,22.4667],[-104.0622,22.4513],[-104.0577,22.4476],[-104.0586,22.4435],[-104.0636,22.4413],[-104.0616,22.4258],[-104.0665,22.4269],[-104.0713,22.4222],[-104.0768,22.4072],[-104.0762,22.3988],[-104.081,22.3898],[-104.0754,22.3831],[-104.0788,22.3769],[-104.0844,22.3745],[-104.088,22.3746],[-104.0886,22.3789],[-104.0949,22.3763],[-104.0973,22.3578],[-104.0942,22.355],[-104.0837,22.3578],[-104.0753,22.3644],[-104.0675,22.3614],[-104.0488,22.3764],[-104.0293,22.3711],[-104.0131,22.3523],[-104.0046,22.3308],[-103.9918,22.3204],[-103.9862,22.3103],[-103.9746,22.3061],[-103.96,22.3291],[-103.952,22.3287],[-103.9481,22.3235],[-103.9251,22.331],[-103.9237,22.3239],[-103.9203,22.3219],[-103.9225,22.3198],[-103.921,22.3143],[-103.9158,22.3113],[-103.9189,22.3044],[-103.914,22.3009],[-103.916,22.2927],[-103.9134,22.2922],[-103.916,22.2885],[-103.91,22.2822],[-103.9142,22.2782],[-103.9118,22.2705],[-103.9179,22.262],[-103.9077,22.2546],[-103.9017,22.2371],[-103.8861,22.2262],[-103.8811,22.2061],[-103.8851,22.1964],[-103.8769,22.1921],[-103.8731,22.1784],[-103.8629,22.1669],[-103.8578,22.1882],[-103.8441,22.2221],[-103.8423,22.2503],[-103.8449,22.2626],[-103.8398,22.2663],[-103.8286,22.2866],[-103.846,22.3303],[-103.8454,22.3428],[-103.8375,22.352],[-103.8279,22.3542],[-103.8112,22.3767],[-103.813,22.3839],[-103.8087,22.3987],[-103.8133,22.4055],[-103.8101,22.4127],[-103.8102,22.4273],[-103.7956,22.465],[-103.787,22.4778],[-103.7838,22.4888],[-103.7836,22.5098],[-103.7857,22.5105],[-103.7774,22.5249],[-103.7739,22.5464],[-103.7691,22.5558],[-103.76,22.5556],[-103.7592,22.5517],[-103.7531,22.5579],[-103.7445,22.5585],[-103.7385,22.572],[-103.7258,22.5739]]]}},{"type":"Feature","properties":{"cve_mun":"14060","nombre_municipio":"Mexticacán","cve_ent":"14","nombre_entidad":"Jalisco"},"geometry":{"type":"Polygon","coordinates":[[[-102.7287,21.3873],[-102.7243,21.3867],[-102.7206,21.3811],[-102.7141,21.3806],[-102.7019,21.3638],[-102.6983,21.3433],[-102.6941,21.3407],[-102.6844,21.3431],[-102.6818,21.3392],[-102.7054,21.3192],[-102.6926,21.3139],[-102.6761,21.2955],[-102.6724,21.2958],[-102.6722,21.2849],[-102.6544,21.277],[-102.6571,21.27],[-102.652,21.2556],[-102.6555,21.2502],[-102.6571,21.2357],[-102.6508,21.2304],[-102.6509,21.2226],[-102.6447,21.2141],[-102.6501,21.2129],[-102.6553,21.2189],[-102.6652,21.2179],[-102.6836,21.1989],[-102.6906,21.1954],[-102.6936,21.1895],[-102.7017,21.1934],[-102.6936,21.2007],[-102.6955,21.2074],[-102.7114,21.2162],[-102.7183,21.2164],[-102.7228,21.2244],[-102.7268,21.215],[-102.7166,21.2059],[-102.7189,21.1984],[-102.7337,21.1921],[-102.746,21.2016],[-102.7471,21.1908],[-102.7503,21.1879],[-102.7601,21.1989],[-102.7731,21.198],[-102.7764,21.1927],[-102.7692,21.1898],[-102.7688,21.1861],[-102.7746,21.1837],[-102.7841,21.1852],[-102.7852,21.1753],[-102.7898,21.1706],[-102.7963,21.1727],[-102.8054,21.1695],[-102.8094,21.1741],[-102.8119,21.1712],[-102.8143,21.1818],[-102.8206,21.188],[-102.8211,21.1952],[-102.818,21.1976],[-102.8249,21.2014],[-102.825,21.2071],[-102.8307,21.2091],[-102.8331,21.2219],[-102.8397,21.227],[-102.8491,21.2226],[-102.8506,21.2257],[-102.8462,21.2318],[-102.8491,21.2291],[-102.8585,21.2319],[-102.8583,21.2344],[-102.8533,21.2346],[-102.8606,21.2418],[-102.8635,21.2609],[-102.8588,21.2665],[-102.8594,21.2705],[-102.8448,21.2773],[-102.8508,21.2814],[-102.8497,21.2902],[-102.8399,21.2981],[-102.8397,21.3016],[-102.8371,21.3034],[-102.8152,21.2947],[-102.8177,21.2997],[-102.8176,21.3185],[-102.812,21.3237],[-102.8057,21.3202],[-102.7985,21.3069],[-102.7889,21.3295],[-102.7837,21.3295],[-102.7718,21.316],[-102.7553,21.3232],[-102.7589,21.3275],[-102.7552,21.331],[-102.7593,21.3354],[-102.7578,21.3392],[-102.751,21.3457],[-102.7405,21.3466],[-102.728,21.3571],[-102.7327,21.3692],[-102.7293,21.3744],[-102.7287,21.3873]]]}},{"type":"Feature","properties":{"cve_mun":"14059","nombre_municipio":"Mazamitla","cve_ent":"14","nombre_entidad":"Jalisco"},"geometry":{"type":"Polygon","coordinates":[[[-103.0525,19.9969],[-103.0348,19.9679],[-103.0294,19.9674],[-103.0252,19.9605],[-103.0217,19.9622],[-103.0087,19.9571],[-103.0063,19.9405],[-102.9999,19.9387],[-103.0008,19.9351],[-102.9905,19.9357],[-102.9978,19.8917],[-102.987,19.882],[-102.9867,19.8781],[-102.978,19.8765],[-102.9802,19.8689],[-102.994,19.8702],[-102.9848,19.8592],[-102.9821,19.8462],[-102.9868,19.843],[-102.9816,19.8301],[-102.9902,19.8244],[-102.9912,19.8145],[-103.001,19.8022],[-102.9962,19.7944],[-102.9988,19.7852],[-103.0088,19.7879],[-103.0083,19.7915],[-103.0168,19.7877],[-103.0205,19.8],[-103.0315,19.8073],[-103.0368,19.8092],[-103.0467,19.8051],[-103.0506,19.8151],[-103.0586,19.8145],[-103.0606,19.8199],[-103.0738,19.8306],[-103.0786,19.8281],[-103.0802,19.831],[-103.0877,19.8302],[-103.0933,19.8333],[-103.0973,19.8442],[-103.0937,19.848],[-103.1011,19.8563],[-103.1143,19.8606],[-103.1264,19.8567],[-103.1308,19.8469],[-103.1455,19.8432],[-103.1567,19.8472],[-103.1553,19.8531],[-103.1763,19.8545],[-103.1848,19.8595],[-103.1946,19.8747],[-103.1801,19.8849],[-103.1753,19.8801],[-103.1658,19.8777],[-103.1645,19.8796],[-103.1668,19.8828],[-103.1647,19.9026],[-103.1704,19.9022],[-103.166,19.9104],[-103.1677,19.9154],[-103.1615,19.9211],[-103.1622,19.926],[-103.1558,19.9256],[-103.1505,19.9297],[-103.1524,19.942],[-103.1583,19.952],[-103.1582,19.9608],[-103.1479,19.9752],[-103.1323,19.9671],[-103.1071,19.9712],[-103.0834,19.9619],[-103.0814,19.9692],[-103.0693,19.9754],[-103.0643,19.9741],[-103.0675,19.9843],[-103.0525,19.9969]]]}},{"type":"Feature","properties":{"cve_mun":"14058","nombre_municipio":"Mascota","cve_ent":"14","nombre_entidad":"Jalisco"},"geometry":{"type":"Polygon","coordinates":[[[-104.5891,20.8405],[-104.5903,20.8353],[-104.5961,20.8355],[-104.5919,20.8253],[-104.5944,20.8178],[-104.5891,20.8097],[-104.5851,20.8124],[-104.5789,20.8082],[-104.584,20.7945],[-104.5723,20.7824],[-104.5756,20.78],[-104.5682,20.774],[-104.571,20.7686],[-104.5686,20.7626],[-104.5565,20.7625],[-104.5551,20.7524],[-104.5486,20.7531],[-104.5386,20.7429],[-104.5426,20.7347],[-104.5324,20.7236],[-104.5375,20.7175],[-104.5315,20.711],[-104.5452,20.7104],[-104.5737,20.6875],[-104.5729,20.6799],[-104.5799,20.6755],[-104.5794,20.667],[-104.5887,20.6655],[-104.5919,20.6603],[-104.6012,20.6557],[-104.5943,20.6433],[-104.5959,20.635],[-104.6091,20.6368],[-104.6043,20.6308],[-104.6078,20.6277],[-104.6102,20.615],[-104.6293,20.6026],[-104.6197,20.5931],[-104.6159,20.5934],[-104.6167,20.5911],[-104.6095,20.5914],[-104.6014,20.576],[-104.6039,20.5729],[-104.5999,20.5693],[-104.6022,20.5591],[-104.6082,20.5526],[-104.6196,20.5591],[-104.6222,20.5553],[-104.6211,20.5435],[-104.6179,20.539],[-104.61,20.5371],[-104.609,20.5315],[-104.6124,20.5359],[-104.6173,20.5352],[-104.6243,20.5231],[-104.6384,20.5208],[-104.6395,20.5153],[-104.6479,20.5136],[-104.6511,20.5094],[-104.6509,20.5046],[-104.6372,20.5049],[-104.6149,20.4903],[-104.6158,20.4778],[-104.6124,20.4716],[-104.6162,20.4625],[-104.6163,20.4402],[-104.6022,20.4317],[-104.6179,20.4282],[-104.6231,20.414],[-104.6356,20.4107],[-104.6418,20.4136],[-104.6352,20.4052],[-104.6202,20.3989],[-104.617,20.3931],[-104.6053,20.3858],[-104.6023,20.3782],[-104.6035,20.3673],[-104.6101,20.3648],[-104.6144,20.3585],[-104.6236,20.3557],[-104.624,20.3521],[-104.6282,20.351],[-104.6264,20.3408],[-104.6363,20.3352],[-104.6363,20.3234],[-104.6296,20.3183],[-104.6345,20.3173],[-104.6358,20.3093],[-104.6311,20.296],[-104.6471,20.3017],[-104.6613,20.2947],[-104.6653,20.2891],[-104.6677,20.2912],[-104.6747,20.2828],[-104.6767,20.2722],[-104.6852,20.2782],[-104.686,20.2722],[-104.6985,20.267],[-104.7068,20.2662],[-104.7106,20.2702],[-104.7196,20.2686],[-104.725,20.2857],[-104.7252,20.3038],[-104.7364,20.3106],[-104.7318,20.3298],[-104.7245,20.3415],[-104.7306,20.3423],[-104.7366,20.3478],[-104.7479,20.3478],[-104.7606,20.3597],[-104.7643,20.37],[-104.7618,20.3808],[-104.7529,20.3926],[-104.7544,20.3998],[-104.768,20.3962],[-104.7831,20.4053],[-104.8084,20.4116],[-104.8015,20.4225],[-104.8115,20.4292],[-104.8125,20.434],[-104.8249,20.4455],[-104.8228,20.4499],[-104.8132,20.455],[-104.8145,20.4617],[-104.8113,20.4678],[-104.8335,20.481],[-104.817,20.4862],[-104.8238,20.5021],[-104.834,20.5119],[-104.8373,20.5129],[-104.8421,20.5077],[-104.8571,20.5153],[-104.8709,20.5349],[-104.8864,20.5256],[-104.8919,20.5278],[-104.9006,20.5362],[-104.8996,20.5441],[-104.9061,20.5453],[-104.904,20.5507],[-104.9061,20.5526],[-104.9025,20.5573],[-104.9214,20.5396],[-104.9448,20.5341],[-104.9616,20.5348],[-104.955,20.5266],[-104.9563,20.5246],[-104.9486,20.5182],[-104.9526,20.514],[-104.9515,20.5076],[-104.9551,20.5093],[-104.9622,20.5037],[-104.9769,20.5089],[-104.9878,20.4983],[-104.9943,20.4979],[-104.9839,20.4932],[-104.981,20.4893],[-104.9827,20.4851],[-104.9703,20.4798],[-104.9677,20.4776],[-104.9723,20.4749],[-104.9653,20.4714],[-104.9703,20.4669],[-104.9664,20.4637],[-104.979,20.4515],[-104.977,20.4359],[-104.9868,20.4401],[-104.9873,20.443],[-105.0032,20.4422],[-105.0071,20.4495],[-105.0156,20.4488],[-105.0162,20.4445],[-105.0311,20.4423],[-105.0348,20.4391],[-105.0459,20.4426],[-105.0549,20.4557],[-105.0583,20.4564],[-105.0561,20.4585],[-105.0592,20.47],[-105.0573,20.4771],[-105.0451,20.4851],[-105.0558,20.4855],[-105.0592,20.4922],[-105.0712,20.4896],[-105.0735,20.4859],[-105.0933,20.4995],[-105.1131,20.5012],[-105.099,20.5233],[-105.0982,20.5354],[-105.1047,20.5288],[-105.1192,20.5267],[-105.1151,20.5321],[-105.1178,20.5505],[-105.114,20.5776],[-105.1158,20.5822],[-105.1258,20.585],[-105.1282,20.5897],[-105.1314,20.5874],[-105.1312,20.5928],[-105.1404,20.6003],[-105.1311,20.6086],[-105.1317,20.6119],[-105.1378,20.6137],[-105.1373,20.6178],[-105.13,20.6229],[-105.1307,20.6276],[-105.1378,20.6422],[-105.1363,20.6502],[-105.1459,20.6542],[-105.1506,20.6633],[-105.149,20.6701],[-105.1551,20.6699],[-105.1544,20.6763],[-105.1594,20.6823],[-105.1753,20.686],[-105.1672,20.6878],[-105.164,20.6961],[-105.1584,20.697],[-105.1483,20.6923],[-105.1432,20.6854],[-105.1361,20.6911],[-105.1397,20.695],[-105.1366,20.6969],[-105.1289,20.6934],[-105.1183,20.6959],[-105.1141,20.6923],[-105.1032,20.6984],[-105.1007,20.6971],[-105.1032,20.6864],[-105.0955,20.6851],[-105.0896,20.692],[-105.0784,20.6898],[-105.0781,20.6933],[-105.0697,20.7],[-105.0695,20.7083],[-105.0648,20.7115],[-105.0638,20.718],[-105.0595,20.7176],[-105.0566,20.7233],[-105.0525,20.7227],[-105.031,20.7368],[-105.022,20.7408],[-105.018,20.7392],[-105.0117,20.7432],[-105.0116,20.7465],[-105.0087,20.7441],[-104.9913,20.7451],[-104.9954,20.7431],[-104.9931,20.7384],[-104.9809,20.7241],[-104.9748,20.7061],[-104.9685,20.7045],[-104.9636,20.6954],[-104.9537,20.6985],[-104.9421,20.7099],[-104.9314,20.7142],[-104.9278,20.711],[-104.9247,20.7153],[-104.9178,20.7166],[-104.8969,20.7116],[-104.8919,20.705],[-104.8928,20.7011],[-104.8907,20.7026],[-104.8845,20.6984],[-104.8744,20.6873],[-104.8756,20.6912],[-104.871,20.6992],[-104.8651,20.6959],[-104.8423,20.7035],[-104.8287,20.6961],[-104.8224,20.7056],[-104.8219,20.7242],[-104.8114,20.7207],[-104.7919,20.72],[-104.7804,20.7159],[-104.7795,20.7128],[-104.7741,20.7152],[-104.7735,20.7112],[-104.758,20.7017],[-104.7452,20.6991],[-104.7392,20.7009],[-104.7363,20.711],[-104.7368,20.733],[-104.7214,20.7343],[-104.7139,20.7313],[-104.7086,20.7498],[-104.6996,20.7503],[-104.6905,20.7564],[-104.6883,20.7545],[-104.6887,20.7587],[-104.6823,20.7644],[-104.6779,20.7636],[-104.677,20.7687],[-104.6696,20.7698],[-104.6665,20.7798],[-104.6518,20.7905],[-104.6545,20.802],[-104.6504,20.8096],[-104.6509,20.8156],[-104.6459,20.8206],[-104.6508,20.8325],[-104.6491,20.8379],[-104.6425,20.835],[-104.6324,20.837],[-104.6307,20.8253],[-104.624,20.8332],[-104.6008,20.8286],[-104.6032,20.8335],[-104.6,20.8381],[-104.5891,20.8405]]]}},{"type":"Feature","properties":{"cve_mun":"15044","nombre_municipio":"Jaltenco","cve_ent":"15","nombre_entidad":"México"},"geometry":{"type":"MultiPolygon","coordinates":[[[[-99.0689,19.6579],[-99.0724,19.6572],[-99.0685,19.6711],[-99.0626,19.6591],[-99.0689,19.6579]]],[[[-99.0876,19.7445],[-99.1028,19.7461],[-99.1045,19.752],[-99.0987,19.7641],[-99.0804,19.7589],[-99.0876,19.7445]]]]}},{"type":"Feature","properties":{"cve_mun":"15061","nombre_municipio":"Nopaltepec","cve_ent":"15","nombre_entidad":"México"},"geometry":{"type":"Polygon","coordinates":[[[-98.7286,19.8648],[-98.7185,19.8623],[-98.7128,19.8538],[-98.7034,19.8545],[-98.7035,19.8574],[-98.701,19.8561],[-98.7028,19.8586],[-98.6991,19.8584],[-98.6872,19.8505],[-98.6808,19.8607],[-98.6727,19.8628],[-98.6718,19.8537],[-98.6976,19.8321],[-98.6759,19.8132],[-98.6725,19.8167],[-98.6748,19.8324],[-98.6608,19.835],[-98.6398,19.8109],[-98.6504,19.8014],[-98.6624,19.8104],[-98.6793,19.7974],[-98.6864,19.8029],[-98.7356,19.7361],[-98.7514,19.7467],[-98.7289,19.784],[-98.7647,19.7983],[-98.7622,19.8134],[-98.7784,19.8167],[-98.7775,19.8364],[-98.7801,19.8413],[-98.7535,19.8301],[-98.7477,19.8428],[-98.7418,19.8421],[-98.7338,19.8617],[-98.7286,19.8648]]]}},{"type":"Feature","properties":{"cve_mun":"15014","nombre_municipio":"Atlacomulco","cve_ent":"15","nombre_entidad":"México"},"geometry":{"type":"Polygon","coordinates":[[[-99.8834,19.901],[-99.8478,19.8746],[-99.8499,19.8562],[-99.8443,19.859],[-99.8393,19.8679],[-99.8355,19.8627],[-99.8157,19.8542],[-99.7991,19.8405],[-99.7895,19.846],[-99.7854,19.8335],[-99.7729,19.8288],[-99.7692,19.8238],[-99.7797,19.813],[-99.7639,19.8012],[-99.7504,19.7971],[-99.7424,19.7841],[-99.7339,19.7772],[-99.7105,19.7683],[-99.7138,19.7642],[-99.709,19.7609],[-99.7128,19.7582],[-99.7051,19.7479],[-99.7057,19.7428],[-99.7271,19.7372],[-99.7302,19.7411],[-99.745,19.7296],[-99.7655,19.7441],[-99.796,19.7339],[-99.8048,19.7349],[-99.8161,19.7401],[-99.8181,19.7459],[-99.8475,19.7582],[-99.8438,19.7516],[-99.8488,19.7448],[-99.8605,19.7571],[-99.8602,19.7636],[-99.8809,19.7607],[-99.8767,19.7722],[-99.8786,19.7756],[-99.8832,19.7715],[-99.9152,19.7851],[-99.9067,19.7914],[-99.9083,19.7959],[-99.9048,19.8016],[-99.9071,19.805],[-99.9187,19.8056],[-99.9192,19.803],[-99.9247,19.8022],[-99.9292,19.7919],[-99.9493,19.798],[-99.9612,19.7924],[-99.9586,19.804],[-99.9599,19.8342],[-99.9437,19.8258],[-99.9397,19.829],[-99.9449,19.8313],[-99.939,19.8434],[-99.948,19.8463],[-99.9477,19.8519],[-99.9438,19.8535],[-99.94,19.848],[-99.9322,19.8467],[-99.9302,19.8589],[-99.9632,19.8534],[-99.9733,19.8578],[-99.9653,19.8785],[-99.9324,19.871],[-99.935,19.8927],[-99.8967,19.8836],[-99.8865,19.8859],[-99.8849,19.8889],[-99.8933,19.8898],[-99.8834,19.901]]]}},{"type":"Feature","properties":{"cve_mun":"15049","nombre_municipio":"Joquicingo","cve_ent":"15","nombre_entidad":"México"},"geometry":{"type":"MultiPolygon","coordinates":[[[[-99.4776,19.0345],[-99.4743,19.0251],[-99.475,19.0177],[-99.4802,19.0155],[-99.4803,19.0038],[-99.4863,19.0183],[-99.4844,19.0333],[-99.4776,19.0345]]],[[[-99.522,19.1191],[-99.5132,19.1191],[-99.4818,19.0877],[-99.5035,19.0363],[-99.4938,19.0326],[-99.5083,19.0297],[-99.5353,19.0373],[-99.5412,19.0355],[-99.5398,19.0321],[-99.5448,19.018],[-99.5559,19.0198],[-99.5591,19.0301],[-99.555,19.0369],[-99.5436,19.0374],[-99.5349,19.0677],[-99.5268,19.0746],[-99.5265,19.0789],[-99.5317,19.0797],[-99.5317,19.09],[-99.5363,19.096],[-99.5306,19.1028],[-99.5302,19.1204],[-99.522,19.1191]]]]}},{"type":"Feature","properties":{"cve_mun":"15062","nombre_municipio":"Ocoyoacac","cve_ent":"15","nombre_entidad":"México"},"geometry":{"type":"Polygon","coordinates":[[[-99.4055,19.3127],[-99.3946,19.3034],[-99.3759,19.3098],[-99.3632,19.3034],[-99.3564,19.3033],[-99.35,19.2968],[-99.3535,19.2974],[-99.3515,19.2942],[-99.3649,19.2778],[-99.3482,19.274],[-99.3392,19.2677],[-99.3423,19.2411],[-99.3153,19.2292],[-99.3162,19.2215],[-99.3134,19.219],[-99.4084,19.204],[-99.4146,19.238],[-99.449,19.2303],[-99.4519,19.2339],[-99.4621,19.2294],[-99.4728,19.2366],[-99.4739,19.2491],[-99.496,19.2477],[-99.4957,19.2676],[-99.4933,19.2692],[-99.4973,19.2843],[-99.4802,19.2795],[-99.474,19.2831],[-99.4738,19.2921],[-99.4657,19.2909],[-99.4647,19.2949],[-99.4617,19.2917],[-99.4604,19.3022],[-99.4345,19.3007],[-99.441,19.3073],[-99.4055,19.3127]]]}},{"type":"Feature","properties":{"cve_mun":"15103","nombre_municipio":"Tlalmanalco","cve_ent":"15","nombre_entidad":"México"},"geometry":{"type":"Polygon","coordinates":[[[-98.6313,19.2633],[-98.6275,19.2578],[-98.6436,19.2387],[-98.647,19.1848],[-98.6392,19.1636],[-98.6716,19.1832],[-98.6796,19.1821],[-98.7001,19.1713],[-98.7169,19.1791],[-98.7274,19.1707],[-98.7359,19.1807],[-98.7418,19.1808],[-98.7586,19.1778],[-98.7602,19.1661],[-98.7694,19.1525],[-98.7762,19.1491],[-98.7789,19.1572],[-98.7769,19.1606],[-98.7811,19.1622],[-98.7897,19.1764],[-98.8074,19.1693],[-98.8232,19.1678],[-98.8556,19.1775],[-98.8544,19.1821],[-98.8469,19.1837],[-98.8482,19.1931],[-98.8391,19.2139],[-98.8204,19.2052],[-98.8194,19.2106],[-98.8093,19.212],[-98.8112,19.2171],[-98.8046,19.2158],[-98.8083,19.2188],[-98.8047,19.2325],[-98.7973,19.2319],[-98.7988,19.2207],[-98.803,19.2172],[-98.8016,19.2147],[-98.7939,19.2223],[-98.7906,19.2212],[-98.7911,19.2151],[-98.7805,19.2195],[-98.783,19.227],[-98.7766,19.2375],[-98.7878,19.2369],[-98.7874,19.2416],[-98.7521,19.2439],[-98.702,19.2548],[-98.6829,19.2648],[-98.674,19.2536],[-98.6619,19.2469],[-98.6484,19.2585],[-98.6313,19.2633]]]}},{"type":"Feature","properties":{"cve_mun":"15100","nombre_municipio":"Tezoyuca","cve_ent":"15","nombre_entidad":"México"},"geometry":{"type":"Polygon","coordinates":[[[-98.907,19.611],[-98.9012,19.605],[-98.8998,19.5951],[-98.9023,19.5805],[-98.9108,19.5825],[-98.9109,19.5769],[-98.9258,19.5806],[-98.9283,19.5875],[-98.931,19.585],[-98.9369,19.5936],[-98.9423,19.5888],[-98.9489,19.59],[-98.9488,19.594],[-98.9726,19.5965],[-98.9727,19.6041],[-98.9695,19.6087],[-98.9392,19.6098],[-98.9383,19.6019],[-98.9246,19.6019],[-98.9226,19.6101],[-98.9125,19.606],[-98.907,19.611]]]}},{"type":"Feature","properties":{"cve_mun":"15052","nombre_municipio":"Malinalco","cve_ent":"15","nombre_entidad":"México"},"geometry":{"type":"Polygon","coordinates":[[[-99.4844,19.0331],[-99.4863,19.0183],[-99.4805,19.0039],[-99.4802,19.0155],[-99.475,19.0177],[-99.4725,19.0108],[-99.476,19.008],[-99.4752,18.998],[-99.4647,18.9965],[-99.4614,18.9896],[-99.4712,18.9833],[-99.4686,18.9769],[-99.4628,18.9736],[-99.4707,18.9541],[-99.4788,18.9485],[-99.4784,18.9235],[-99.4735,18.9176],[-99.4492,18.9135],[-99.4478,18.9261],[-99.44,18.9269],[-99.4359,18.931],[-99.4392,18.935],[-99.4374,18.9365],[-99.4326,18.9341],[-99.441,18.9234],[-99.4373,18.9211],[-99.4342,18.8975],[-99.4424,18.8934],[-99.4295,18.8817],[-99.431,18.8657],[-99.4244,18.8603],[-99.4323,18.8578],[-99.4301,18.8326],[-99.4259,18.8264],[-99.451,18.7725],[-99.4633,18.7672],[-99.4662,18.7538],[-99.4688,18.7625],[-99.4767,18.7626],[-99.4796,18.7592],[-99.4883,18.7637],[-99.4811,18.7759],[-99.483,18.7819],[-99.4906,18.7824],[-99.4971,18.8087],[-99.5192,18.8061],[-99.5177,18.809],[-99.5215,18.8185],[-99.5162,18.8314],[-99.522,18.8481],[-99.536,18.8546],[-99.5415,18.8631],[-99.5412,18.8719],[-99.5514,18.8775],[-99.5532,18.8828],[-99.5468,18.8903],[-99.5469,18.907],[-99.541,18.9168],[-99.5474,18.9176],[-99.5373,18.9258],[-99.5385,18.9359],[-99.5506,18.9447],[-99.5311,18.9505],[-99.5307,18.9471],[-99.5189,18.9432],[-99.507,18.9732],[-99.5108,18.9734],[-99.5117,18.9778],[-99.5105,18.9852],[-99.5047,18.9915],[-99.5102,18.9984],[-99.5035,19.009],[-99.4916,19.017],[-99.491,19.0312],[-99.4844,19.0331]]]}},{"type":"Feature","properties":{"cve_mun":"15015","nombre_municipio":"Atlautla","cve_ent":"15","nombre_entidad":"México"},"geometry":{"type":"Polygon","coordinates":[[[-98.7399,19.0919],[-98.7288,19.089],[-98.7108,19.0759],[-98.7017,19.0744],[-98.69,19.0779],[-98.6796,19.0869],[-98.6471,19.086],[-98.6302,19.0678],[-98.6276,19.0694],[-98.6235,19.0664],[-98.6311,19.0596],[-98.627,19.0498],[-98.6298,19.0436],[-98.6199,19.0351],[-98.6293,19.0171],[-98.6663,19.0013],[-98.7209,18.9876],[-98.7224,18.9905],[-98.7311,18.9886],[-98.7362,18.9921],[-98.7436,18.9878],[-98.7557,18.9879],[-98.7679,18.9956],[-98.7676,18.9857],[-98.7729,18.9773],[-98.776,18.9786],[-98.7764,18.9742],[-98.7888,18.9695],[-98.7885,18.9616],[-98.7995,18.9403],[-98.8169,18.9433],[-98.825,18.9588],[-98.8197,18.9592],[-98.8113,18.9665],[-98.8068,18.9748],[-98.8084,18.9766],[-98.8042,18.9786],[-98.7989,18.9892],[-98.7714,19.0102],[-98.7914,19.0226],[-98.7911,19.0275],[-98.7827,19.0379],[-98.7825,19.0456],[-98.7778,19.0477],[-98.788,19.0554],[-98.7831,19.0693],[-98.7843,19.0764],[-98.7755,19.0727],[-98.7642,19.0793],[-98.7613,19.0712],[-98.7421,19.079],[-98.7291,19.0775],[-98.7288,19.0848],[-98.7417,19.0889],[-98.7399,19.0919]]]}},{"type":"Feature","properties":{"cve_mun":"15016","nombre_municipio":"Axapusco","cve_ent":"15","nombre_entidad":"México"},"geometry":{"type":"Polygon","coordinates":[[[-98.779,19.8826],[-98.7615,19.8749],[-98.7536,19.877],[-98.7436,19.8744],[-98.7392,19.8726],[-98.7388,19.8672],[-98.7293,19.865],[-98.7338,19.8617],[-98.7387,19.8465],[-98.7418,19.8421],[-98.7472,19.8435],[-98.7535,19.8301],[-98.7801,19.8413],[-98.7775,19.8364],[-98.7784,19.8167],[-98.7622,19.8134],[-98.7647,19.7983],[-98.7289,19.784],[-98.7514,19.7467],[-98.7356,19.7361],[-98.6864,19.8029],[-98.6793,19.7974],[-98.6624,19.8104],[-98.6504,19.8014],[-98.6398,19.8109],[-98.6388,19.8008],[-98.6236,19.7939],[-98.6253,19.7852],[-98.6175,19.7881],[-98.6122,19.7864],[-98.6134,19.7817],[-98.6096,19.7771],[-98.6117,19.7741],[-98.5994,19.7682],[-98.6006,19.7649],[-98.5969,19.7658],[-98.6021,19.7562],[-98.6032,19.7326],[-98.6081,19.7251],[-98.6159,19.7295],[-98.6238,19.7256],[-98.6247,19.7274],[-98.6276,19.7218],[-98.6329,19.7222],[-98.6309,19.7177],[-98.6335,19.715],[-98.63,19.7161],[-98.6325,19.7133],[-98.6294,19.7097],[-98.6308,19.7047],[-98.6239,19.6964],[-98.6322,19.6745],[-98.637,19.6749],[-98.6399,19.6711],[-98.6197,19.6612],[-98.6244,19.6558],[-98.6349,19.6555],[-98.6438,19.6488],[-98.6531,19.6543],[-98.6555,19.6505],[-98.6648,19.6577],[-98.6597,19.6695],[-98.6741,19.6736],[-98.6895,19.6898],[-98.7125,19.6991],[-98.7244,19.6996],[-98.7331,19.7073],[-98.7566,19.7146],[-98.762,19.7157],[-98.7655,19.7124],[-98.7673,19.7079],[-98.7641,19.7023],[-98.7719,19.6909],[-98.7774,19.6921],[-98.7728,19.6954],[-98.7736,19.6994],[-98.7814,19.7057],[-98.7878,19.7066],[-98.7874,19.7131],[-98.7805,19.7269],[-98.7614,19.7453],[-98.7705,19.7497],[-98.7704,19.7543],[-98.7735,19.7542],[-98.7866,19.7282],[-98.805,19.744],[-98.8693,19.7727],[-98.8644,19.7866],[-98.8603,19.7858],[-98.8559,19.7906],[-98.8449,19.7834],[-98.8387,19.7728],[-98.8272,19.7741],[-98.8182,19.7701],[-98.8101,19.7841],[-98.8202,19.7868],[-98.8346,19.7973],[-98.8279,19.8096],[-98.8187,19.8023],[-98.8122,19.8181],[-98.8267,19.8245],[-98.8182,19.8482],[-98.8227,19.852],[-98.8148,19.8678],[-98.7948,19.8566],[-98.7897,19.8619],[-98.7895,19.8685],[-98.7939,19.8721],[-98.779,19.8826]]]}},{"type":"Feature","properties":{"cve_mun":"15017","nombre_municipio":"Ayapango","cve_ent":"15","nombre_entidad":"México"},"geometry":{"type":"Polygon","coordinates":[[[-98.8192,19.1693],[-98.8115,19.1578],[-98.794,19.1602],[-98.7895,19.1557],[-98.7907,19.1461],[-98.7746,19.1441],[-98.7777,19.1352],[-98.7729,19.1291],[-98.778,19.1219],[-98.7859,19.1229],[-98.7895,19.1167],[-98.7876,19.1129],[-98.7962,19.1065],[-98.7947,19.1029],[-98.8019,19.0899],[-98.8107,19.0914],[-98.8149,19.0818],[-98.8278,19.0791],[-98.8253,19.0719],[-98.8352,19.0725],[-98.8324,19.0786],[-98.8464,19.0818],[-98.8369,19.0909],[-98.8405,19.0954],[-98.8392,19.0995],[-98.8454,19.098],[-98.8434,19.1035],[-98.8398,19.1032],[-98.8404,19.1085],[-98.8527,19.1088],[-98.8468,19.1235],[-98.8492,19.1255],[-98.8363,19.139],[-98.8425,19.1424],[-98.8322,19.1525],[-98.8452,19.1588],[-98.8457,19.1648],[-98.8522,19.1636],[-98.8489,19.1677],[-98.8308,19.1625],[-98.8256,19.1679],[-98.8192,19.1693]]]}},{"type":"Feature","properties":{"cve_mun":"15018","nombre_municipio":"Calimaya","cve_ent":"15","nombre_entidad":"México"},"geometry":{"type":"Polygon","coordinates":[[[-99.6452,19.219],[-99.6387,19.2161],[-99.6271,19.2201],[-99.6167,19.2194],[-99.6082,19.2159],[-99.611,19.199],[-99.5985,19.1966],[-99.5911,19.1976],[-99.5886,19.2015],[-99.5818,19.2],[-99.5822,19.2051],[-99.571,19.2065],[-99.5797,19.2004],[-99.5773,19.1853],[-99.5701,19.186],[-99.5681,19.1893],[-99.5635,19.1876],[-99.5657,19.1932],[-99.5458,19.1938],[-99.5412,19.2],[-99.5411,19.2099],[-99.5369,19.2095],[-99.5366,19.1923],[-99.5515,19.1862],[-99.5513,19.1735],[-99.5567,19.1737],[-99.558,19.1774],[-99.5771,19.1797],[-99.5928,19.172],[-99.5963,19.1654],[-99.5919,19.1652],[-99.5924,19.161],[-99.6069,19.1526],[-99.6015,19.1475],[-99.6007,19.1372],[-99.6085,19.1354],[-99.6098,19.1387],[-99.6188,19.1415],[-99.6196,19.1285],[-99.6233,19.1286],[-99.6233,19.1383],[-99.6399,19.1425],[-99.6434,19.1414],[-99.6389,19.1363],[-99.6406,19.1232],[-99.6986,19.1254],[-99.7012,19.1252],[-99.7009,19.1174],[-99.7347,19.1181],[-99.7332,19.1247],[-99.6867,19.1758],[-99.6558,19.1944],[-99.6449,19.2149],[-99.6535,19.2175],[-99.647,19.2211],[-99.6452,19.219]]]}},{"type":"Feature","properties":{"cve_mun":"15019","nombre_municipio":"Capulhuac","cve_ent":"15","nombre_entidad":"México"},"geometry":{"type":"Polygon","coordinates":[[[-99.4756,19.2497],[-99.4719,19.2359],[-99.4621,19.2294],[-99.4519,19.2339],[-99.4426,19.2205],[-99.4297,19.2144],[-99.4291,19.2031],[-99.4572,19.2053],[-99.4576,19.202],[-99.4476,19.1995],[-99.4451,19.195],[-99.4525,19.1842],[-99.4765,19.1842],[-99.4807,19.1879],[-99.4829,19.2069],[-99.477,19.222],[-99.4684,19.2238],[-99.4802,19.2403],[-99.4805,19.2476],[-99.4756,19.2497]]]}},{"type":"Feature","properties":{"cve_mun":"15020","nombre_municipio":"Coacalco de Berriozábal","cve_ent":"15","nombre_entidad":"México"},"geometry":{"type":"Polygon","coordinates":[[[-99.1055,19.6639],[-99.0725,19.6571],[-99.0743,19.6364],[-99.0922,19.6004],[-99.0865,19.5972],[-99.0883,19.5892],[-99.1179,19.5906],[-99.1276,19.5958],[-99.1255,19.6254],[-99.1285,19.6367],[-99.1249,19.6381],[-99.1203,19.6531],[-99.1084,19.6495],[-99.1055,19.6639]]]}},{"type":"Feature","properties":{"cve_mun":"15022","nombre_municipio":"Cocotitlán","cve_ent":"15","nombre_entidad":"México"},"geometry":{"type":"Polygon","coordinates":[[[-98.8711,19.2497],[-98.8599,19.2469],[-98.8585,19.2421],[-98.8351,19.2246],[-98.8366,19.2218],[-98.8319,19.2124],[-98.8391,19.2139],[-98.8406,19.2057],[-98.8484,19.21],[-98.8534,19.2056],[-98.8604,19.2079],[-98.8572,19.2144],[-98.8786,19.2164],[-98.881,19.2271],[-98.8779,19.2374],[-98.8738,19.2388],[-98.874,19.249],[-98.8711,19.2497]]]}},{"type":"Feature","properties":{"cve_mun":"15010","nombre_municipio":"Apaxco","cve_ent":"15","nombre_entidad":"México"},"geometry":{"type":"Polygon","coordinates":[[[-99.1182,20.0293],[-99.1181,20.0248],[-99.0926,20.0183],[-99.0846,20.0109],[-99.084,20.004],[-99.09,20.0014],[-99.0948,19.9926],[-99.0959,19.9974],[-99.0979,19.9834],[-99.1044,19.9819],[-99.1193,19.9691],[-99.1258,19.9716],[-99.143,19.9586],[-99.14,19.9423],[-99.1459,19.9367],[-99.1461,19.93],[-99.1636,19.9322],[-99.1691,19.9439],[-99.1692,19.9531],[-99.1738,19.9566],[-99.1739,19.9644],[-99.1804,19.9585],[-99.1802,19.9534],[-99.1931,19.9437],[-99.192,19.9418],[-99.1994,19.9408],[-99.1982,19.9518],[-99.2154,19.9546],[-99.2125,19.9655],[-99.2116,19.9633],[-99.1999,19.9768],[-99.1975,19.9759],[-99.1969,19.9848],[-99.1892,19.9848],[-99.1901,19.994],[-99.1831,19.9901],[-99.1772,19.9931],[-99.18,19.9981],[-99.1679,20.0035],[-99.1674,20.0129],[-99.1614,20.0124],[-99.1593,20.017],[-99.1586,20.0272],[-99.1352,20.0271],[-99.1259,20.0317],[-99.1182,20.0293]]]}},{"type":"Feature","properties":{"cve_mun":"15098","nombre_municipio":"Texcalyacac","cve_ent":"15","nombre_entidad":"México"},"geometry":{"type":"Polygon","coordinates":[[[-99.5262,19.1592],[-99.4879,19.1496],[-99.482,19.0878],[-99.5132,19.1191],[-99.5374,19.1204],[-99.5344,19.1434],[-99.5309,19.1433],[-99.5262,19.1592]]]}},{"type":"Feature","properties":{"cve_mun":"15092","nombre_municipio":"Teotihuacán","cve_ent":"15","nombre_entidad":"México"},"geometry":{"type":"Polygon","coordinates":[[[-98.9005,19.7553],[-98.8807,19.7505],[-98.8909,19.7212],[-98.8834,19.7186],[-98.8826,19.7144],[-98.8607,19.7059],[-98.8585,19.7004],[-98.8519,19.7183],[-98.8491,19.7182],[-98.8436,19.7098],[-98.8469,19.7077],[-98.8394,19.7033],[-98.8447,19.701],[-98.8378,19.6987],[-98.8382,19.6962],[-98.8068,19.6861],[-98.8095,19.6815],[-98.8151,19.6802],[-98.8164,19.6827],[-98.816,19.6788],[-98.8216,19.6768],[-98.8139,19.6739],[-98.8118,19.6691],[-98.8159,19.6626],[-98.8066,19.6532],[-98.825,19.6313],[-98.8408,19.6356],[-98.8409,19.6382],[-98.8511,19.6422],[-98.8528,19.65],[-98.8602,19.653],[-98.8587,19.6577],[-98.8913,19.6493],[-98.8887,19.6631],[-98.8911,19.6663],[-98.8943,19.6681],[-98.8962,19.6612],[-98.9045,19.6593],[-98.9131,19.6748],[-98.9139,19.6863],[-98.9376,19.6926],[-98.9352,19.7037],[-98.9243,19.7051],[-98.9198,19.7249],[-98.9158,19.7293],[-98.9094,19.7272],[-98.8983,19.7522],[-98.9005,19.7553]]]}},{"type":"Feature","properties":{"cve_mun":"15002","nombre_municipio":"Acolman","cve_ent":"15","nombre_entidad":"México"},"geometry":{"type":"Polygon","coordinates":[[[-98.9304,19.69],[-98.9139,19.6863],[-98.9131,19.6748],[-98.9045,19.6593],[-98.8962,19.6612],[-98.8943,19.6681],[-98.8911,19.6663],[-98.8887,19.6631],[-98.8913,19.6493],[-98.8587,19.6577],[-98.8602,19.653],[-98.8528,19.65],[-98.8511,19.6422],[-98.8409,19.6382],[-98.8408,19.6355],[-98.8595,19.6307],[-98.8594,19.6188],[-98.8684,19.6083],[-98.8719,19.5988],[-98.8958,19.5999],[-98.8957,19.5976],[-98.9076,19.6117],[-98.9125,19.606],[-98.9226,19.6101],[-98.9246,19.6019],[-98.9383,19.6019],[-98.9392,19.6098],[-98.9695,19.6087],[-98.9727,19.6041],[-98.9725,19.5926],[-98.9766,19.5933],[-98.9802,19.5833],[-98.9972,19.5864],[-98.9838,19.6075],[-98.9758,19.6439],[-98.9603,19.6575],[-98.9587,19.6629],[-98.9426,19.657],[-98.9304,19.69]]]}},{"type":"Feature","properties":{"cve_mun":"15024","nombre_municipio":"Cuautitlán","cve_ent":"15","nombre_entidad":"México"},"geometry":{"type":"Polygon","coordinates":[[[-99.1394,19.7659],[-99.118,19.7401],[-99.1232,19.7245],[-99.1368,19.7264],[-99.1391,19.7205],[-99.1523,19.7206],[-99.1597,19.6998],[-99.1519,19.6963],[-99.1525,19.6908],[-99.1438,19.6899],[-99.1399,19.6935],[-99.1444,19.6796],[-99.1419,19.6771],[-99.1493,19.6605],[-99.1599,19.661],[-99.1628,19.6556],[-99.1697,19.6578],[-99.1744,19.6495],[-99.1777,19.6503],[-99.1779,19.6472],[-99.1846,19.6434],[-99.182,19.6611],[-99.1844,19.6615],[-99.1841,19.6684],[-99.1926,19.6677],[-99.1913,19.6734],[-99.1857,19.6723],[-99.1835,19.6784],[-99.1755,19.68],[-99.1759,19.7271],[-99.1907,19.7298],[-99.1958,19.715],[-99.2001,19.7473],[-99.1876,19.7468],[-99.1896,19.7396],[-99.1848,19.7335],[-99.1648,19.7303],[-99.1664,19.7219],[-99.1563,19.7203],[-99.1527,19.7355],[-99.1658,19.7441],[-99.1599,19.7487],[-99.1497,19.7458],[-99.149,19.7656],[-99.1394,19.7659]]]}},{"type":"Feature","properties":{"cve_mun":"15118","nombre_municipio":"Zinacantepec","cve_ent":"15","nombre_entidad":"México"},"geometry":{"type":"Polygon","coordinates":[[[-99.7266,19.3361],[-99.7181,19.3348],[-99.7208,19.3118],[-99.7133,19.3079],[-99.7068,19.3091],[-99.7043,19.2976],[-99.6958,19.2968],[-99.697,19.2866],[-99.7095,19.2673],[-99.7153,19.2675],[-99.7193,19.2621],[-99.7194,19.2442],[-99.723,19.2349],[-99.7204,19.2346],[-99.7251,19.2218],[-99.732,19.2118],[-99.7414,19.2133],[-99.7727,19.1613],[-99.7656,19.1506],[-99.7684,19.1393],[-99.7663,19.1262],[-99.7824,19.1122],[-99.7794,19.0964],[-99.7689,19.0899],[-99.7692,19.0743],[-99.7841,19.0715],[-99.8479,19.077],[-99.8427,19.0865],[-99.8344,19.1344],[-99.8421,19.1516],[-99.8652,19.1543],[-99.8784,19.1593],[-99.8708,19.159],[-99.847,19.1691],[-99.8456,19.1756],[-99.8502,19.1781],[-99.847,19.1855],[-99.8575,19.1976],[-99.8602,19.193],[-99.8842,19.2049],[-99.8771,19.2165],[-99.8668,19.2172],[-99.8739,19.2363],[-99.8801,19.2352],[-99.8807,19.2294],[-99.901,19.2246],[-99.9019,19.2577],[-99.8754,19.2594],[-99.8783,19.251],[-99.8691,19.244],[-99.8655,19.2448],[-99.8596,19.2555],[-99.855,19.2775],[-99.8533,19.3102],[-99.8383,19.3066],[-99.8251,19.3206],[-99.8092,19.319],[-99.816,19.2886],[-99.8023,19.2935],[-99.7997,19.2865],[-99.7933,19.2884],[-99.7727,19.2846],[-99.7717,19.2816],[-99.7683,19.2845],[-99.7678,19.2907],[-99.7593,19.2904],[-99.7569,19.3025],[-99.7607,19.3037],[-99.7602,19.3136],[-99.7688,19.3112],[-99.7743,19.3205],[-99.7728,19.3303],[-99.7607,19.3284],[-99.7608,19.3331],[-99.752,19.3324],[-99.7523,19.327],[-99.7391,19.3246],[-99.7392,19.3297],[-99.7331,19.329],[-99.7325,19.3337],[-99.7266,19.3361]]]}},{"type":"Feature","properties":{"cve_mun":"15026","nombre_municipio":"Chapa de Mota","cve_ent":"15","nombre_entidad":"México"},"geometry":{"type":"Polygon","coordinates":[[[-99.62,19.9034],[-99.6174,19.8984],[-99.5996,19.8956],[-99.6002,19.8887],[-99.5784,19.8873],[-99.5709,19.8847],[-99.5693,19.8789],[-99.5634,19.8819],[-99.5645,19.8753],[-99.5594,19.8733],[-99.5637,19.8698],[-99.561,19.8684],[-99.5437,19.8669],[-99.5464,19.8736],[-99.556,19.8797],[-99.5485,19.89],[-99.5411,19.8915],[-99.5033,19.8914],[-99.4781,19.8837],[-99.4731,19.8777],[-99.4611,19.8769],[-99.4608,19.8681],[-99.4511,19.8529],[-99.4334,19.8747],[-99.4306,19.8732],[-99.4207,19.841],[-99.438,19.8355],[-99.4461,19.8376],[-99.4578,19.8267],[-99.4496,19.8151],[-99.4547,19.812],[-99.4605,19.8121],[-99.4624,19.8163],[-99.4643,19.8139],[-99.4811,19.7721],[-99.4861,19.7703],[-99.483,19.7608],[-99.4899,19.7584],[-99.4925,19.7521],[-99.4925,19.733],[-99.5085,19.7354],[-99.514,19.7499],[-99.5337,19.7558],[-99.5399,19.7509],[-99.5449,19.7406],[-99.548,19.7443],[-99.5542,19.7385],[-99.5615,19.741],[-99.5624,19.7379],[-99.5764,19.7382],[-99.5818,19.7337],[-99.5966,19.7489],[-99.6138,19.7482],[-99.6096,19.7647],[-99.5921,19.7777],[-99.6198,19.8042],[-99.615,19.8229],[-99.6372,19.8172],[-99.6436,19.8196],[-99.66,19.8327],[-99.6641,19.8309],[-99.671,19.8443],[-99.662,19.8748],[-99.6668,19.8876],[-99.6552,19.8963],[-99.6333,19.8928],[-99.62,19.9034]]]}},{"type":"Feature","properties":{"cve_mun":"15109","nombre_municipio":"Tultitlán","cve_ent":"15","nombre_entidad":"México"},"geometry":{"type":"MultiPolygon","coordinates":[[[[-99.1565,19.6608],[-99.1487,19.6604],[-99.1503,19.6495],[-99.1482,19.6482],[-99.1324,19.6469],[-99.1304,19.6522],[-99.1216,19.6495],[-99.1249,19.6381],[-99.1285,19.6367],[-99.1255,19.6254],[-99.1288,19.6018],[-99.1237,19.5928],[-99.1338,19.5862],[-99.1435,19.5723],[-99.1642,19.5798],[-99.1771,19.5753],[-99.1922,19.5779],[-99.193,19.5835],[-99.1857,19.5943],[-99.1933,19.6294],[-99.1848,19.6294],[-99.1846,19.6434],[-99.1779,19.6472],[-99.1777,19.6503],[-99.1744,19.6495],[-99.1697,19.6578],[-99.1628,19.6556],[-99.1599,19.661],[-99.1565,19.6608]]],[[[-99.0815,19.6854],[-99.0743,19.6831],[-99.0685,19.6711],[-99.0725,19.6571],[-99.1181,19.6672],[-99.1101,19.6887],[-99.0975,19.6856],[-99.0961,19.6896],[-99.0815,19.6854]]]]}},{"type":"Feature","properties":{"cve_mun":"15107","nombre_municipio":"Tonatico","cve_ent":"15","nombre_entidad":"México"},"geometry":{"type":"Polygon","coordinates":[[[-99.648,18.8335],[-99.6377,18.8137],[-99.6191,18.82],[-99.6115,18.8146],[-99.6064,18.7997],[-99.5968,18.7968],[-99.5897,18.7881],[-99.5866,18.7884],[-99.582,18.7757],[-99.5827,18.7656],[-99.5794,18.7642],[-99.578,18.7515],[-99.5738,18.7465],[-99.5737,18.7376],[-99.5793,18.7306],[-99.5807,18.7362],[-99.5899,18.7393],[-99.6057,18.7406],[-99.6143,18.7361],[-99.6188,18.7413],[-99.6234,18.7386],[-99.6216,18.7251],[-99.6315,18.7208],[-99.6369,18.7266],[-99.6383,18.7373],[-99.6487,18.7432],[-99.6486,18.748],[-99.6615,18.7713],[-99.6753,18.7793],[-99.6907,18.7815],[-99.7067,18.7934],[-99.7122,18.8108],[-99.7103,18.8145],[-99.6922,18.8226],[-99.6707,18.8207],[-99.671,18.8151],[-99.6649,18.816],[-99.6643,18.8225],[-99.6556,18.8248],[-99.6523,18.8291],[-99.6563,18.8299],[-99.648,18.8335]]]}},{"type":"Feature","properties":{"cve_mun":"15007","nombre_municipio":"Amanalco","cve_ent":"15","nombre_entidad":"México"},"geometry":{"type":"Polygon","coordinates":[[[-99.9814,19.3317],[-99.9681,19.3167],[-99.9327,19.3063],[-99.8998,19.2709],[-99.9024,19.2328],[-99.9053,19.2317],[-99.9146,19.2038],[-99.9285,19.1944],[-99.972,19.1857],[-99.9837,19.1847],[-99.9956,19.1909],[-100.0045,19.1895],[-100.0115,19.1932],[-100.0183,19.1924],[-100.0419,19.1784],[-100.0496,19.1813],[-100.0543,19.179],[-100.0546,19.2018],[-100.0633,19.2166],[-100.0544,19.2384],[-100.0627,19.2322],[-100.0706,19.2352],[-100.0717,19.2278],[-100.0928,19.2336],[-100.0792,19.241],[-100.0703,19.2367],[-100.0732,19.2487],[-100.0691,19.2718],[-100.0559,19.2871],[-100.0566,19.3005],[-100.0506,19.3223],[-100.0317,19.3165],[-100.0329,19.3134],[-100.0119,19.2977],[-100.0046,19.3132],[-99.9814,19.3317]]]}},{"type":"Feature","properties":{"cve_mun":"15032","nombre_municipio":"Donato Guerra","cve_ent":"15","nombre_entidad":"México"},"geometry":{"type":"Polygon","coordinates":[[[-100.2374,19.4035],[-100.2399,19.3948],[-100.2478,19.3905],[-100.2521,19.3831],[-100.246,19.3788],[-100.2462,19.3654],[-100.2265,19.3258],[-100.2263,19.319],[-100.2329,19.3099],[-100.2341,19.2993],[-100.2474,19.3021],[-100.2481,19.2996],[-100.236,19.2964],[-100.2213,19.3061],[-100.2093,19.3066],[-100.2093,19.3104],[-100.2064,19.3093],[-100.2068,19.3015],[-100.1769,19.3001],[-100.1808,19.3104],[-100.1784,19.3189],[-100.1824,19.328],[-100.1689,19.3328],[-100.1548,19.3513],[-100.1524,19.3508],[-100.1544,19.3497],[-100.152,19.3431],[-100.1419,19.3408],[-100.1089,19.3432],[-100.1043,19.3488],[-100.095,19.3303],[-100.0861,19.3328],[-100.0821,19.3284],[-100.0751,19.3464],[-100.0749,19.3374],[-100.0659,19.3237],[-100.0694,19.3102],[-100.055,19.3065],[-100.0559,19.2871],[-100.0691,19.2718],[-100.0732,19.2487],[-100.0703,19.2367],[-100.0754,19.2375],[-100.0822,19.2446],[-100.0927,19.2413],[-100.0982,19.2429],[-100.1029,19.2391],[-100.1015,19.245],[-100.107,19.2466],[-100.0929,19.2611],[-100.1089,19.2619],[-100.1161,19.2664],[-100.1163,19.2695],[-100.1099,19.2695],[-100.1109,19.2812],[-100.1156,19.2833],[-100.1423,19.2814],[-100.1499,19.289],[-100.1581,19.2879],[-100.162,19.2911],[-100.171,19.2876],[-100.1703,19.273],[-100.1765,19.26],[-100.1645,19.2641],[-100.1761,19.2523],[-100.171,19.2404],[-100.1668,19.2414],[-100.1733,19.2335],[-100.1775,19.2389],[-100.1829,19.2384],[-100.1869,19.246],[-100.188,19.2612],[-100.1841,19.2693],[-100.1901,19.2704],[-100.1861,19.2714],[-100.187,19.2819],[-100.2048,19.2786],[-100.2066,19.2815],[-100.2134,19.2771],[-100.2156,19.2725],[-100.2134,19.2697],[-100.2209,19.2629],[-100.2322,19.2855],[-100.2396,19.2877],[-100.2504,19.2834],[-100.2528,19.2793],[-100.2584,19.284],[-100.2596,19.2894],[-100.2641,19.2896],[-100.2702,19.2973],[-100.2804,19.3013],[-100.2832,19.3072],[-100.2798,19.3116],[-100.2865,19.3246],[-100.2965,19.3233],[-100.3006,19.3292],[-100.3068,19.3269],[-100.3069,19.3382],[-100.3007,19.3427],[-100.3111,19.3532],[-100.3124,19.3624],[-100.3021,19.37],[-100.2944,19.3809],[-100.2931,19.3951],[-100.2677,19.4026],[-100.2374,19.4035]]]}},{"type":"Feature","properties":{"cve_mun":"15059","nombre_municipio":"Nextlalpan","cve_ent":"15","nombre_entidad":"México"},"geometry":{"type":"Polygon","coordinates":[[[-99.0432,19.773],[-99.036,19.7718],[-99.0335,19.7651],[-99.0325,19.7512],[-99.0372,19.7509],[-99.033,19.7019],[-99.0368,19.6984],[-99.0452,19.6977],[-99.0673,19.7004],[-99.0695,19.695],[-99.0666,19.6797],[-99.0755,19.6835],[-99.0876,19.7082],[-99.1066,19.7108],[-99.109,19.7206],[-99.1232,19.7245],[-99.118,19.7401],[-99.1298,19.7515],[-99.1241,19.7652],[-99.0982,19.7647],[-99.1045,19.752],[-99.102,19.7459],[-99.0881,19.7445],[-99.0772,19.7482],[-99.0725,19.7585],[-99.0506,19.7511],[-99.0476,19.7538],[-99.0432,19.773]]]}},{"type":"Feature","properties":{"cve_mun":"15064","nombre_municipio":"El Oro","cve_ent":"15","nombre_entidad":"México"},"geometry":{"type":"Polygon","coordinates":[[[-100.0946,19.8603],[-100.0911,19.86],[-100.0855,19.8456],[-100.0718,19.8403],[-100.0655,19.833],[-100.0581,19.8318],[-100.054,19.8493],[-100.051,19.8303],[-100.0479,19.8307],[-100.0471,19.8449],[-100.0417,19.8429],[-100.0421,19.826],[-100.032,19.8145],[-100.0341,19.8111],[-100.0272,19.8075],[-100.0186,19.8072],[-100.0185,19.8131],[-99.9817,19.8155],[-99.9921,19.7708],[-100.0004,19.7721],[-100.0107,19.7626],[-100.0157,19.7347],[-100.0289,19.7313],[-100.0281,19.7386],[-100.0175,19.7499],[-100.018,19.7563],[-100.0572,19.7642],[-100.0616,19.7646],[-100.0626,19.7579],[-100.058,19.7487],[-100.064,19.7437],[-100.0671,19.75],[-100.0649,19.753],[-100.071,19.7651],[-100.0793,19.7641],[-100.0832,19.7796],[-100.0691,19.778],[-100.0693,19.786],[-100.0723,19.7865],[-100.0857,19.7847],[-100.0906,19.7705],[-100.0951,19.7674],[-100.087,19.7636],[-100.1106,19.7528],[-100.1104,19.7406],[-100.1172,19.7454],[-100.1176,19.7271],[-100.1499,19.7277],[-100.1434,19.7495],[-100.1448,19.7643],[-100.1493,19.7668],[-100.1451,19.7711],[-100.1461,19.7786],[-100.1419,19.7874],[-100.1469,19.798],[-100.1429,19.8035],[-100.1467,19.8128],[-100.1426,19.8288],[-100.1321,19.8514],[-100.126,19.8563],[-100.1032,19.8538],[-100.0946,19.8603]]]}},{"type":"Feature","properties":{"cve_mun":"15004","nombre_municipio":"Almoloya de Alquisiras","cve_ent":"15","nombre_entidad":"México"},"geometry":{"type":"MultiPolygon","coordinates":[[[[-99.8463,18.7763],[-99.8377,18.7762],[-99.8272,18.7616],[-99.8254,18.7528],[-99.8323,18.7401],[-99.8295,18.7339],[-99.8338,18.7287],[-99.8302,18.7047],[-99.8345,18.6965],[-99.8491,18.7061],[-99.8516,18.711],[-99.8742,18.7154],[-99.8659,18.7774],[-99.8597,18.7762],[-99.8567,18.7801],[-99.8463,18.7763]]],[[[-99.8716,18.8968],[-99.8632,18.8883],[-99.8458,18.9006],[-99.8373,18.8996],[-99.8277,18.8897],[-99.8172,18.867],[-99.8093,18.8614],[-99.8009,18.8648],[-99.7885,18.8552],[-99.7801,18.8323],[-99.7841,18.8204],[-99.7924,18.8142],[-99.8017,18.8246],[-99.8107,18.829],[-99.8114,18.8188],[-99.8235,18.8078],[-99.8521,18.8294],[-99.8571,18.8395],[-99.8598,18.8362],[-99.8542,18.8291],[-99.8645,18.7839],[-99.8761,18.7979],[-99.8998,18.8064],[-99.9032,18.811],[-99.9078,18.8103],[-99.9255,18.8355],[-99.9378,18.8359],[-99.9544,18.8456],[-99.9436,18.8588],[-99.9341,18.8591],[-99.9354,18.8741],[-99.9324,18.8792],[-99.9535,18.89],[-99.9463,18.8896],[-99.939,18.8938],[-99.9366,18.9004],[-99.9306,18.9041],[-99.9252,18.9002],[-99.9201,18.9036],[-99.9162,18.9003],[-99.9121,18.904],[-99.9096,18.897],[-99.8992,18.9174],[-99.8716,18.8968]]]]}},{"type":"Feature","properties":{"cve_mun":"15008","nombre_municipio":"Amatepec","cve_ent":"15","nombre_entidad":"México"},"geometry":{"type":"Polygon","coordinates":[[[-100.292,18.813],[-100.2875,18.8018],[-100.2831,18.799],[-100.2807,18.8019],[-100.2781,18.8006],[-100.2771,18.7937],[-100.2737,18.7969],[-100.2695,18.796],[-100.2692,18.8013],[-100.2644,18.7999],[-100.2635,18.795],[-100.2611,18.7975],[-100.255,18.7962],[-100.2541,18.7996],[-100.2448,18.7925],[-100.243,18.7936],[-100.2465,18.7944],[-100.2434,18.797],[-100.2408,18.7947],[-100.2312,18.7974],[-100.2293,18.7948],[-100.2241,18.7968],[-100.2221,18.7943],[-100.2091,18.7937],[-100.2047,18.7958],[-100.2049,18.7997],[-100.1992,18.8001],[-100.1959,18.7965],[-100.1942,18.7996],[-100.1918,18.7973],[-100.1793,18.7986],[-100.1692,18.7953],[-100.1699,18.798],[-100.1639,18.7996],[-100.1605,18.7981],[-100.1611,18.795],[-100.1562,18.7967],[-100.1563,18.7943],[-100.1501,18.7929],[-100.1517,18.7907],[-100.1493,18.7889],[-100.1442,18.7933],[-100.1281,18.7878],[-100.1294,18.7845],[-100.1249,18.7835],[-100.123,18.7795],[-100.1281,18.7664],[-100.126,18.758],[-100.1287,18.7576],[-100.1227,18.7523],[-100.1142,18.7535],[-100.1128,18.7331],[-100.1061,18.7313],[-100.1142,18.7247],[-100.1119,18.717],[-100.1194,18.7024],[-100.0981,18.6899],[-100.094,18.6902],[-100.0896,18.6961],[-100.0877,18.6885],[-100.0806,18.6859],[-100.0843,18.6781],[-100.0733,18.6688],[-100.0669,18.6677],[-100.0573,18.6727],[-100.0455,18.6656],[-100.0358,18.6669],[-100.03,18.6725],[-100.0282,18.6676],[-100.0226,18.6653],[-100.0128,18.669],[-100.0057,18.6682],[-100.004,18.6553],[-100.0111,18.6429],[-100.008,18.6405],[-100.0342,18.6155],[-100.0334,18.6108],[-100.0263,18.6101],[-100.0208,18.6041],[-100.025,18.6069],[-100.0336,18.6062],[-100.0376,18.5966],[-100.0644,18.5859],[-100.0681,18.5912],[-100.0682,18.6028],[-100.0793,18.6165],[-100.0888,18.62],[-100.0884,18.6287],[-100.1096,18.6372],[-100.1174,18.644],[-100.1218,18.6528],[-100.1145,18.6665],[-100.1361,18.6773],[-100.1449,18.6712],[-100.1599,18.6712],[-100.1639,18.6673],[-100.1735,18.6673],[-100.1932,18.6609],[-100.1991,18.6652],[-100.2149,18.6653],[-100.2191,18.6502],[-100.2574,18.6487],[-100.2765,18.6378],[-100.2884,18.643],[-100.2907,18.6534],[-100.3063,18.6526],[-100.3061,18.6604],[-100.3176,18.6554],[-100.3266,18.6579],[-100.3335,18.6543],[-100.3384,18.6464],[-100.3379,18.6406],[-100.3511,18.6316],[-100.3693,18.6289],[-100.3727,18.6246],[-100.38,18.625],[-100.3837,18.6204],[-100.3913,18.628],[-100.4014,18.6275],[-100.4029,18.6211],[-100.412,18.6229],[-100.4165,18.611],[-100.4297,18.5993],[-100.4368,18.6137],[-100.4465,18.6225],[-100.4576,18.6224],[-100.4619,18.6186],[-100.4743,18.6192],[-100.4764,18.6301],[-100.487,18.6404],[-100.4888,18.6484],[-100.4869,18.6576],[-100.4778,18.673],[-100.4787,18.6862],[-100.4734,18.6909],[-100.4545,18.6944],[-100.4471,18.7016],[-100.4499,18.7036],[-100.4504,18.716],[-100.4443,18.7231],[-100.4371,18.7506],[-100.4181,18.7595],[-100.4222,18.7635],[-100.4227,18.7708],[-100.4202,18.7712],[-100.4211,18.7677],[-100.4119,18.7662],[-100.4116,18.7636],[-100.4085,18.7644],[-100.41,18.7679],[-100.4065,18.7713],[-100.4008,18.7723],[-100.3865,18.7679],[-100.3833,18.7636],[-100.381,18.7667],[-100.377,18.7638],[-100.3767,18.7671],[-100.3718,18.7674],[-100.3706,18.7593],[-100.3653,18.7685],[-100.3628,18.7657],[-100.3573,18.7671],[-100.3588,18.7717],[-100.3563,18.7744],[-100.3485,18.7724],[-100.3407,18.7749],[-100.3378,18.7727],[-100.3427,18.7706],[-100.3344,18.7697],[-100.3353,18.777],[-100.3326,18.7749],[-100.328,18.7784],[-100.3165,18.7772],[-100.3151,18.7806],[-100.3156,18.7776],[-100.3123,18.7775],[-100.3087,18.7809],[-100.3142,18.7845],[-100.3162,18.7829],[-100.314,18.7886],[-100.3208,18.7932],[-100.3171,18.7942],[-100.3177,18.7973],[-100.3055,18.7866],[-100.3014,18.7878],[-100.2993,18.794],[-100.3021,18.7967],[-100.2965,18.7997],[-100.292,18.813]]]}},{"type":"Feature","properties":{"cve_mun":"15001","nombre_municipio":"Acambay de Ruíz Castañeda","cve_ent":"15","nombre_entidad":"México"},"geometry":{"type":"Polygon","coordinates":[[[-100.0004,20.0775],[-99.9785,20.074],[-99.9802,20.0591],[-99.9263,20.0643],[-99.9227,20.0562],[-99.9189,20.0573],[-99.9169,20.0384],[-99.9025,20.04],[-99.8979,20.0347],[-99.9051,20.0313],[-99.9006,20.0227],[-99.8853,20.0197],[-99.8864,20.016],[-99.8732,20.016],[-99.8723,20.0103],[-99.8794,20.0051],[-99.8771,19.9996],[-99.8694,19.999],[-99.8627,20.0068],[-99.8466,20.0071],[-99.8367,20.0141],[-99.8265,20.0162],[-99.8293,20.0418],[-99.8383,20.0394],[-99.8389,20.0416],[-99.831,20.0468],[-99.822,20.0428],[-99.8204,20.0547],[-99.7884,20.0454],[-99.787,20.0531],[-99.7828,20.054],[-99.784,20.0452],[-99.7785,20.0332],[-99.7675,20.033],[-99.764,20.0301],[-99.7613,20.0321],[-99.7557,20.0289],[-99.746,20.0333],[-99.7339,20.0168],[-99.7128,20.0163],[-99.7103,20.0202],[-99.6999,20.0188],[-99.7069,20.0152],[-99.7139,20.0001],[-99.7103,19.9954],[-99.7173,19.9777],[-99.7261,19.9764],[-99.7203,19.9686],[-99.7204,19.9542],[-99.7302,19.9497],[-99.7287,19.9459],[-99.7393,19.943],[-99.7431,19.9384],[-99.7488,19.9365],[-99.76,19.9396],[-99.7664,19.9351],[-99.7644,19.9329],[-99.7709,19.9191],[-99.7671,19.914],[-99.7776,19.9008],[-99.7718,19.8945],[-99.7681,19.897],[-99.7658,19.89],[-99.7742,19.8863],[-99.7751,19.8795],[-99.7679,19.8628],[-99.7679,19.8529],[-99.7758,19.8528],[-99.7788,19.8481],[-99.7991,19.8405],[-99.8157,19.8542],[-99.8355,19.8627],[-99.8393,19.8679],[-99.8443,19.859],[-99.8499,19.8562],[-99.8478,19.8746],[-99.8844,19.9016],[-99.8933,19.8898],[-99.8849,19.8889],[-99.8865,19.8859],[-99.8972,19.8836],[-99.9262,19.8906],[-99.9165,19.906],[-99.8988,19.8988],[-99.8909,19.9057],[-99.9223,19.928],[-99.9322,19.9394],[-99.9447,19.9359],[-99.9506,19.9291],[-99.9679,19.9304],[-99.9674,19.946],[-99.9774,19.9673],[-99.9743,19.9713],[-100.0226,19.9957],[-100.0275,19.9975],[-100.0328,19.995],[-100.0571,20.0045],[-100.0733,20.0184],[-100.0769,20.0295],[-100.0656,20.0314],[-100.0662,20.0362],[-100.0581,20.0399],[-100.0442,20.0363],[-100.0276,20.0566],[-100.0056,20.0642],[-100.0004,20.0775]]]}},{"type":"Feature","properties":{"cve_mun":"15011","nombre_municipio":"Atenco","cve_ent":"15","nombre_entidad":"México"},"geometry":{"type":"Polygon","coordinates":[[[-98.9726,19.5965],[-98.9488,19.594],[-98.9489,19.59],[-98.9423,19.5888],[-98.9369,19.5936],[-98.931,19.585],[-98.9283,19.5875],[-98.9258,19.5806],[-98.9109,19.5769],[-98.9104,19.5545],[-98.9059,19.5478],[-98.9004,19.5511],[-98.9003,19.5412],[-98.8928,19.5369],[-98.9103,19.5373],[-98.9131,19.5428],[-98.9155,19.5226],[-98.9536,19.5126],[-99.0145,19.4904],[-99.0134,19.5578],[-99.002,19.5547],[-98.9921,19.5579],[-98.9855,19.5695],[-98.9897,19.5793],[-98.9986,19.5843],[-98.9972,19.5864],[-98.9802,19.5833],[-98.9726,19.5965]]]}},{"type":"Feature","properties":{"cve_mun":"15060","nombre_municipio":"Nicolás Romero","cve_ent":"15","nombre_entidad":"México"},"geometry":{"type":"Polygon","coordinates":[[[-99.3585,19.7049],[-99.3516,19.7012],[-99.3473,19.6894],[-99.3385,19.688],[-99.3362,19.6843],[-99.3397,19.6758],[-99.3309,19.6797],[-99.3247,19.6713],[-99.322,19.6598],[-99.3354,19.6571],[-99.3329,19.6515],[-99.3249,19.6487],[-99.3203,19.6513],[-99.319,19.6452],[-99.3048,19.6462],[-99.2914,19.6605],[-99.2786,19.6628],[-99.2897,19.6441],[-99.2848,19.6382],[-99.2859,19.6349],[-99.2761,19.625],[-99.2765,19.6145],[-99.2661,19.6076],[-99.2693,19.5992],[-99.2904,19.5823],[-99.3202,19.5956],[-99.3295,19.5884],[-99.3346,19.5795],[-99.339,19.5807],[-99.3388,19.5864],[-99.3562,19.579],[-99.359,19.581],[-99.3539,19.5871],[-99.356,19.5923],[-99.3563,19.5897],[-99.3635,19.5888],[-99.3626,19.5865],[-99.3655,19.5881],[-99.3683,19.5831],[-99.3744,19.5825],[-99.3763,19.5793],[-99.3807,19.5826],[-99.411,19.5719],[-99.4232,19.5742],[-99.4324,19.568],[-99.4433,19.5715],[-99.4678,19.5629],[-99.4771,19.5677],[-99.4741,19.5725],[-99.4823,19.5754],[-99.4926,19.5716],[-99.5165,19.5738],[-99.5308,19.589],[-99.5334,19.6014],[-99.5281,19.6043],[-99.5245,19.6153],[-99.4589,19.6154],[-99.4517,19.6556],[-99.4255,19.6511],[-99.4223,19.6694],[-99.4265,19.6711],[-99.4269,19.6758],[-99.4214,19.6765],[-99.4192,19.6871],[-99.4269,19.6897],[-99.4242,19.6951],[-99.4227,19.6911],[-99.4198,19.7],[-99.411,19.6974],[-99.3829,19.7021],[-99.378,19.7],[-99.3786,19.6974],[-99.3676,19.7042],[-99.3585,19.7049]]]}},{"type":"Feature","properties":{"cve_mun":"15013","nombre_municipio":"Atizapán de Zaragoza","cve_ent":"15","nombre_entidad":"México"},"geometry":{"type":"Polygon","coordinates":[[[-99.2412,19.6121],[-99.2171,19.6042],[-99.213,19.5987],[-99.2116,19.5958],[-99.2175,19.5862],[-99.2131,19.5777],[-99.2125,19.5663],[-99.218,19.5666],[-99.2145,19.5605],[-99.2171,19.5576],[-99.2207,19.5599],[-99.22,19.5571],[-99.2284,19.556],[-99.2248,19.5456],[-99.2312,19.545],[-99.2361,19.538],[-99.2345,19.5303],[-99.2371,19.5257],[-99.2413,19.5276],[-99.2418,19.5245],[-99.2456,19.5252],[-99.2495,19.5216],[-99.2481,19.5182],[-99.2633,19.5216],[-99.2631,19.5275],[-99.2597,19.527],[-99.2627,19.529],[-99.2862,19.5367],[-99.2983,19.5315],[-99.3029,19.5202],[-99.3191,19.5159],[-99.3262,19.5482],[-99.3361,19.5506],[-99.3444,19.5571],[-99.3494,19.554],[-99.3488,19.5515],[-99.3543,19.5543],[-99.3362,19.5689],[-99.3313,19.5765],[-99.3346,19.5791],[-99.3339,19.583],[-99.3202,19.5956],[-99.2904,19.5823],[-99.2693,19.5992],[-99.2661,19.6076],[-99.2472,19.6068],[-99.2412,19.6121]]]}},{"type":"Feature","properties":{"cve_mun":"15029","nombre_municipio":"Chicoloapan","cve_ent":"15","nombre_entidad":"México"},"geometry":{"type":"Polygon","coordinates":[[[-98.8803,19.4356],[-98.8768,19.4348],[-98.8739,19.428],[-98.8571,19.4186],[-98.846,19.4161],[-98.8319,19.4183],[-98.8239,19.4125],[-98.7992,19.405],[-98.8012,19.399],[-98.8109,19.4001],[-98.8115,19.4041],[-98.834,19.4016],[-98.851,19.3943],[-98.8531,19.3866],[-98.8747,19.391],[-98.876,19.3823],[-98.8861,19.3803],[-98.8855,19.3731],[-98.893,19.3677],[-98.8928,19.364],[-98.8997,19.3572],[-98.9,19.3661],[-98.898,19.3734],[-98.8954,19.3732],[-98.8951,19.3977],[-98.913,19.4018],[-98.9119,19.4077],[-98.9179,19.4062],[-98.9332,19.3906],[-98.9387,19.3975],[-98.9302,19.406],[-98.9276,19.4048],[-98.922,19.4136],[-98.9267,19.4111],[-98.9244,19.4278],[-98.9025,19.4243],[-98.8929,19.4317],[-98.8873,19.4302],[-98.8854,19.436],[-98.8803,19.4356]]]}},{"type":"Feature","properties":{"cve_mun":"15027","nombre_municipio":"Chapultepec","cve_ent":"15","nombre_entidad":"México"},"geometry":{"type":"Polygon","coordinates":[[[-99.5137,19.2214],[-99.5157,19.2147],[-99.5279,19.2149],[-99.5288,19.2104],[-99.5411,19.2099],[-99.5412,19.2],[-99.5458,19.1938],[-99.5657,19.1932],[-99.5635,19.1876],[-99.5796,19.1871],[-99.5773,19.1958],[-99.5799,19.1958],[-99.5797,19.2004],[-99.5709,19.2064],[-99.5518,19.2051],[-99.5529,19.2218],[-99.5137,19.2214]]]}},{"type":"Feature","properties":{"cve_mun":"15058","nombre_municipio":"Nezahualcóyotl","cve_ent":"15","nombre_entidad":"México"},"geometry":{"type":"Polygon","coordinates":[[[-99.0625,19.498],[-99.0288,19.4846],[-99.0269,19.4347],[-98.9836,19.4249],[-98.9887,19.4126],[-98.9782,19.3945],[-98.967,19.391],[-98.972,19.3838],[-98.9659,19.3733],[-98.9884,19.3691],[-98.9892,19.3662],[-99.0581,19.4007],[-99.0552,19.4243],[-99.0465,19.4424],[-99.068,19.4891],[-99.0625,19.498]]]}},{"type":"Feature","properties":{"cve_mun":"15046","nombre_municipio":"Jilotzingo","cve_ent":"15","nombre_entidad":"México"},"geometry":{"type":"Polygon","coordinates":[[[-99.344,19.5567],[-99.3361,19.5506],[-99.3259,19.5479],[-99.3198,19.5164],[-99.3255,19.515],[-99.3349,19.5018],[-99.3393,19.5025],[-99.3408,19.4977],[-99.3355,19.4947],[-99.3499,19.4945],[-99.353,19.4853],[-99.3633,19.4767],[-99.3688,19.4556],[-99.3722,19.4534],[-99.3712,19.4483],[-99.384,19.4383],[-99.3961,19.4401],[-99.4084,19.4476],[-99.4116,19.4554],[-99.4419,19.4878],[-99.4329,19.4907],[-99.449,19.4951],[-99.4538,19.5006],[-99.4751,19.5111],[-99.4657,19.5141],[-99.4537,19.5298],[-99.4276,19.5426],[-99.4145,19.5424],[-99.3998,19.5525],[-99.3857,19.5408],[-99.3785,19.5508],[-99.368,19.5557],[-99.3488,19.5515],[-99.3494,19.554],[-99.344,19.5567]]]}},{"type":"Feature","properties":{"cve_mun":"15105","nombre_municipio":"Tlatlaya","cve_ent":"15","nombre_entidad":"México"},"geometry":{"type":"Polygon","coordinates":[[[-100.1354,18.6771],[-100.1145,18.6665],[-100.1218,18.6528],[-100.1172,18.6438],[-100.1096,18.6372],[-100.0884,18.6287],[-100.0888,18.62],[-100.0793,18.6165],[-100.0682,18.6028],[-100.0681,18.5912],[-100.0718,18.5937],[-100.0824,18.5879],[-100.0707,18.5828],[-100.0689,18.5644],[-100.0818,18.5404],[-100.0853,18.5386],[-100.09,18.5222],[-100.1045,18.524],[-100.1227,18.5165],[-100.118,18.5137],[-100.1186,18.51],[-100.1225,18.5102],[-100.1185,18.506],[-100.128,18.5078],[-100.127,18.5026],[-100.1303,18.5032],[-100.1322,18.5],[-100.1336,18.5063],[-100.1362,18.5061],[-100.1452,18.498],[-100.1456,18.488],[-100.1588,18.4918],[-100.1593,18.4888],[-100.1561,18.4901],[-100.1575,18.4868],[-100.1662,18.4865],[-100.1653,18.4797],[-100.1694,18.4791],[-100.1704,18.4834],[-100.1742,18.4817],[-100.172,18.4715],[-100.1824,18.4681],[-100.1806,18.4641],[-100.1849,18.4583],[-100.1881,18.4591],[-100.1857,18.4551],[-100.2001,18.4567],[-100.1992,18.4519],[-100.2087,18.4412],[-100.2087,18.4492],[-100.2171,18.4459],[-100.2244,18.4341],[-100.2275,18.4354],[-100.227,18.4309],[-100.2315,18.4319],[-100.234,18.4237],[-100.2343,18.4262],[-100.238,18.4252],[-100.2353,18.4224],[-100.2364,18.4168],[-100.2456,18.4187],[-100.2483,18.4268],[-100.2595,18.4274],[-100.259,18.4184],[-100.2604,18.4156],[-100.2632,18.4174],[-100.2611,18.4129],[-100.2656,18.4122],[-100.2638,18.4085],[-100.2673,18.4066],[-100.2706,18.3937],[-100.2679,18.3795],[-100.2731,18.3725],[-100.2771,18.3725],[-100.2788,18.3808],[-100.2838,18.3779],[-100.292,18.3816],[-100.2933,18.3753],[-100.3038,18.367],[-100.3156,18.3814],[-100.3196,18.3806],[-100.3461,18.4003],[-100.3594,18.4235],[-100.3741,18.423],[-100.3854,18.4265],[-100.3803,18.4557],[-100.3675,18.4754],[-100.362,18.4968],[-100.3737,18.5291],[-100.3824,18.5373],[-100.396,18.5405],[-100.4059,18.5335],[-100.4114,18.5207],[-100.4291,18.51],[-100.4349,18.5288],[-100.4466,18.5457],[-100.4494,18.5566],[-100.4369,18.5852],[-100.4369,18.5965],[-100.4263,18.6003],[-100.4207,18.6097],[-100.4165,18.611],[-100.412,18.6229],[-100.4029,18.6211],[-100.4014,18.6275],[-100.3913,18.628],[-100.3837,18.6204],[-100.38,18.625],[-100.3727,18.6246],[-100.3693,18.6289],[-100.3511,18.6316],[-100.3379,18.6406],[-100.3384,18.6464],[-100.3335,18.6543],[-100.3266,18.6579],[-100.3176,18.6554],[-100.3061,18.6604],[-100.3063,18.6526],[-100.2907,18.6534],[-100.2884,18.643],[-100.2765,18.6378],[-100.2574,18.6487],[-100.2191,18.6502],[-100.2149,18.6653],[-100.1991,18.6652],[-100.1932,18.6609],[-100.1735,18.6673],[-100.1639,18.6673],[-100.1599,18.6712],[-100.1449,18.6712],[-100.1354,18.6771]]]}},{"type":"Feature","properties":{"cve_mun":"15033","nombre_municipio":"Ecatepec de Morelos","cve_ent":"15","nombre_entidad":"México"},"geometry":{"type":"Polygon","coordinates":[[[-99.0626,19.659],[-99.04,19.6142],[-99.0249,19.6154],[-99.01,19.6266],[-99.0176,19.64],[-99.013,19.6455],[-99.0051,19.6469],[-99.0042,19.6518],[-98.9885,19.6515],[-98.9798,19.6487],[-98.9758,19.6439],[-98.9838,19.6075],[-98.9986,19.5843],[-98.9897,19.5793],[-98.9855,19.5695],[-98.9945,19.5564],[-99.0047,19.5548],[-99.0134,19.5578],[-99.0152,19.4871],[-99.0295,19.4847],[-99.0904,19.5095],[-99.0872,19.5166],[-99.0907,19.522],[-99.0802,19.5295],[-99.0885,19.5375],[-99.0912,19.5522],[-99.0987,19.5601],[-99.0964,19.5623],[-99.0985,19.5712],[-99.1129,19.5733],[-99.1186,19.5845],[-99.1179,19.5908],[-99.0883,19.5892],[-99.0865,19.5972],[-99.0922,19.6004],[-99.0743,19.6364],[-99.0725,19.6571],[-99.0626,19.659]]]}},{"type":"Feature","properties":{"cve_mun":"15043","nombre_municipio":"Xalatlaco","cve_ent":"15","nombre_entidad":"México"},"geometry":{"type":"Polygon","coordinates":[[[-99.3061,19.2061],[-99.2876,19.1466],[-99.2787,19.1317],[-99.2953,19.1227],[-99.3007,19.1215],[-99.3148,19.13],[-99.3245,19.1265],[-99.4093,19.148],[-99.4574,19.1506],[-99.4562,19.1587],[-99.4481,19.1701],[-99.4519,19.1739],[-99.4408,19.1871],[-99.4205,19.1839],[-99.407,19.1908],[-99.3678,19.1957],[-99.3517,19.2016],[-99.3437,19.1996],[-99.3377,19.204],[-99.3204,19.2061],[-99.3175,19.21],[-99.3068,19.2111],[-99.3061,19.2061]]]}},{"type":"Feature","properties":{"cve_mun":"15074","nombre_municipio":"San Felipe del Progreso","cve_ent":"15","nombre_entidad":"México"},"geometry":{"type":"Polygon","coordinates":[[[-100.0705,19.764],[-100.064,19.7437],[-100.058,19.7487],[-100.0626,19.7579],[-100.0616,19.7646],[-100.018,19.7563],[-100.0175,19.7499],[-100.0281,19.7386],[-100.0289,19.7313],[-100.0146,19.7341],[-100.0066,19.7514],[-99.986,19.7488],[-99.9833,19.7361],[-99.9757,19.7368],[-99.9762,19.7394],[-99.9442,19.7332],[-99.9367,19.7377],[-99.9189,19.7364],[-99.9262,19.7285],[-99.9071,19.724],[-99.9059,19.7265],[-99.8875,19.7198],[-99.9064,19.7152],[-99.9001,19.7063],[-99.9032,19.6924],[-99.8975,19.6867],[-99.9067,19.6851],[-99.9014,19.6694],[-99.8942,19.6593],[-99.8859,19.6619],[-99.8789,19.6422],[-99.8672,19.6303],[-99.9113,19.5859],[-99.902,19.5737],[-99.9165,19.5611],[-99.9106,19.5603],[-99.9148,19.5518],[-99.8999,19.5493],[-99.9018,19.5453],[-99.9368,19.5508],[-99.929,19.5394],[-99.9303,19.5331],[-99.9489,19.5388],[-99.9404,19.5571],[-99.9275,19.5544],[-99.9252,19.5691],[-99.9437,19.572],[-99.9421,19.5582],[-99.9548,19.5575],[-99.9576,19.5428],[-99.995,19.5495],[-99.9936,19.5608],[-100.0144,19.555],[-100.0085,19.5814],[-100.0289,19.5856],[-100.0301,19.5799],[-100.0504,19.5838],[-100.0491,19.5896],[-100.0523,19.593],[-100.0575,19.5912],[-100.0682,19.599],[-100.074,19.5979],[-100.0713,19.6301],[-100.0674,19.6352],[-100.0732,19.6365],[-100.0564,19.6496],[-100.0697,19.6595],[-100.0739,19.6586],[-100.0744,19.6673],[-100.0846,19.6672],[-100.0837,19.6774],[-100.0778,19.6783],[-100.0751,19.7146],[-100.0646,19.7127],[-100.0636,19.7303],[-100.0667,19.73],[-100.0793,19.7641],[-100.0705,19.764]]]}},{"type":"Feature","properties":{"cve_mun":"15087","nombre_municipio":"Temoaya","cve_ent":"15","nombre_entidad":"México"},"geometry":{"type":"Polygon","coordinates":[[[-99.5309,19.5823],[-99.5236,19.5818],[-99.5165,19.5738],[-99.5244,19.5734],[-99.5209,19.5498],[-99.5224,19.5415],[-99.5008,19.536],[-99.5049,19.5256],[-99.4893,19.5114],[-99.4947,19.5079],[-99.5027,19.5081],[-99.5039,19.5041],[-99.5098,19.5013],[-99.5287,19.499],[-99.5299,19.4938],[-99.5453,19.4839],[-99.5501,19.4715],[-99.5637,19.472],[-99.5703,19.46],[-99.5654,19.4454],[-99.5677,19.43],[-99.5801,19.4279],[-99.5819,19.4236],[-99.5908,19.425],[-99.597,19.4089],[-99.5844,19.4062],[-99.5807,19.4141],[-99.5717,19.4154],[-99.5766,19.4034],[-99.5661,19.4025],[-99.5675,19.401],[-99.5765,19.3981],[-99.5984,19.4064],[-99.607,19.406],[-99.6096,19.409],[-99.6154,19.4062],[-99.6381,19.4303],[-99.6468,19.4352],[-99.642,19.4743],[-99.6619,19.4758],[-99.6591,19.4909],[-99.6614,19.4918],[-99.6673,19.4909],[-99.6688,19.4676],[-99.6638,19.4409],[-99.6743,19.4351],[-99.6661,19.4456],[-99.6776,19.4429],[-99.6729,19.4476],[-99.6837,19.4514],[-99.694,19.439],[-99.6943,19.4278],[-99.7069,19.4209],[-99.706,19.4384],[-99.7188,19.4386],[-99.7184,19.4472],[-99.7022,19.4642],[-99.7077,19.4662],[-99.7105,19.4629],[-99.7143,19.4669],[-99.7133,19.4696],[-99.7197,19.4687],[-99.718,19.474],[-99.7229,19.4745],[-99.7269,19.4799],[-99.7311,19.4789],[-99.7293,19.4819],[-99.7135,19.4807],[-99.7064,19.4983],[-99.6979,19.5083],[-99.6961,19.5225],[-99.6859,19.5217],[-99.6884,19.5136],[-99.6864,19.4993],[-99.6821,19.5063],[-99.674,19.5062],[-99.6712,19.4984],[-99.6645,19.5076],[-99.6552,19.5082],[-99.6555,19.4832],[-99.6527,19.4826],[-99.6371,19.5049],[-99.6282,19.5005],[-99.5995,19.5179],[-99.5775,19.5261],[-99.5741,19.5242],[-99.5544,19.5705],[-99.5422,19.5808],[-99.5309,19.5823]]]}},{"type":"Feature","properties":{"cve_mun":"15104","nombre_municipio":"Tlalnepantla de Baz","cve_ent":"15","nombre_entidad":"México"},"geometry":{"type":"MultiPolygon","coordinates":[[[[-99.0886,19.5377],[-99.0802,19.5295],[-99.0907,19.522],[-99.0872,19.5166],[-99.0904,19.5095],[-99.0974,19.5126],[-99.1073,19.5097],[-99.1144,19.5111],[-99.1259,19.5212],[-99.1274,19.5351],[-99.1306,19.5361],[-99.1081,19.5649],[-99.1129,19.5733],[-99.0985,19.5712],[-99.0964,19.5623],[-99.0987,19.5601],[-99.0912,19.5522],[-99.0886,19.5377]]],[[[-99.2088,19.5889],[-99.196,19.5901],[-99.1912,19.5855],[-99.1922,19.5779],[-99.1821,19.5752],[-99.1642,19.5798],[-99.1435,19.5723],[-99.1492,19.562],[-99.1561,19.5602],[-99.1609,19.5493],[-99.1511,19.5448],[-99.1585,19.5339],[-99.1558,19.5324],[-99.1568,19.5281],[-99.176,19.532],[-99.177,19.5293],[-99.1714,19.5272],[-99.1742,19.5235],[-99.163,19.518],[-99.1572,19.5028],[-99.2047,19.5151],[-99.2102,19.5111],[-99.2138,19.4973],[-99.2138,19.5041],[-99.2204,19.507],[-99.219,19.51],[-99.2298,19.5181],[-99.2374,19.5199],[-99.2366,19.5225],[-99.2476,19.5185],[-99.2495,19.5216],[-99.2454,19.5253],[-99.2418,19.5245],[-99.2414,19.5275],[-99.2371,19.5257],[-99.2345,19.5303],[-99.2361,19.538],[-99.2312,19.545],[-99.225,19.5452],[-99.2284,19.556],[-99.2145,19.5605],[-99.218,19.5666],[-99.2125,19.5663],[-99.2148,19.5735],[-99.2122,19.5741],[-99.2175,19.5862],[-99.2118,19.5956],[-99.2088,19.5889]]]]}},{"type":"Feature","properties":{"cve_mun":"15096","nombre_municipio":"Tequixquiac","cve_ent":"15","nombre_entidad":"México"},"geometry":{"type":"Polygon","coordinates":[[[-99.1739,19.9638],[-99.1738,19.9566],[-99.1692,19.9531],[-99.1691,19.9439],[-99.162,19.9309],[-99.1461,19.93],[-99.1459,19.9367],[-99.14,19.9423],[-99.143,19.9586],[-99.1265,19.945],[-99.1104,19.9445],[-99.1098,19.9482],[-99.1031,19.9493],[-99.1023,19.9433],[-99.092,19.9448],[-99.0933,19.9421],[-99.0586,19.9355],[-99.0686,19.9214],[-99.0909,19.9165],[-99.0836,19.9083],[-99.1022,19.8861],[-99.1077,19.8996],[-99.1135,19.9041],[-99.1111,19.8992],[-99.1156,19.8936],[-99.1079,19.8885],[-99.1202,19.8879],[-99.1158,19.852],[-99.118,19.8524],[-99.1174,19.8445],[-99.1211,19.8377],[-99.1247,19.8357],[-99.1199,19.8321],[-99.1226,19.8239],[-99.1289,19.8276],[-99.1293,19.8228],[-99.1392,19.8303],[-99.139,19.826],[-99.1435,19.8264],[-99.1466,19.836],[-99.1424,19.8501],[-99.1511,19.858],[-99.1737,19.8568],[-99.1856,19.8602],[-99.1718,19.8725],[-99.1886,19.8761],[-99.1958,19.8932],[-99.207,19.8934],[-99.2072,19.8879],[-99.218,19.8888],[-99.2239,19.902],[-99.2202,19.9024],[-99.2192,19.9114],[-99.2107,19.9145],[-99.2056,19.9275],[-99.2092,19.9324],[-99.2115,19.9243],[-99.2186,19.9272],[-99.2278,19.9511],[-99.2058,19.9538],[-99.1982,19.9518],[-99.1994,19.9408],[-99.192,19.9418],[-99.1931,19.9437],[-99.1822,19.9511],[-99.1804,19.9585],[-99.1739,19.9638]]]}},{"type":"Feature","properties":{"cve_mun":"15086","nombre_municipio":"Temascaltepec","cve_ent":"15","nombre_entidad":"México"},"geometry":{"type":"Polygon","coordinates":[[[-99.8735,19.2354],[-99.8668,19.2172],[-99.8771,19.2165],[-99.8842,19.2049],[-99.8602,19.193],[-99.8575,19.1976],[-99.847,19.1855],[-99.8502,19.1781],[-99.8456,19.1756],[-99.847,19.1691],[-99.8511,19.1659],[-99.8708,19.159],[-99.8784,19.1593],[-99.8407,19.1504],[-99.8344,19.1344],[-99.8341,19.1248],[-99.8427,19.0865],[-99.8479,19.077],[-99.8299,19.0744],[-99.8291,19.0674],[-99.8338,19.0667],[-99.8456,19.0539],[-99.8454,19.05],[-99.8308,19.0536],[-99.8165,19.0415],[-99.8371,19.0349],[-99.8354,19.0276],[-99.8529,19.0301],[-99.852,18.9955],[-99.8835,19.0052],[-99.8817,19.0168],[-99.8956,19.0197],[-99.902,18.9832],[-99.9327,18.9884],[-99.9322,18.9911],[-99.9589,18.9978],[-99.9482,19.0086],[-99.9277,19.0194],[-99.9737,19.0175],[-99.9939,19.026],[-100.0,19.0323],[-100.0126,19.0345],[-100.0196,19.0293],[-100.0392,19.0335],[-100.0573,19.0172],[-100.087,19.0187],[-100.0934,19.0174],[-100.0966,19.013],[-100.1233,19.0223],[-100.1269,19.0188],[-100.1365,19.0187],[-100.1381,19.0137],[-100.1528,19.0099],[-100.1553,19.0065],[-100.1513,19.0032],[-100.1584,18.9871],[-100.1742,18.979],[-100.1876,18.9957],[-100.2112,19.0009],[-100.2193,19.0056],[-100.2181,19.0102],[-100.2245,19.0134],[-100.2401,19.0145],[-100.2316,19.0216],[-100.2283,19.0307],[-100.2321,19.0492],[-100.2369,19.053],[-100.2371,19.0642],[-100.2313,19.069],[-100.2255,19.0685],[-100.2206,19.0788],[-100.2202,19.0964],[-100.2134,19.1104],[-100.2148,19.1179],[-100.1894,19.0975],[-100.1644,19.0898],[-100.1434,19.0903],[-100.1371,19.0933],[-100.1366,19.0968],[-100.1294,19.0932],[-100.1309,19.0907],[-100.1246,19.0896],[-100.1185,19.0812],[-100.1042,19.0824],[-100.0983,19.0787],[-100.098,19.0842],[-100.0898,19.087],[-100.0864,19.0936],[-100.0781,19.0899],[-100.0769,19.0838],[-100.0731,19.0814],[-100.06,19.0814],[-100.0569,19.0849],[-100.0599,19.0893],[-100.0613,19.1111],[-100.0581,19.1121],[-100.058,19.1244],[-100.0509,19.123],[-100.0467,19.1172],[-100.0268,19.1219],[-100.0202,19.1135],[-100.015,19.1147],[-100.0125,19.1233],[-100.0062,19.1225],[-100.0058,19.1126],[-100.0007,19.1116],[-99.9907,19.1208],[-99.9911,19.1288],[-99.9948,19.1324],[-99.9908,19.1346],[-99.9952,19.138],[-99.9943,19.143],[-99.9882,19.1351],[-99.977,19.1408],[-99.971,19.1548],[-99.9632,19.1638],[-99.9593,19.1755],[-99.9708,19.1865],[-99.9285,19.1944],[-99.9146,19.2038],[-99.9053,19.2317],[-99.9006,19.2334],[-99.901,19.2246],[-99.8975,19.2237],[-99.8807,19.2294],[-99.8801,19.2352],[-99.8735,19.2354]]]}},{"type":"Feature","properties":{"cve_mun":"15082","nombre_municipio":"Tejupilco","cve_ent":"15","nombre_entidad":"México"},"geometry":{"type":"Polygon","coordinates":[[[-100.1229,19.0222],[-100.098,19.0143],[-100.1026,19.0027],[-100.0996,18.9956],[-100.0756,18.977],[-100.0848,18.9639],[-100.0841,18.9576],[-100.0874,18.9539],[-100.0967,18.9588],[-100.1084,18.952],[-100.1131,18.9449],[-100.1158,18.9366],[-100.1058,18.9221],[-100.1007,18.9195],[-100.0958,18.9218],[-100.0795,18.9102],[-100.0745,18.9188],[-100.06,18.9305],[-100.0376,18.9322],[-100.0302,18.9392],[-100.0132,18.9404],[-99.9971,18.9224],[-99.9911,18.9099],[-100.0087,18.8965],[-100.0078,18.8881],[-100.0121,18.8789],[-100.0088,18.8713],[-100.0279,18.8654],[-100.0291,18.8547],[-100.0327,18.8527],[-100.0338,18.8468],[-100.0383,18.8456],[-100.0387,18.8417],[-100.0427,18.8413],[-100.0404,18.8375],[-100.0456,18.8335],[-100.0467,18.8273],[-100.0532,18.8244],[-100.057,18.8169],[-100.0667,18.8171],[-100.0752,18.8135],[-100.0775,18.8096],[-100.0796,18.8111],[-100.0793,18.8088],[-100.087,18.8063],[-100.0869,18.8035],[-100.0929,18.8012],[-100.0954,18.8027],[-100.094,18.8051],[-100.1031,18.8054],[-100.1025,18.7982],[-100.1096,18.796],[-100.1196,18.8025],[-100.1227,18.7987],[-100.1362,18.7966],[-100.138,18.7896],[-100.1446,18.7933],[-100.1486,18.7889],[-100.1517,18.7907],[-100.1501,18.7929],[-100.1563,18.7943],[-100.1562,18.7967],[-100.1611,18.795],[-100.1605,18.7981],[-100.1639,18.7996],[-100.1699,18.798],[-100.1692,18.7953],[-100.1793,18.7986],[-100.1918,18.7973],[-100.1942,18.7996],[-100.1959,18.7965],[-100.1992,18.8001],[-100.2049,18.7997],[-100.2047,18.7958],[-100.2091,18.7937],[-100.2221,18.7943],[-100.2241,18.7968],[-100.2293,18.7948],[-100.2312,18.7974],[-100.2408,18.7947],[-100.2434,18.797],[-100.2465,18.7944],[-100.243,18.7936],[-100.2448,18.7925],[-100.2541,18.7996],[-100.255,18.7962],[-100.2611,18.7975],[-100.2635,18.795],[-100.2644,18.7999],[-100.2692,18.8013],[-100.2695,18.796],[-100.2737,18.7969],[-100.2771,18.7937],[-100.2781,18.8006],[-100.2807,18.8019],[-100.2831,18.799],[-100.2875,18.8018],[-100.2923,18.8132],[-100.2965,18.7997],[-100.3021,18.7967],[-100.2992,18.7934],[-100.3017,18.7876],[-100.3055,18.7866],[-100.3177,18.7973],[-100.3171,18.7942],[-100.3208,18.7932],[-100.314,18.7886],[-100.3162,18.7829],[-100.3085,18.7823],[-100.3123,18.7775],[-100.3156,18.7776],[-100.3151,18.7806],[-100.3165,18.7772],[-100.328,18.7784],[-100.3326,18.7749],[-100.3353,18.777],[-100.3342,18.77],[-100.3364,18.7694],[-100.3432,18.771],[-100.3378,18.7727],[-100.3407,18.7749],[-100.3485,18.7724],[-100.3563,18.7744],[-100.3588,18.7717],[-100.3573,18.7671],[-100.3628,18.7657],[-100.3653,18.7685],[-100.3706,18.7593],[-100.3718,18.7674],[-100.3767,18.7671],[-100.377,18.7638],[-100.381,18.7667],[-100.3833,18.7636],[-100.3961,18.7721],[-100.4063,18.7715],[-100.4112,18.7636],[-100.4175,18.7686],[-100.4212,18.7678],[-100.4216,18.7716],[-100.4222,18.7635],[-100.4278,18.7666],[-100.4264,18.7743],[-100.4318,18.7755],[-100.4309,18.7835],[-100.4353,18.7796],[-100.4366,18.7831],[-100.4409,18.7819],[-100.4418,18.7765],[-100.4505,18.78],[-100.4507,18.7828],[-100.4535,18.7784],[-100.4572,18.7787],[-100.4557,18.7843],[-100.4594,18.7969],[-100.4651,18.7944],[-100.4818,18.7987],[-100.4903,18.7893],[-100.4976,18.806],[-100.4899,18.8104],[-100.4935,18.8239],[-100.5022,18.8309],[-100.514,18.8293],[-100.5386,18.8441],[-100.5377,18.847],[-100.5297,18.8464],[-100.5275,18.849],[-100.5186,18.8462],[-100.5155,18.8516],[-100.5011,18.8509],[-100.4937,18.8473],[-100.4856,18.8495],[-100.4724,18.8464],[-100.4606,18.8367],[-100.4488,18.8352],[-100.4495,18.8306],[-100.4447,18.8261],[-100.4395,18.8302],[-100.4391,18.8262],[-100.4259,18.8236],[-100.422,18.8168],[-100.4175,18.8166],[-100.4157,18.8252],[-100.4018,18.83],[-100.3987,18.827],[-100.3964,18.8299],[-100.3941,18.8384],[-100.3983,18.849],[-100.3912,18.8567],[-100.3873,18.857],[-100.3767,18.8773],[-100.3691,18.8737],[-100.3629,18.8751],[-100.3527,18.8685],[-100.3437,18.8709],[-100.3181,18.8591],[-100.3151,18.8481],[-100.2976,18.8405],[-100.2952,18.8361],[-100.2893,18.8415],[-100.2731,18.8461],[-100.2722,18.856],[-100.2647,18.8583],[-100.2584,18.8558],[-100.252,18.8617],[-100.2562,18.8748],[-100.2497,18.8901],[-100.2451,18.8908],[-100.2413,18.9029],[-100.2502,18.9217],[-100.2347,18.9319],[-100.2329,18.9391],[-100.2484,18.9597],[-100.2432,18.9644],[-100.2363,18.9633],[-100.2332,18.9675],[-100.2387,18.9699],[-100.2404,18.9751],[-100.2435,18.9738],[-100.2427,18.9775],[-100.2507,18.9799],[-100.2574,18.9996],[-100.2714,19.0022],[-100.2729,19.0058],[-100.2761,19.0046],[-100.2809,19.01],[-100.2829,19.0085],[-100.2824,19.0124],[-100.2876,19.0148],[-100.28,19.0161],[-100.276,19.0099],[-100.2725,19.0121],[-100.2703,19.0073],[-100.2561,19.0114],[-100.2512,19.0094],[-100.2468,19.0149],[-100.2447,19.0127],[-100.2245,19.0134],[-100.2181,19.0102],[-100.2193,19.0056],[-100.2112,19.0009],[-100.1876,18.9957],[-100.1736,18.979],[-100.1584,18.9871],[-100.1513,19.0032],[-100.1553,19.0065],[-100.1528,19.0099],[-100.1381,19.0137],[-100.1367,19.0186],[-100.1269,19.0188],[-100.1229,19.0222]]]}},{"type":"Feature","properties":{"cve_mun":"15102","nombre_municipio":"Timilpan","cve_ent":"15","nombre_entidad":"México"},"geometry":{"type":"Polygon","coordinates":[[[-99.6937,20.049],[-99.6929,20.0413],[-99.6976,20.0366],[-99.6964,20.0333],[-99.6998,20.0342],[-99.6977,20.0207],[-99.6929,20.0194],[-99.6934,20.0149],[-99.6839,20.0072],[-99.676,20.0071],[-99.678,20.0017],[-99.6915,20.0027],[-99.6955,19.9821],[-99.6747,19.9763],[-99.6892,19.9657],[-99.6923,19.9563],[-99.7035,19.9562],[-99.7219,19.9418],[-99.7282,19.9414],[-99.7353,19.9339],[-99.7331,19.9315],[-99.7365,19.9289],[-99.7354,19.9232],[-99.7328,19.9205],[-99.7106,19.9317],[-99.695,19.924],[-99.6743,19.9302],[-99.673,19.9346],[-99.661,19.937],[-99.6584,19.9351],[-99.647,19.9421],[-99.6402,19.9317],[-99.6543,19.9125],[-99.6546,19.8971],[-99.6668,19.8876],[-99.662,19.8748],[-99.6704,19.8406],[-99.6831,19.8351],[-99.7203,19.8397],[-99.7274,19.8353],[-99.7299,19.8258],[-99.7443,19.827],[-99.7451,19.8129],[-99.7491,19.8062],[-99.7396,19.8024],[-99.7487,19.7954],[-99.7639,19.8012],[-99.7797,19.813],[-99.7692,19.8238],[-99.7729,19.8288],[-99.7854,19.8335],[-99.7895,19.846],[-99.7788,19.8481],[-99.7758,19.8528],[-99.7679,19.8529],[-99.7667,19.8574],[-99.7752,19.8785],[-99.7742,19.8863],[-99.7658,19.89],[-99.7681,19.897],[-99.7718,19.8945],[-99.7776,19.9008],[-99.7671,19.914],[-99.7709,19.9191],[-99.7644,19.9329],[-99.7663,19.9354],[-99.76,19.9396],[-99.7488,19.9365],[-99.7431,19.9384],[-99.7393,19.943],[-99.7287,19.9459],[-99.7302,19.9497],[-99.7204,19.9542],[-99.7203,19.9686],[-99.7261,19.9764],[-99.7173,19.9777],[-99.7103,19.9954],[-99.7139,20.0001],[-99.7069,20.0152],[-99.6998,20.0187],[-99.7103,20.0202],[-99.7128,20.0163],[-99.7177,20.0161],[-99.7232,20.0198],[-99.7165,20.0217],[-99.7208,20.0271],[-99.7112,20.0261],[-99.7125,20.0338],[-99.7056,20.0403],[-99.7001,20.0389],[-99.6999,20.0446],[-99.6937,20.049]]]}},{"type":"Feature","properties":{"cve_mun":"15055","nombre_municipio":"Mexicaltzingo","cve_ent":"15","nombre_entidad":"México"},"geometry":{"type":"Polygon","coordinates":[[[-99.6004,19.2234],[-99.5901,19.2203],[-99.5529,19.2218],[-99.5518,19.2051],[-99.5822,19.2051],[-99.5818,19.2],[-99.5886,19.2015],[-99.595,19.1966],[-99.611,19.199],[-99.6078,19.2168],[-99.5997,19.217],[-99.6004,19.2234]]]}},{"type":"Feature","properties":{"cve_mun":"15069","nombre_municipio":"Papalotla","cve_ent":"15","nombre_entidad":"México"},"geometry":{"type":"Polygon","coordinates":[[[-98.8539,19.5676],[-98.8471,19.5636],[-98.8501,19.5562],[-98.8463,19.5548],[-98.8469,19.5496],[-98.8668,19.5552],[-98.8654,19.5597],[-98.8732,19.5608],[-98.8697,19.5669],[-98.8633,19.5651],[-98.8539,19.5676]]]}},{"type":"Feature","properties":{"cve_mun":"15097","nombre_municipio":"Texcaltitlán","cve_ent":"15","nombre_entidad":"México"},"geometry":{"type":"Polygon","coordinates":[[[-99.8946,19.0195],[-99.8817,19.0168],[-99.8862,18.9924],[-99.8826,18.9801],[-99.8554,18.9756],[-99.8609,18.9547],[-99.869,18.9434],[-99.8738,18.9282],[-99.892,18.9302],[-99.8942,18.9134],[-99.8992,18.9174],[-99.9034,18.913],[-99.9096,18.897],[-99.9121,18.904],[-99.9162,18.9003],[-99.9201,18.9036],[-99.9252,18.9002],[-99.9306,18.9041],[-99.9369,18.9002],[-99.939,18.8938],[-99.9463,18.8896],[-99.9554,18.8896],[-99.9613,18.8851],[-99.9578,18.8753],[-99.9595,18.8719],[-99.9736,18.8724],[-99.9839,18.8624],[-99.9953,18.8706],[-100.0087,18.8711],[-100.0121,18.8789],[-100.0078,18.8881],[-100.0088,18.8963],[-99.9911,18.9095],[-99.9971,18.9224],[-100.0132,18.9404],[-100.0083,18.9477],[-99.9956,18.9543],[-99.9881,18.9712],[-99.9736,18.9799],[-99.9589,18.9978],[-99.9322,18.9911],[-99.9327,18.9884],[-99.902,18.9832],[-99.8946,19.0195]]]}},{"type":"Feature","properties":{"cve_mun":"15080","nombre_municipio":"Sultepec","cve_ent":"15","nombre_entidad":"México"},"geometry":{"type":"Polygon","coordinates":[[[-99.9535,18.8898],[-99.9324,18.8792],[-99.9354,18.8741],[-99.9341,18.8591],[-99.9436,18.8588],[-99.9544,18.8456],[-99.9378,18.8359],[-99.9255,18.8355],[-99.9078,18.8103],[-99.9032,18.811],[-99.8998,18.8064],[-99.8761,18.7979],[-99.8645,18.7839],[-99.8474,18.7799],[-99.8448,18.7761],[-99.8567,18.7801],[-99.8597,18.7762],[-99.8659,18.7774],[-99.8742,18.7154],[-99.8919,18.7152],[-99.9057,18.7104],[-99.9052,18.692],[-99.9013,18.6919],[-99.9034,18.6889],[-99.8998,18.6845],[-99.8956,18.6649],[-99.8996,18.659],[-99.8906,18.65],[-99.8976,18.6437],[-99.9103,18.6445],[-99.9152,18.6385],[-99.9286,18.6323],[-99.9223,18.6129],[-99.9259,18.6124],[-99.927,18.6058],[-99.9354,18.6017],[-99.9483,18.6017],[-99.9449,18.5985],[-99.9491,18.5977],[-99.9487,18.5953],[-99.9429,18.5899],[-99.9472,18.5879],[-99.953,18.5725],[-99.9606,18.5673],[-99.9579,18.5649],[-99.961,18.5637],[-99.9617,18.553],[-99.9897,18.5697],[-100.0016,18.5639],[-100.0036,18.5675],[-99.9993,18.5836],[-100.0106,18.5904],[-100.0151,18.5997],[-100.0252,18.6096],[-100.0336,18.6112],[-100.0342,18.6155],[-100.008,18.6405],[-100.0111,18.6429],[-100.004,18.6553],[-100.0057,18.6682],[-100.0128,18.669],[-100.0226,18.6653],[-100.0282,18.6676],[-100.03,18.6725],[-100.0358,18.6669],[-100.0455,18.6656],[-100.0573,18.6727],[-100.0669,18.6677],[-100.0733,18.6688],[-100.0843,18.6781],[-100.0806,18.6859],[-100.0877,18.6885],[-100.0896,18.6961],[-100.094,18.6902],[-100.0981,18.6899],[-100.1194,18.7024],[-100.1119,18.717],[-100.1142,18.7247],[-100.1061,18.7313],[-100.1128,18.7331],[-100.1142,18.7535],[-100.1227,18.7523],[-100.1287,18.7576],[-100.126,18.758],[-100.1283,18.7639],[-100.123,18.7795],[-100.1258,18.7808],[-100.1247,18.7834],[-100.1294,18.7845],[-100.1279,18.7875],[-100.1312,18.7898],[-100.1385,18.7915],[-100.1362,18.7966],[-100.1227,18.7987],[-100.1189,18.8027],[-100.1184,18.7998],[-100.1096,18.796],[-100.1072,18.7988],[-100.1059,18.7962],[-100.1019,18.8007],[-100.1046,18.8048],[-100.094,18.8051],[-100.0954,18.8027],[-100.092,18.8014],[-100.0752,18.8135],[-100.0667,18.8171],[-100.057,18.8169],[-100.0578,18.8192],[-100.0548,18.8185],[-100.0532,18.8244],[-100.0467,18.8273],[-100.0456,18.8335],[-100.0404,18.8375],[-100.0427,18.8413],[-100.0338,18.8468],[-100.0327,18.8527],[-100.0291,18.8547],[-100.0289,18.8635],[-100.0237,18.8686],[-100.0026,18.8721],[-99.994,18.8701],[-99.9839,18.8624],[-99.9736,18.8724],[-99.9595,18.8719],[-99.9578,18.8753],[-99.9613,18.8851],[-99.9535,18.8898]]]}},{"type":"Feature","properties":{"cve_mun":"15095","nombre_municipio":"Tepotzotlán","cve_ent":"15","nombre_entidad":"México"},"geometry":{"type":"Polygon","coordinates":[[[-99.2282,19.7922],[-99.2214,19.7855],[-99.2156,19.7645],[-99.2081,19.7521],[-99.2165,19.756],[-99.2158,19.7511],[-99.2001,19.7473],[-99.1954,19.7148],[-99.2071,19.703],[-99.2186,19.7011],[-99.2196,19.7047],[-99.2231,19.7048],[-99.2388,19.6978],[-99.2403,19.6931],[-99.2548,19.6925],[-99.2567,19.6894],[-99.2695,19.6907],[-99.271,19.6645],[-99.2914,19.6605],[-99.3048,19.6462],[-99.319,19.6452],[-99.3203,19.6513],[-99.3249,19.6487],[-99.3339,19.6523],[-99.3354,19.6571],[-99.322,19.6598],[-99.3247,19.6713],[-99.3309,19.6797],[-99.3397,19.6758],[-99.3371,19.6859],[-99.3473,19.6894],[-99.3516,19.7012],[-99.3586,19.7055],[-99.3676,19.7042],[-99.3786,19.6974],[-99.378,19.7],[-99.3829,19.7021],[-99.411,19.6974],[-99.4212,19.7004],[-99.4206,19.7152],[-99.4169,19.7191],[-99.4116,19.7477],[-99.4013,19.7673],[-99.3925,19.7715],[-99.3913,19.7752],[-99.3884,19.775],[-99.3899,19.7766],[-99.3858,19.7771],[-99.3824,19.7712],[-99.3739,19.7759],[-99.3706,19.7818],[-99.3578,19.7816],[-99.3515,19.7758],[-99.3435,19.7805],[-99.3396,19.7751],[-99.3393,19.7669],[-99.345,19.7628],[-99.3328,19.7526],[-99.3129,19.7517],[-99.3062,19.7565],[-99.3075,19.7595],[-99.2949,19.7621],[-99.2904,19.7576],[-99.2773,19.754],[-99.2752,19.7698],[-99.2576,19.775],[-99.2282,19.7922]]]}},{"type":"Feature","properties":{"cve_mun":"15054","nombre_municipio":"Metepec","cve_ent":"15","nombre_entidad":"México"},"geometry":{"type":"Polygon","coordinates":[[[-99.6059,19.2872],[-99.5638,19.286],[-99.5637,19.2775],[-99.5682,19.2773],[-99.5681,19.2652],[-99.556,19.2708],[-99.5526,19.2495],[-99.5377,19.2498],[-99.54,19.2378],[-99.5198,19.239],[-99.5133,19.2287],[-99.5135,19.2232],[-99.5901,19.2203],[-99.6005,19.2234],[-99.5982,19.2186],[-99.6026,19.216],[-99.6261,19.22],[-99.6353,19.2163],[-99.6452,19.2179],[-99.6459,19.226],[-99.6411,19.2303],[-99.6357,19.2301],[-99.6305,19.2454],[-99.6455,19.2647],[-99.6345,19.2648],[-99.6364,19.2707],[-99.6327,19.2683],[-99.6324,19.272],[-99.607,19.2756],[-99.6059,19.2872]]]}},{"type":"Feature","properties":{"cve_mun":"15094","nombre_municipio":"Tepetlixpa","cve_ent":"15","nombre_entidad":"México"},"geometry":{"type":"Polygon","coordinates":[[[-98.8378,19.0727],[-98.8346,19.0702],[-98.842,19.0638],[-98.831,19.0465],[-98.8067,19.0341],[-98.8112,19.0321],[-98.8041,19.0273],[-98.8195,19.006],[-98.8197,18.9967],[-98.8266,18.982],[-98.8406,18.978],[-98.8449,18.9731],[-98.8372,18.9589],[-98.8452,18.9551],[-98.8601,18.966],[-98.8573,18.9746],[-98.87,18.9905],[-98.8681,19.0025],[-98.8741,19.0104],[-98.871,19.0254],[-98.8625,19.0239],[-98.8576,19.0337],[-98.843,19.0403],[-98.8422,19.0725],[-98.8378,19.0727]]]}},{"type":"Feature","properties":{"cve_mun":"15093","nombre_municipio":"Tepetlaoxtoc","cve_ent":"15","nombre_entidad":"México"},"geometry":{"type":"Polygon","coordinates":[[[-98.8408,19.6356],[-98.825,19.6313],[-98.8266,19.6252],[-98.8116,19.6153],[-98.7996,19.6154],[-98.7922,19.6115],[-98.7887,19.615],[-98.7833,19.613],[-98.77,19.6151],[-98.765,19.6216],[-98.7542,19.618],[-98.7473,19.6278],[-98.7358,19.6172],[-98.7264,19.6133],[-98.7285,19.6106],[-98.7199,19.6025],[-98.7083,19.6009],[-98.7019,19.6102],[-98.6927,19.6097],[-98.6815,19.5989],[-98.6815,19.5879],[-98.6924,19.5859],[-98.6891,19.5769],[-98.6933,19.5761],[-98.6948,19.5706],[-98.7013,19.5709],[-98.702,19.5653],[-98.6995,19.5672],[-98.7081,19.5548],[-98.7055,19.5525],[-98.7084,19.5476],[-98.7016,19.5458],[-98.7,19.5313],[-98.6819,19.518],[-98.6757,19.4995],[-98.6604,19.4855],[-98.661,19.4784],[-98.6532,19.466],[-98.6646,19.4629],[-98.6692,19.471],[-98.6828,19.4761],[-98.6873,19.4836],[-98.7292,19.5216],[-98.7454,19.5226],[-98.751,19.5276],[-98.754,19.5261],[-98.7536,19.5329],[-98.7573,19.53],[-98.771,19.5349],[-98.775,19.5287],[-98.7722,19.5243],[-98.7785,19.5207],[-98.7802,19.5159],[-98.7832,19.5182],[-98.7813,19.526],[-98.7889,19.5331],[-98.7949,19.5515],[-98.8136,19.5508],[-98.8348,19.557],[-98.8365,19.5517],[-98.8446,19.5561],[-98.8467,19.5532],[-98.8501,19.5562],[-98.8471,19.5636],[-98.8508,19.5666],[-98.862,19.5656],[-98.8615,19.5757],[-98.8683,19.577],[-98.8719,19.5988],[-98.8684,19.6083],[-98.8594,19.6188],[-98.8595,19.6307],[-98.8408,19.6356]]]}},{"type":"Feature","properties":{"cve_mun":"15078","nombre_municipio":"Santo Tomás","cve_ent":"15","nombre_entidad":"México"},"geometry":{"type":"Polygon","coordinates":[[[-100.329,19.2298],[-100.2994,19.2207],[-100.2884,19.2114],[-100.2745,19.2129],[-100.2683,19.2071],[-100.2705,19.2026],[-100.2795,19.1981],[-100.2757,19.196],[-100.2712,19.1957],[-100.2671,19.2009],[-100.2641,19.1943],[-100.2611,19.1993],[-100.2431,19.1974],[-100.2465,19.1883],[-100.2445,19.1864],[-100.2512,19.1899],[-100.2617,19.1874],[-100.2581,19.1973],[-100.2642,19.1918],[-100.2638,19.1876],[-100.2543,19.1876],[-100.2543,19.1837],[-100.2479,19.1861],[-100.2459,19.1826],[-100.2492,19.1797],[-100.2428,19.1766],[-100.2293,19.1802],[-100.2236,19.1741],[-100.2238,19.1695],[-100.2102,19.1595],[-100.2076,19.1448],[-100.236,19.1465],[-100.2652,19.1281],[-100.2695,19.1293],[-100.275,19.1384],[-100.2855,19.1421],[-100.2886,19.1484],[-100.3004,19.1431],[-100.3061,19.1446],[-100.3124,19.1522],[-100.3234,19.156],[-100.3365,19.1585],[-100.344,19.1548],[-100.3568,19.1573],[-100.3616,19.1547],[-100.3782,19.1711],[-100.3711,19.1775],[-100.3731,19.1942],[-100.3592,19.203],[-100.3603,19.2051],[-100.3377,19.227],[-100.329,19.2298]]]}},{"type":"Feature","properties":{"cve_mun":"15077","nombre_municipio":"San Simón de Guerrero","cve_ent":"15","nombre_entidad":"México"},"geometry":{"type":"Polygon","coordinates":[[[-100.0117,19.0343],[-99.9983,19.0319],[-99.9946,19.0264],[-99.9779,19.0182],[-99.9597,19.0165],[-99.9277,19.0194],[-99.9482,19.0086],[-99.9519,19.0022],[-99.9626,18.9953],[-99.9736,18.9799],[-99.9881,18.9712],[-99.9956,18.9543],[-100.0083,18.9477],[-100.0151,18.9386],[-100.0302,18.9392],[-100.0376,18.9322],[-100.06,18.9305],[-100.0745,18.9188],[-100.0795,18.9102],[-100.0958,18.9218],[-100.1007,18.9195],[-100.1058,18.9221],[-100.1158,18.9366],[-100.1131,18.9449],[-100.1084,18.952],[-100.0967,18.9588],[-100.0874,18.9539],[-100.0841,18.9576],[-100.0848,18.9639],[-100.0756,18.977],[-100.0996,18.9956],[-100.1026,19.0027],[-100.0934,19.0174],[-100.0558,19.0174],[-100.0392,19.0335],[-100.0196,19.0293],[-100.0117,19.0343]]]}},{"type":"Feature","properties":{"cve_mun":"15021","nombre_municipio":"Coatepec Harinas","cve_ent":"15","nombre_entidad":"México"},"geometry":{"type":"Polygon","coordinates":[[[-99.809,19.0727],[-99.7841,19.0715],[-99.7856,19.0661],[-99.7717,19.0652],[-99.7692,19.0357],[-99.7729,19.0274],[-99.7662,19.0132],[-99.7661,19.0026],[-99.7622,18.9969],[-99.749,18.989],[-99.7468,18.9727],[-99.7392,18.9641],[-99.729,18.9691],[-99.7243,18.9646],[-99.7324,18.9596],[-99.7238,18.9516],[-99.7399,18.942],[-99.7399,18.9325],[-99.7328,18.9282],[-99.7205,18.9002],[-99.7326,18.9033],[-99.7353,18.8975],[-99.7323,18.8969],[-99.7346,18.8807],[-99.7267,18.8664],[-99.7268,18.8609],[-99.734,18.8515],[-99.7275,18.8427],[-99.7307,18.8411],[-99.7404,18.8526],[-99.7483,18.8512],[-99.7537,18.858],[-99.7484,18.8459],[-99.7614,18.841],[-99.7627,18.838],[-99.7446,18.8179],[-99.7462,18.816],[-99.7425,18.8107],[-99.7629,18.8033],[-99.7788,18.8092],[-99.7808,18.8074],[-99.7839,18.8132],[-99.7863,18.8106],[-99.7907,18.8122],[-99.7801,18.8309],[-99.7881,18.8545],[-99.7966,18.863],[-99.8009,18.8648],[-99.8093,18.8614],[-99.8172,18.867],[-99.8277,18.8897],[-99.8373,18.8996],[-99.8458,18.9006],[-99.8632,18.8883],[-99.8942,18.9134],[-99.892,18.9302],[-99.8738,18.9282],[-99.869,18.9434],[-99.8609,18.9547],[-99.8554,18.9756],[-99.8826,18.9801],[-99.8862,18.9924],[-99.8835,19.0052],[-99.852,18.9955],[-99.8529,19.0301],[-99.8354,19.0276],[-99.8371,19.0349],[-99.8165,19.0415],[-99.8308,19.0536],[-99.8454,19.05],[-99.8456,19.0539],[-99.8338,19.0667],[-99.8291,19.0674],[-99.8299,19.0744],[-99.809,19.0727]]]}},{"type":"Feature","properties":{"cve_mun":"15050","nombre_municipio":"Juchitepec","cve_ent":"15","nombre_entidad":"México"},"geometry":{"type":"Polygon","coordinates":[[[-98.9518,19.1738],[-98.9438,19.1576],[-98.9247,19.1585],[-98.9178,19.1431],[-98.8957,19.1367],[-98.8806,19.1283],[-98.8692,19.1429],[-98.8753,19.1283],[-98.8549,19.1143],[-98.8491,19.1248],[-98.8468,19.1235],[-98.8527,19.1088],[-98.8404,19.1085],[-98.8398,19.1032],[-98.8434,19.1035],[-98.8454,19.098],[-98.8392,19.0995],[-98.8405,19.0954],[-98.8369,19.0909],[-98.8464,19.0818],[-98.8324,19.0786],[-98.8352,19.0725],[-98.8422,19.0725],[-98.843,19.0403],[-98.8576,19.0337],[-98.8625,19.0239],[-98.879,19.0281],[-98.8882,19.0369],[-98.9034,19.0385],[-98.9171,19.0594],[-98.9156,19.0641],[-98.9443,19.0697],[-98.9578,19.0603],[-98.979,19.0745],[-98.9657,19.0859],[-98.9591,19.1043],[-98.9575,19.1224],[-98.9665,19.1439],[-98.9546,19.1495],[-98.9674,19.1644],[-98.9524,19.1686],[-98.9549,19.1741],[-98.9518,19.1738]]]}},{"type":"Feature","properties":{"cve_mun":"15101","nombre_municipio":"Tianguistenco","cve_ent":"15","nombre_entidad":"México"},"geometry":{"type":"Polygon","coordinates":[[[-99.4144,19.2367],[-99.4084,19.204],[-99.3134,19.219],[-99.3068,19.2111],[-99.3377,19.204],[-99.3437,19.1996],[-99.3517,19.2016],[-99.3678,19.1957],[-99.407,19.1908],[-99.4205,19.1839],[-99.4408,19.1871],[-99.4519,19.1739],[-99.4481,19.1701],[-99.4562,19.1587],[-99.4574,19.1506],[-99.4093,19.148],[-99.3245,19.1265],[-99.3148,19.13],[-99.3066,19.1251],[-99.3351,19.1139],[-99.3852,19.1086],[-99.393,19.1101],[-99.4435,19.1024],[-99.4506,19.1073],[-99.4821,19.0865],[-99.4804,19.092],[-99.4879,19.1496],[-99.463,19.1506],[-99.4683,19.1604],[-99.479,19.1677],[-99.4802,19.1711],[-99.4769,19.1745],[-99.4789,19.1776],[-99.4754,19.1803],[-99.4959,19.1842],[-99.4951,19.1866],[-99.5104,19.1878],[-99.5123,19.1837],[-99.5304,19.191],[-99.5303,19.1937],[-99.5356,19.1952],[-99.5366,19.1923],[-99.5368,19.211],[-99.5288,19.2104],[-99.5279,19.2149],[-99.5139,19.2161],[-99.5145,19.2303],[-99.4898,19.2306],[-99.477,19.222],[-99.4832,19.206],[-99.4788,19.1851],[-99.4525,19.1842],[-99.4451,19.195],[-99.4476,19.1995],[-99.4576,19.202],[-99.4572,19.2053],[-99.4291,19.2031],[-99.4297,19.2144],[-99.4426,19.2205],[-99.449,19.2303],[-99.4144,19.2367]]]}},{"type":"Feature","properties":{"cve_mun":"15025","nombre_municipio":"Chalco","cve_ent":"15","nombre_entidad":"México"},"geometry":{"type":"Polygon","coordinates":[[[-98.7212,19.3188],[-98.699,19.3085],[-98.6829,19.2648],[-98.702,19.2548],[-98.7521,19.2439],[-98.788,19.2414],[-98.7878,19.2369],[-98.7766,19.2375],[-98.783,19.227],[-98.7832,19.2229],[-98.7795,19.2204],[-98.7911,19.2151],[-98.7906,19.2212],[-98.7939,19.2223],[-98.8016,19.2147],[-98.803,19.2172],[-98.7988,19.2207],[-98.7973,19.2319],[-98.8047,19.2325],[-98.8083,19.2188],[-98.8046,19.2158],[-98.8112,19.2171],[-98.8093,19.212],[-98.8194,19.2106],[-98.8218,19.2051],[-98.8332,19.2107],[-98.8349,19.2244],[-98.8585,19.2421],[-98.8599,19.2469],[-98.874,19.249],[-98.8738,19.2388],[-98.8779,19.2374],[-98.8814,19.2212],[-98.891,19.2291],[-98.8944,19.2222],[-98.8973,19.2126],[-98.8887,19.2129],[-98.8966,19.1908],[-98.906,19.1791],[-98.9109,19.1809],[-98.92,19.1767],[-98.9247,19.1585],[-98.9438,19.1576],[-98.9521,19.1744],[-98.9549,19.1741],[-98.9664,19.187],[-98.9685,19.2106],[-98.9539,19.2146],[-98.9511,19.2182],[-98.9426,19.2156],[-98.9403,19.2232],[-98.9458,19.225],[-98.9226,19.2468],[-98.9314,19.2497],[-98.9353,19.2582],[-98.9115,19.2813],[-98.9164,19.2878],[-98.9104,19.2902],[-98.8798,19.2883],[-98.8748,19.3037],[-98.862,19.3005],[-98.8592,19.3049],[-98.853,19.3045],[-98.8534,19.3009],[-98.8475,19.3014],[-98.852,19.2893],[-98.84,19.2866],[-98.8245,19.3009],[-98.8175,19.3014],[-98.8119,19.3085],[-98.8059,19.3059],[-98.8048,19.3012],[-98.8098,19.2948],[-98.8155,19.2937],[-98.8105,19.2855],[-98.8019,19.288],[-98.7655,19.3124],[-98.7505,19.3121],[-98.7432,19.3164],[-98.7258,19.3159],[-98.7212,19.3188]]]}},{"type":"Feature","properties":{"cve_mun":"15023","nombre_municipio":"Coyotepec","cve_ent":"15","nombre_entidad":"México"},"geometry":{"type":"Polygon","coordinates":[[[-99.2336,19.8226],[-99.2047,19.8086],[-99.2052,19.8182],[-99.2012,19.8185],[-99.1936,19.812],[-99.1904,19.7999],[-99.1803,19.7945],[-99.1796,19.7678],[-99.1845,19.7651],[-99.198,19.7679],[-99.196,19.7619],[-99.2002,19.7498],[-99.2082,19.7518],[-99.2156,19.7645],[-99.2214,19.7855],[-99.2282,19.7922],[-99.2576,19.775],[-99.2752,19.7698],[-99.2713,19.7852],[-99.2821,19.7985],[-99.2386,19.8061],[-99.2419,19.8183],[-99.2336,19.8226]]]}},{"type":"Feature","properties":{"cve_mun":"15045","nombre_municipio":"Jilotepec","cve_ent":"15","nombre_entidad":"México"},"geometry":{"type":"Polygon","coordinates":[[[-99.6595,20.1797],[-99.6551,20.1631],[-99.641,20.1642],[-99.6306,20.1457],[-99.5996,20.1697],[-99.5763,20.1621],[-99.5726,20.1643],[-99.5714,20.1702],[-99.5507,20.1714],[-99.5483,20.1631],[-99.5335,20.1621],[-99.5287,20.1636],[-99.5259,20.1733],[-99.5122,20.1751],[-99.5018,20.1533],[-99.5155,20.1509],[-99.5186,20.147],[-99.5013,20.127],[-99.4949,20.1109],[-99.4871,20.1052],[-99.4984,20.1055],[-99.5082,20.1189],[-99.5333,20.1202],[-99.5331,20.1148],[-99.5388,20.1145],[-99.5399,20.1024],[-99.5696,20.1035],[-99.5698,20.0994],[-99.5899,20.1044],[-99.5902,20.0968],[-99.5849,20.0966],[-99.5857,20.0909],[-99.5751,20.0893],[-99.5749,20.0823],[-99.5804,20.0826],[-99.5781,20.0757],[-99.5845,20.0754],[-99.5855,20.0657],[-99.5795,20.0648],[-99.573,20.0454],[-99.5845,20.0395],[-99.5802,20.0275],[-99.5725,20.0306],[-99.5626,20.0276],[-99.5624,20.0126],[-99.5478,20.0126],[-99.5443,20.005],[-99.5225,20.0042],[-99.5222,19.9899],[-99.5136,19.9928],[-99.5065,20.0168],[-99.4991,20.0117],[-99.4897,20.0106],[-99.4909,19.9945],[-99.4732,19.9927],[-99.4774,19.9868],[-99.4681,19.9883],[-99.4684,19.9928],[-99.4445,19.9851],[-99.4551,19.9797],[-99.4545,19.975],[-99.4517,19.9745],[-99.4515,19.9633],[-99.4587,19.9665],[-99.4778,19.9606],[-99.4772,19.9548],[-99.4736,19.9544],[-99.484,19.9052],[-99.4804,19.9047],[-99.4774,19.8983],[-99.4709,19.8986],[-99.4639,19.8926],[-99.4508,19.8946],[-99.4359,19.9031],[-99.436,19.8961],[-99.4452,19.8843],[-99.4327,19.8753],[-99.4511,19.8529],[-99.4608,19.8681],[-99.4611,19.8769],[-99.4731,19.8777],[-99.4781,19.8837],[-99.5033,19.8914],[-99.5485,19.89],[-99.556,19.8797],[-99.5464,19.8736],[-99.5437,19.8669],[-99.5637,19.8698],[-99.5594,19.8733],[-99.5645,19.8753],[-99.5634,19.8819],[-99.5693,19.8789],[-99.5709,19.8847],[-99.5784,19.8873],[-99.6002,19.8887],[-99.5996,19.8956],[-99.6174,19.8984],[-99.6204,19.9042],[-99.6333,19.8928],[-99.6552,19.8963],[-99.6543,19.9125],[-99.6402,19.9317],[-99.647,19.9421],[-99.6584,19.9351],[-99.661,19.937],[-99.673,19.9346],[-99.6743,19.9302],[-99.695,19.924],[-99.7106,19.9317],[-99.7328,19.9205],[-99.7354,19.9232],[-99.7365,19.9289],[-99.7331,19.9315],[-99.7353,19.9339],[-99.7282,19.9414],[-99.7219,19.9418],[-99.7035,19.9562],[-99.6923,19.9563],[-99.6892,19.9657],[-99.6747,19.9763],[-99.6955,19.9821],[-99.6915,20.0027],[-99.678,20.0017],[-99.676,20.0071],[-99.6837,20.0071],[-99.6934,20.0148],[-99.6929,20.0194],[-99.6977,20.0207],[-99.6998,20.0342],[-99.6964,20.0333],[-99.6976,20.0366],[-99.6929,20.0413],[-99.6923,20.0516],[-99.6731,20.046],[-99.6705,20.0779],[-99.6765,20.0793],[-99.679,20.0833],[-99.7017,20.0878],[-99.7046,20.0906],[-99.6991,20.0975],[-99.7087,20.1019],[-99.7134,20.0937],[-99.7197,20.0959],[-99.7214,20.1032],[-99.7151,20.1079],[-99.7144,20.117],[-99.7235,20.1146],[-99.7221,20.1229],[-99.7107,20.1243],[-99.7156,20.1262],[-99.7164,20.1383],[-99.7088,20.1556],[-99.6996,20.1514],[-99.6982,20.16],[-99.6953,20.1585],[-99.699,20.1724],[-99.6821,20.1706],[-99.6769,20.1625],[-99.6694,20.1793],[-99.6595,20.1797]]]}},{"type":"Feature","properties":{"cve_mun":"15115","nombre_municipio":"Xonacatlán","cve_ent":"15","nombre_entidad":"México"},"geometry":{"type":"Polygon","coordinates":[[[-99.4406,19.4867],[-99.4116,19.4554],[-99.4087,19.4482],[-99.4143,19.4299],[-99.4425,19.427],[-99.4543,19.4228],[-99.4656,19.4242],[-99.4724,19.4182],[-99.4747,19.4108],[-99.5335,19.3962],[-99.5657,19.3954],[-99.5426,19.4061],[-99.5371,19.4116],[-99.5288,19.413],[-99.5295,19.4154],[-99.5186,19.4252],[-99.5177,19.4226],[-99.5044,19.4249],[-99.5048,19.4313],[-99.485,19.4384],[-99.4801,19.4447],[-99.4765,19.4428],[-99.4666,19.4618],[-99.4665,19.4691],[-99.4578,19.4718],[-99.4406,19.4867]]]}},{"type":"Feature","properties":{"cve_mun":"15117","nombre_municipio":"Zacualpan","cve_ent":"15","nombre_entidad":"México"},"geometry":{"type":"Polygon","coordinates":[[[-99.8561,18.8376],[-99.8521,18.8294],[-99.8235,18.8078],[-99.8114,18.8188],[-99.8093,18.8291],[-99.7902,18.8146],[-99.7907,18.8122],[-99.7863,18.8106],[-99.7839,18.8132],[-99.7808,18.8074],[-99.7788,18.8092],[-99.7699,18.8041],[-99.7629,18.8033],[-99.7482,18.8101],[-99.7389,18.8095],[-99.7172,18.7898],[-99.7144,18.7721],[-99.7069,18.7676],[-99.6845,18.7358],[-99.6819,18.736],[-99.6842,18.7332],[-99.6775,18.7263],[-99.672,18.7135],[-99.6796,18.7113],[-99.6834,18.718],[-99.6932,18.7212],[-99.7047,18.7349],[-99.7182,18.7344],[-99.737,18.7398],[-99.7407,18.7365],[-99.7391,18.7283],[-99.7539,18.7188],[-99.7583,18.7113],[-99.7549,18.6974],[-99.7724,18.6862],[-99.7743,18.6746],[-99.7843,18.6623],[-99.7803,18.6541],[-99.7846,18.6511],[-99.7833,18.6424],[-99.793,18.6307],[-99.7975,18.6338],[-99.7986,18.6311],[-99.8011,18.634],[-99.8007,18.6318],[-99.8125,18.6409],[-99.8112,18.6365],[-99.8166,18.625],[-99.8252,18.6263],[-99.8277,18.6241],[-99.8305,18.6276],[-99.8379,18.6235],[-99.8437,18.6249],[-99.843,18.6213],[-99.8484,18.6203],[-99.8491,18.6125],[-99.8447,18.6085],[-99.8476,18.6055],[-99.8633,18.6143],[-99.8637,18.6179],[-99.8689,18.6147],[-99.8858,18.6193],[-99.9064,18.6051],[-99.907,18.6018],[-99.9221,18.5986],[-99.9414,18.589],[-99.9487,18.5953],[-99.9491,18.5977],[-99.9449,18.5985],[-99.9482,18.6018],[-99.9354,18.6017],[-99.927,18.6058],[-99.9259,18.6124],[-99.9223,18.6129],[-99.9286,18.6323],[-99.9152,18.6385],[-99.9103,18.6445],[-99.8976,18.6437],[-99.8905,18.6501],[-99.8996,18.659],[-99.8956,18.6649],[-99.8998,18.6845],[-99.9034,18.6889],[-99.9013,18.6919],[-99.9052,18.692],[-99.9057,18.7104],[-99.8869,18.7156],[-99.8593,18.7139],[-99.8516,18.711],[-99.8378,18.6972],[-99.8342,18.6966],[-99.8313,18.7007],[-99.8302,18.7156],[-99.8338,18.7287],[-99.8295,18.7339],[-99.8323,18.7401],[-99.8254,18.7528],[-99.8272,18.7616],[-99.8377,18.7762],[-99.8448,18.7761],[-99.8474,18.7799],[-99.8645,18.7839],[-99.8542,18.8291],[-99.8598,18.8362],[-99.8571,18.8395],[-99.8561,18.8376]]]}},{"type":"Feature","properties":{"cve_mun":"15124","nombre_municipio":"San José del Rincón","cve_ent":"15","nombre_entidad":"México"},"geometry":{"type":"Polygon","coordinates":[[[-100.0718,19.7863],[-100.0693,19.786],[-100.0691,19.778],[-100.0832,19.7796],[-100.0777,19.7545],[-100.0667,19.73],[-100.0636,19.7303],[-100.0632,19.7247],[-100.0662,19.7188],[-100.0648,19.712],[-100.0751,19.7146],[-100.0778,19.6783],[-100.0837,19.6774],[-100.0846,19.6672],[-100.0744,19.6673],[-100.0739,19.6586],[-100.0697,19.6595],[-100.0564,19.6496],[-100.0732,19.6365],[-100.0674,19.6352],[-100.0713,19.6301],[-100.074,19.5979],[-100.0682,19.599],[-100.0575,19.5912],[-100.0523,19.593],[-100.0491,19.5896],[-100.0504,19.5838],[-100.0301,19.5799],[-100.0289,19.5856],[-100.0085,19.5814],[-100.0144,19.555],[-100.0222,19.5575],[-100.0315,19.554],[-100.032,19.5458],[-100.0581,19.5292],[-100.0651,19.5059],[-100.0595,19.5025],[-100.0715,19.4886],[-100.0783,19.4896],[-100.0777,19.4932],[-100.0962,19.4927],[-100.0914,19.5143],[-100.1116,19.5154],[-100.1106,19.5242],[-100.1206,19.5255],[-100.1286,19.5236],[-100.1317,19.5194],[-100.1323,19.4948],[-100.1447,19.4855],[-100.162,19.4916],[-100.1777,19.4926],[-100.1849,19.4988],[-100.2019,19.4995],[-100.2019,19.5229],[-100.1964,19.5317],[-100.2105,19.5421],[-100.2147,19.5528],[-100.2251,19.5579],[-100.2375,19.5572],[-100.238,19.5667],[-100.2443,19.5737],[-100.2436,19.5856],[-100.2521,19.6175],[-100.2496,19.6273],[-100.2517,19.6273],[-100.2475,19.6345],[-100.274,19.6723],[-100.2675,19.6772],[-100.2639,19.6958],[-100.2581,19.6949],[-100.2585,19.7002],[-100.2437,19.7048],[-100.2403,19.7129],[-100.2371,19.7125],[-100.2371,19.7186],[-100.2322,19.7205],[-100.2316,19.7177],[-100.2297,19.7201],[-100.2258,19.7172],[-100.2318,19.7106],[-100.2295,19.7022],[-100.2042,19.7046],[-100.1971,19.7007],[-100.1922,19.7016],[-100.1921,19.6971],[-100.186,19.713],[-100.1701,19.7129],[-100.1693,19.7077],[-100.1556,19.722],[-100.1594,19.724],[-100.1581,19.7271],[-100.1176,19.7271],[-100.1172,19.7454],[-100.1104,19.7406],[-100.1106,19.7528],[-100.087,19.7636],[-100.0951,19.7674],[-100.0906,19.7705],[-100.0857,19.7847],[-100.0718,19.7863]]]}},{"type":"Feature","properties":{"cve_mun":"15066","nombre_municipio":"Otzoloapan","cve_ent":"15","nombre_entidad":"México"},"geometry":{"type":"Polygon","coordinates":[[[-100.3363,19.1582],[-100.3154,19.1538],[-100.3061,19.1446],[-100.3004,19.1431],[-100.2886,19.1484],[-100.2855,19.1421],[-100.275,19.1384],[-100.2695,19.1293],[-100.2652,19.1281],[-100.236,19.1465],[-100.1968,19.1448],[-100.1965,19.142],[-100.2116,19.1194],[-100.2237,19.1118],[-100.2386,19.1148],[-100.2432,19.1095],[-100.2498,19.1112],[-100.2549,19.1086],[-100.2621,19.0993],[-100.2787,19.0955],[-100.2818,19.0909],[-100.2798,19.0876],[-100.2865,19.0781],[-100.2869,19.0509],[-100.2943,19.0447],[-100.301,19.0459],[-100.3038,19.0415],[-100.3101,19.0421],[-100.3163,19.0384],[-100.3217,19.0408],[-100.3245,19.0382],[-100.3289,19.0437],[-100.3246,19.0523],[-100.3322,19.0514],[-100.3388,19.0553],[-100.3376,19.0611],[-100.3493,19.0629],[-100.349,19.0668],[-100.3522,19.0662],[-100.3516,19.0699],[-100.3567,19.0738],[-100.3658,19.0724],[-100.3677,19.0766],[-100.3736,19.074],[-100.3743,19.0705],[-100.3778,19.0762],[-100.3878,19.0741],[-100.3906,19.0701],[-100.3914,19.0729],[-100.3983,19.0723],[-100.4006,19.0685],[-100.4071,19.072],[-100.4089,19.0789],[-100.4068,19.0805],[-100.4107,19.084],[-100.4039,19.0979],[-100.4029,19.1038],[-100.4067,19.1059],[-100.3991,19.1105],[-100.3952,19.1179],[-100.3963,19.1234],[-100.392,19.1249],[-100.3939,19.1276],[-100.3908,19.1296],[-100.388,19.1375],[-100.3897,19.1423],[-100.3861,19.1475],[-100.3797,19.1515],[-100.3667,19.1497],[-100.3664,19.1534],[-100.3637,19.1521],[-100.3568,19.1573],[-100.344,19.1548],[-100.3363,19.1582]]]}},{"type":"Feature","properties":{"cve_mun":"15057","nombre_municipio":"Naucalpan de Juárez","cve_ent":"15","nombre_entidad":"México"},"geometry":{"type":"Polygon","coordinates":[[[-99.2855,19.5365],[-99.2627,19.529],[-99.2597,19.527],[-99.2631,19.5275],[-99.2634,19.5218],[-99.2567,19.5195],[-99.2487,19.518],[-99.2366,19.5225],[-99.2374,19.5199],[-99.2298,19.5181],[-99.219,19.51],[-99.2204,19.507],[-99.2138,19.5041],[-99.2211,19.4751],[-99.2072,19.4696],[-99.2115,19.468],[-99.2153,19.4562],[-99.22,19.4529],[-99.2181,19.4441],[-99.2296,19.4374],[-99.2223,19.427],[-99.2308,19.4217],[-99.237,19.4126],[-99.2396,19.4122],[-99.2433,19.4184],[-99.2424,19.4235],[-99.2519,19.4228],[-99.2628,19.4301],[-99.2641,19.4348],[-99.2731,19.4278],[-99.2801,19.4389],[-99.2912,19.4329],[-99.2941,19.4368],[-99.305,19.4315],[-99.315,19.4354],[-99.3215,19.4324],[-99.3296,19.4369],[-99.3404,19.4321],[-99.3623,19.431],[-99.3785,19.4193],[-99.3918,19.4179],[-99.4007,19.4186],[-99.4043,19.4305],[-99.4141,19.4301],[-99.4087,19.4482],[-99.3909,19.4383],[-99.384,19.4383],[-99.3725,19.4471],[-99.3633,19.4767],[-99.353,19.4853],[-99.3499,19.4945],[-99.3355,19.4947],[-99.3408,19.4977],[-99.3394,19.5023],[-99.3329,19.5034],[-99.3246,19.5159],[-99.3029,19.5202],[-99.2983,19.5315],[-99.2855,19.5365]]]}},{"type":"Feature","properties":{"cve_mun":"15125","nombre_municipio":"Tonanitla","cve_ent":"15","nombre_entidad":"México"},"geometry":{"type":"Polygon","coordinates":[[[-99.0659,19.7003],[-99.0452,19.6977],[-99.0471,19.6902],[-99.0433,19.6893],[-99.0462,19.6783],[-99.0498,19.6792],[-99.0534,19.6609],[-99.0626,19.6591],[-99.0743,19.6831],[-99.0666,19.6797],[-99.0695,19.695],[-99.0659,19.7003]]]}},{"type":"Feature","properties":{"cve_mun":"15083","nombre_municipio":"Temamatla","cve_ent":"15","nombre_entidad":"México"},"geometry":{"type":"Polygon","coordinates":[[[-98.8901,19.2289],[-98.876,19.2152],[-98.8572,19.2144],[-98.8594,19.2071],[-98.8534,19.2056],[-98.8484,19.21],[-98.8432,19.2092],[-98.8487,19.1908],[-98.8469,19.1837],[-98.873,19.1839],[-98.8747,19.18],[-98.8776,19.184],[-98.8793,19.1761],[-98.8884,19.1733],[-98.8849,19.1554],[-98.9247,19.1585],[-98.92,19.1767],[-98.9109,19.1809],[-98.906,19.1791],[-98.8966,19.1908],[-98.8887,19.2129],[-98.8973,19.2126],[-98.8901,19.2289]]]}},{"type":"Feature","properties":{"cve_mun":"15056","nombre_municipio":"Morelos","cve_ent":"15","nombre_entidad":"México"},"geometry":{"type":"MultiPolygon","coordinates":[[[[-99.6096,19.675],[-99.6007,19.6741],[-99.5805,19.6606],[-99.5644,19.6435],[-99.5638,19.6281],[-99.5726,19.6098],[-99.5966,19.6177],[-99.6035,19.6295],[-99.6215,19.6317],[-99.6239,19.6413],[-99.6323,19.6446],[-99.6327,19.6497],[-99.6431,19.6586],[-99.6413,19.6619],[-99.6355,19.6627],[-99.6358,19.6673],[-99.6255,19.667],[-99.6096,19.675]]],[[[-99.668,19.8382],[-99.6641,19.8309],[-99.66,19.8327],[-99.6372,19.8172],[-99.615,19.8229],[-99.6198,19.8042],[-99.5921,19.7777],[-99.6096,19.7647],[-99.6138,19.7482],[-99.5966,19.7489],[-99.5887,19.7382],[-99.5714,19.7296],[-99.5693,19.7267],[-99.5719,19.7231],[-99.5717,19.7071],[-99.5199,19.7133],[-99.5352,19.6933],[-99.5432,19.677],[-99.5782,19.6735],[-99.5772,19.6846],[-99.6066,19.697],[-99.6086,19.6804],[-99.6389,19.6902],[-99.649,19.6979],[-99.678,19.7045],[-99.6704,19.7146],[-99.6728,19.7213],[-99.6854,19.723],[-99.683,19.7356],[-99.6901,19.7364],[-99.6889,19.7417],[-99.7032,19.7472],[-99.7057,19.7428],[-99.7051,19.7479],[-99.7128,19.7582],[-99.709,19.7609],[-99.7138,19.7642],[-99.7105,19.7683],[-99.7288,19.7744],[-99.7424,19.7841],[-99.7487,19.7954],[-99.7396,19.8024],[-99.7491,19.8062],[-99.7451,19.8129],[-99.7448,19.8266],[-99.7299,19.8258],[-99.7274,19.8353],[-99.7203,19.8397],[-99.6831,19.8351],[-99.6704,19.8406],[-99.668,19.8382]]]]}},{"type":"Feature","properties":{"cve_mun":"15106","nombre_municipio":"Toluca","cve_ent":"15","nombre_entidad":"México"},"geometry":{"type":"Polygon","coordinates":[[[-99.6664,19.4922],[-99.6591,19.4909],[-99.6619,19.4758],[-99.642,19.4743],[-99.6468,19.4352],[-99.6404,19.4324],[-99.6297,19.4199],[-99.6327,19.4181],[-99.6343,19.4099],[-99.6593,19.4073],[-99.6588,19.4037],[-99.6442,19.4015],[-99.6449,19.3992],[-99.6382,19.3939],[-99.6241,19.392],[-99.6275,19.3807],[-99.6204,19.3795],[-99.6127,19.3917],[-99.6324,19.3978],[-99.63,19.4036],[-99.6063,19.3947],[-99.6075,19.3927],[-99.6023,19.3911],[-99.6044,19.3874],[-99.5912,19.3852],[-99.5842,19.3905],[-99.5912,19.3797],[-99.5839,19.3754],[-99.5727,19.3954],[-99.5463,19.3674],[-99.5332,19.341],[-99.5287,19.3191],[-99.5455,19.3167],[-99.5616,19.3096],[-99.5595,19.301],[-99.5622,19.2998],[-99.5649,19.3078],[-99.5717,19.3057],[-99.5727,19.3006],[-99.5675,19.2975],[-99.5666,19.2872],[-99.5638,19.286],[-99.606,19.2872],[-99.607,19.2756],[-99.6324,19.272],[-99.6327,19.2683],[-99.6364,19.2707],[-99.6345,19.2648],[-99.6455,19.2647],[-99.6305,19.2454],[-99.6347,19.2381],[-99.633,19.2341],[-99.6357,19.2301],[-99.6434,19.2288],[-99.6459,19.2223],[-99.6535,19.2175],[-99.6449,19.2149],[-99.6558,19.1944],[-99.6867,19.1758],[-99.7332,19.1247],[-99.7348,19.1007],[-99.7476,19.0918],[-99.7503,19.085],[-99.737,19.0688],[-99.7703,19.0787],[-99.7689,19.0899],[-99.7794,19.0964],[-99.7824,19.1122],[-99.7663,19.1262],[-99.7684,19.1393],[-99.7656,19.1506],[-99.7727,19.1613],[-99.7414,19.2133],[-99.732,19.2118],[-99.7251,19.2218],[-99.7204,19.2346],[-99.723,19.2349],[-99.7194,19.2442],[-99.7193,19.2621],[-99.7153,19.2675],[-99.7095,19.2673],[-99.697,19.2866],[-99.6958,19.2968],[-99.7043,19.2976],[-99.7068,19.3091],[-99.7133,19.3079],[-99.7208,19.3118],[-99.7181,19.3348],[-99.7269,19.337],[-99.718,19.3566],[-99.7314,19.3699],[-99.7308,19.3847],[-99.7348,19.4045],[-99.7205,19.4072],[-99.7195,19.4216],[-99.7082,19.418],[-99.6943,19.4278],[-99.694,19.439],[-99.6837,19.4514],[-99.6729,19.4476],[-99.6776,19.4429],[-99.6661,19.4456],[-99.6743,19.4351],[-99.6638,19.4409],[-99.6688,19.4676],[-99.6664,19.4922]]]}},{"type":"Feature","properties":{"cve_mun":"15110","nombre_municipio":"Valle de Bravo","cve_ent":"15","nombre_entidad":"México"},"geometry":{"type":"Polygon","coordinates":[[[-100.1616,19.2907],[-100.1581,19.2879],[-100.1499,19.289],[-100.1423,19.2814],[-100.1156,19.2833],[-100.1098,19.2805],[-100.1099,19.2695],[-100.1163,19.2695],[-100.1161,19.2664],[-100.1089,19.2619],[-100.0929,19.2611],[-100.107,19.2466],[-100.1015,19.245],[-100.1029,19.2391],[-100.097,19.2431],[-100.0927,19.2413],[-100.0822,19.2446],[-100.0792,19.2415],[-100.0922,19.2333],[-100.0717,19.2278],[-100.0706,19.2352],[-100.0627,19.2322],[-100.0544,19.2384],[-100.0633,19.2166],[-100.0546,19.2018],[-100.0543,19.179],[-100.0496,19.1813],[-100.0419,19.1784],[-100.0183,19.1924],[-100.0079,19.1932],[-100.0045,19.1895],[-99.9956,19.1909],[-99.9837,19.1847],[-99.9706,19.1864],[-99.9593,19.1755],[-99.9751,19.142],[-99.9882,19.1351],[-99.9943,19.143],[-99.9952,19.138],[-99.9908,19.1353],[-99.9949,19.1333],[-99.9911,19.1288],[-99.9928,19.1175],[-100.0036,19.1108],[-100.0064,19.114],[-100.0062,19.1225],[-100.0125,19.1233],[-100.015,19.1147],[-100.0202,19.1135],[-100.0268,19.1219],[-100.0467,19.1172],[-100.0509,19.123],[-100.058,19.1244],[-100.0581,19.1121],[-100.0613,19.1115],[-100.0578,19.0835],[-100.072,19.0809],[-100.0769,19.0838],[-100.0781,19.0899],[-100.0864,19.0936],[-100.0898,19.087],[-100.098,19.0842],[-100.0983,19.0787],[-100.1042,19.0824],[-100.1185,19.0812],[-100.1246,19.0896],[-100.1309,19.0907],[-100.1294,19.0932],[-100.1366,19.0968],[-100.1421,19.0906],[-100.1635,19.0896],[-100.1892,19.0974],[-100.2148,19.1179],[-100.2014,19.1327],[-100.1968,19.1448],[-100.2076,19.1448],[-100.2102,19.1595],[-100.2238,19.1695],[-100.2236,19.1741],[-100.2293,19.1802],[-100.2428,19.1766],[-100.2492,19.1797],[-100.2459,19.1826],[-100.2479,19.1861],[-100.2543,19.1837],[-100.2537,19.1872],[-100.2638,19.1876],[-100.2642,19.1918],[-100.2581,19.1973],[-100.2617,19.1874],[-100.2512,19.1899],[-100.2445,19.1864],[-100.2449,19.1949],[-100.2374,19.2008],[-100.2315,19.2182],[-100.2303,19.2397],[-100.2392,19.2395],[-100.2368,19.2502],[-100.2314,19.2589],[-100.2195,19.2628],[-100.2134,19.2697],[-100.2156,19.2725],[-100.2134,19.2771],[-100.2066,19.2815],[-100.2048,19.2786],[-100.187,19.2819],[-100.1861,19.2714],[-100.1901,19.2704],[-100.1841,19.2693],[-100.188,19.2612],[-100.1869,19.246],[-100.1816,19.2374],[-100.1775,19.2389],[-100.1733,19.2335],[-100.1686,19.237],[-100.1668,19.2414],[-100.171,19.2404],[-100.1765,19.2507],[-100.1645,19.2641],[-100.1765,19.26],[-100.1703,19.273],[-100.171,19.2876],[-100.1616,19.2907]]]}},{"type":"Feature","properties":{"cve_mun":"15116","nombre_municipio":"Zacazonapan","cve_ent":"15","nombre_entidad":"México"},"geometry":{"type":"Polygon","coordinates":[[[-100.2147,19.1175],[-100.2134,19.1104],[-100.2202,19.0964],[-100.2206,19.0788],[-100.2255,19.0685],[-100.2313,19.069],[-100.2373,19.0635],[-100.2369,19.053],[-100.2321,19.0492],[-100.2324,19.0429],[-100.2286,19.0371],[-100.2316,19.0216],[-100.2406,19.0129],[-100.2468,19.0149],[-100.2512,19.0094],[-100.2561,19.0114],[-100.2703,19.0073],[-100.2725,19.0121],[-100.276,19.0099],[-100.28,19.0161],[-100.2853,19.0157],[-100.2896,19.0215],[-100.287,19.0237],[-100.2901,19.0333],[-100.2937,19.0352],[-100.2941,19.0327],[-100.3,19.033],[-100.3039,19.0411],[-100.3021,19.0455],[-100.2943,19.0447],[-100.2869,19.0509],[-100.2865,19.0781],[-100.2798,19.0876],[-100.2812,19.0921],[-100.275,19.0972],[-100.2621,19.0993],[-100.258,19.1063],[-100.2498,19.1112],[-100.2432,19.1095],[-100.2386,19.1148],[-100.2237,19.1118],[-100.2147,19.1175]]]}},{"type":"Feature","properties":{"cve_mun":"15119","nombre_municipio":"Zumpahuacán","cve_ent":"15","nombre_entidad":"México"},"geometry":{"type":"Polygon","coordinates":[[[-99.6055,18.9232],[-99.5941,18.9222],[-99.5757,18.9068],[-99.5612,18.9091],[-99.5538,18.9029],[-99.553,18.8895],[-99.5497,18.8884],[-99.5588,18.8738],[-99.5584,18.855],[-99.5541,18.8496],[-99.5471,18.8473],[-99.5427,18.8382],[-99.5353,18.8363],[-99.5304,18.8213],[-99.5215,18.8185],[-99.5177,18.809],[-99.5192,18.8061],[-99.4971,18.8087],[-99.4906,18.7824],[-99.483,18.7819],[-99.4811,18.7759],[-99.4883,18.7637],[-99.4796,18.7592],[-99.4767,18.7626],[-99.4688,18.7625],[-99.4672,18.7519],[-99.4883,18.7311],[-99.4939,18.7208],[-99.5045,18.7117],[-99.5223,18.7074],[-99.5334,18.6942],[-99.5561,18.698],[-99.5761,18.7121],[-99.5817,18.7222],[-99.5808,18.7303],[-99.5737,18.7376],[-99.5738,18.7461],[-99.578,18.7515],[-99.5794,18.7642],[-99.5827,18.7656],[-99.5827,18.7778],[-99.5866,18.7884],[-99.5897,18.7881],[-99.5968,18.7968],[-99.6064,18.7997],[-99.6107,18.807],[-99.6075,18.8175],[-99.6073,18.8333],[-99.6101,18.8396],[-99.6082,18.8446],[-99.6152,18.8644],[-99.6156,18.8919],[-99.6223,18.9014],[-99.6253,18.9127],[-99.622,18.9213],[-99.6055,18.9232]]]}},{"type":"Feature","properties":{"cve_mun":"15120","nombre_municipio":"Zumpango","cve_ent":"15","nombre_entidad":"México"},"geometry":{"type":"Polygon","coordinates":[[[-98.9919,19.902],[-98.9892,19.8814],[-99.0206,19.8677],[-99.0204,19.8641],[-99.0002,19.8342],[-99.0082,19.8284],[-98.9702,19.8087],[-98.9904,19.7887],[-98.9987,19.7866],[-99.0075,19.7916],[-99.0099,19.7864],[-99.0096,19.779],[-99.0064,19.7781],[-99.0077,19.7737],[-99.0253,19.7792],[-99.0179,19.7714],[-98.9757,19.7583],[-98.9735,19.7478],[-98.9777,19.7332],[-98.9891,19.7217],[-99.0229,19.7296],[-99.0351,19.7287],[-99.0372,19.7509],[-99.0325,19.7512],[-99.036,19.7718],[-99.0443,19.7732],[-99.0476,19.7538],[-99.0506,19.7511],[-99.0725,19.7585],[-99.0763,19.7488],[-99.0852,19.7454],[-99.0804,19.7589],[-99.0982,19.7647],[-99.1241,19.7652],[-99.1298,19.7515],[-99.1385,19.7655],[-99.1436,19.7956],[-99.1804,19.7932],[-99.1904,19.7999],[-99.1936,19.812],[-99.1897,19.8088],[-99.1841,19.8187],[-99.1803,19.8168],[-99.1771,19.8236],[-99.1737,19.8568],[-99.1511,19.858],[-99.1424,19.8501],[-99.1466,19.836],[-99.1435,19.8264],[-99.139,19.826],[-99.1392,19.8303],[-99.1293,19.8228],[-99.1289,19.8276],[-99.1226,19.8239],[-99.1199,19.8321],[-99.1247,19.8357],[-99.1211,19.8377],[-99.1174,19.8445],[-99.118,19.8524],[-99.1158,19.852],[-99.1202,19.8879],[-99.1079,19.8885],[-99.1156,19.8936],[-99.1111,19.8992],[-99.1135,19.9041],[-99.1077,19.8996],[-99.1022,19.8861],[-99.0957,19.8916],[-99.0949,19.8965],[-99.0887,19.8993],[-99.0784,19.8918],[-99.0822,19.88],[-99.0722,19.8769],[-99.0737,19.8566],[-99.0582,19.8423],[-99.0341,19.8333],[-99.0285,19.8757],[-98.9919,19.902]]]}},{"type":"Feature","properties":{"cve_mun":"15035","nombre_municipio":"Huehuetoca","cve_ent":"15","nombre_entidad":"México"},"geometry":{"type":"Polygon","coordinates":[[[-99.1959,19.8921],[-99.1886,19.8761],[-99.1718,19.8725],[-99.1856,19.8602],[-99.1737,19.8568],[-99.1803,19.8168],[-99.1841,19.8187],[-99.1897,19.8088],[-99.2033,19.8194],[-99.2047,19.8086],[-99.2344,19.8231],[-99.2419,19.8183],[-99.2386,19.8061],[-99.2821,19.7985],[-99.2713,19.7852],[-99.2773,19.754],[-99.2904,19.7576],[-99.2949,19.7621],[-99.3075,19.7595],[-99.3062,19.7565],[-99.312,19.7519],[-99.3241,19.7511],[-99.3328,19.7526],[-99.3447,19.7623],[-99.3395,19.7661],[-99.3394,19.7717],[-99.346,19.7847],[-99.3438,19.7872],[-99.3461,19.7876],[-99.3457,19.7931],[-99.3429,19.7961],[-99.3403,19.7943],[-99.3388,19.802],[-99.3256,19.7931],[-99.3066,19.7977],[-99.3127,19.8052],[-99.3069,19.813],[-99.3119,19.8142],[-99.2969,19.8352],[-99.2863,19.8372],[-99.2816,19.8426],[-99.2787,19.8404],[-99.271,19.8586],[-99.248,19.8598],[-99.2414,19.8753],[-99.2359,19.8735],[-99.2322,19.8767],[-99.2293,19.874],[-99.2183,19.8891],[-99.2072,19.8879],[-99.207,19.8934],[-99.1959,19.8921]]]}},{"type":"Feature","properties":{"cve_mun":"15037","nombre_municipio":"Huixquilucan","cve_ent":"15","nombre_entidad":"México"},"geometry":{"type":"Polygon","coordinates":[[[-99.28,19.4387],[-99.2731,19.4278],[-99.2641,19.4348],[-99.2628,19.4301],[-99.2519,19.4228],[-99.2416,19.4229],[-99.244,19.4203],[-99.2396,19.4122],[-99.2549,19.4046],[-99.257,19.4004],[-99.2581,19.4048],[-99.2617,19.396],[-99.2956,19.3691],[-99.3012,19.3697],[-99.3035,19.3778],[-99.3078,19.3716],[-99.3131,19.3704],[-99.3195,19.3636],[-99.3181,19.3582],[-99.3233,19.3583],[-99.3285,19.3531],[-99.3283,19.3452],[-99.3338,19.3306],[-99.3566,19.3067],[-99.3564,19.3033],[-99.3632,19.3034],[-99.3759,19.3098],[-99.3819,19.3058],[-99.404,19.3538],[-99.403,19.3833],[-99.3959,19.4194],[-99.379,19.4191],[-99.3623,19.431],[-99.3404,19.4321],[-99.3333,19.4364],[-99.3188,19.4321],[-99.3155,19.4354],[-99.3105,19.4351],[-99.305,19.4315],[-99.2941,19.4368],[-99.2912,19.4329],[-99.28,19.4387]]]}},{"type":"Feature","properties":{"cve_mun":"15038","nombre_municipio":"Isidro Fabela","cve_ent":"15","nombre_entidad":"México"},"geometry":{"type":"Polygon","coordinates":[[[-99.3554,19.5923],[-99.3539,19.5871],[-99.359,19.5801],[-99.3388,19.5864],[-99.339,19.5807],[-99.3313,19.5765],[-99.3376,19.5675],[-99.3543,19.5543],[-99.3586,19.5521],[-99.3623,19.5561],[-99.368,19.5557],[-99.3785,19.5508],[-99.3857,19.5408],[-99.3998,19.5525],[-99.4145,19.5424],[-99.4276,19.5426],[-99.4552,19.5289],[-99.4657,19.5141],[-99.4751,19.5111],[-99.4801,19.5133],[-99.4894,19.5115],[-99.5049,19.5256],[-99.5008,19.536],[-99.5224,19.5415],[-99.5209,19.5498],[-99.5244,19.5734],[-99.5113,19.5753],[-99.5037,19.5716],[-99.4926,19.5716],[-99.4829,19.5755],[-99.4741,19.5725],[-99.4771,19.5677],[-99.4678,19.5629],[-99.4433,19.5715],[-99.4324,19.568],[-99.4232,19.5742],[-99.411,19.5719],[-99.3807,19.5826],[-99.3763,19.5793],[-99.3554,19.5923]]]}},{"type":"Feature","properties":{"cve_mun":"15039","nombre_municipio":"Ixtapaluca","cve_ent":"15","nombre_entidad":"México"},"geometry":{"type":"Polygon","coordinates":[[[-98.7127,19.4116],[-98.674,19.4042],[-98.6571,19.3971],[-98.6581,19.3827],[-98.6541,19.3694],[-98.65,19.3644],[-98.6404,19.3647],[-98.6381,19.3589],[-98.6443,19.3582],[-98.6445,19.352],[-98.6549,19.3493],[-98.6606,19.3517],[-98.6635,19.3248],[-98.6319,19.2639],[-98.6484,19.2585],[-98.6619,19.2469],[-98.674,19.2536],[-98.685,19.2674],[-98.699,19.3085],[-98.7221,19.3192],[-98.7258,19.3159],[-98.7432,19.3164],[-98.7505,19.3121],[-98.7655,19.3124],[-98.8019,19.288],[-98.8105,19.2855],[-98.8155,19.2937],[-98.8098,19.2948],[-98.8048,19.3012],[-98.8059,19.3059],[-98.8127,19.3084],[-98.8175,19.3014],[-98.8216,19.3025],[-98.8295,19.2969],[-98.8362,19.2876],[-98.8472,19.2863],[-98.8473,19.2889],[-98.852,19.2893],[-98.8475,19.3014],[-98.8534,19.3009],[-98.853,19.3045],[-98.8597,19.3049],[-98.862,19.3005],[-98.8748,19.3037],[-98.8798,19.2883],[-98.9185,19.291],[-98.9539,19.3295],[-98.9398,19.34],[-98.9183,19.3463],[-98.9103,19.3582],[-98.9032,19.355],[-98.8984,19.3579],[-98.8928,19.364],[-98.893,19.3677],[-98.8855,19.3731],[-98.8861,19.3803],[-98.8749,19.3838],[-98.8747,19.391],[-98.8531,19.3866],[-98.851,19.3943],[-98.834,19.4016],[-98.8115,19.4041],[-98.8109,19.4001],[-98.8012,19.399],[-98.7991,19.4054],[-98.7859,19.4091],[-98.7777,19.4083],[-98.7707,19.4017],[-98.7503,19.3948],[-98.7469,19.403],[-98.7256,19.4003],[-98.7127,19.4116]]]}},{"type":"Feature","properties":{"cve_mun":"15065","nombre_municipio":"Otumba","cve_ent":"15","nombre_entidad":"México"},"geometry":{"type":"MultiPolygon","coordinates":[[[[-98.7594,19.7142],[-98.7332,19.7074],[-98.7244,19.6996],[-98.7125,19.6991],[-98.6914,19.6909],[-98.6741,19.6736],[-98.6597,19.6695],[-98.6609,19.6643],[-98.6655,19.6598],[-98.6678,19.6613],[-98.6707,19.6546],[-98.6676,19.6444],[-98.672,19.6367],[-98.6724,19.6251],[-98.6617,19.6101],[-98.6701,19.5985],[-98.6814,19.5983],[-98.6927,19.6097],[-98.6997,19.6114],[-98.7063,19.6067],[-98.7083,19.6009],[-98.7199,19.6025],[-98.7285,19.6106],[-98.7264,19.6133],[-98.7358,19.6172],[-98.7473,19.6278],[-98.7542,19.618],[-98.765,19.6216],[-98.77,19.6151],[-98.778,19.613],[-98.7887,19.615],[-98.7922,19.6115],[-98.8164,19.6183],[-98.8106,19.6246],[-98.8138,19.6341],[-98.8083,19.6396],[-98.8143,19.644],[-98.8066,19.6532],[-98.8143,19.6603],[-98.8121,19.6638],[-98.8034,19.6595],[-98.7975,19.6659],[-98.7942,19.6653],[-98.7861,19.6839],[-98.8038,19.6856],[-98.7948,19.7029],[-98.7903,19.7027],[-98.7886,19.7065],[-98.7814,19.7057],[-98.7736,19.6994],[-98.7728,19.6954],[-98.7774,19.6921],[-98.7719,19.6909],[-98.7641,19.7023],[-98.7673,19.7079],[-98.7655,19.7124],[-98.762,19.7157],[-98.7594,19.7142]]],[[[-98.7994,19.7391],[-98.7849,19.7244],[-98.7911,19.7213],[-98.7942,19.7117],[-98.7984,19.7104],[-98.8012,19.7165],[-98.7989,19.7231],[-98.8048,19.7346],[-98.7999,19.7348],[-98.7994,19.7391]]]]}},{"type":"Feature","properties":{"cve_mun":"15067","nombre_municipio":"Otzolotepec","cve_ent":"15","nombre_entidad":"México"},"geometry":{"type":"Polygon","coordinates":[[[-99.4801,19.5133],[-99.4538,19.5006],[-99.449,19.4951],[-99.4329,19.4907],[-99.4427,19.4875],[-99.4434,19.4826],[-99.4474,19.4824],[-99.4578,19.4718],[-99.4665,19.4691],[-99.4666,19.4618],[-99.4765,19.4428],[-99.4801,19.4447],[-99.485,19.4384],[-99.5048,19.4313],[-99.5044,19.4249],[-99.5177,19.4226],[-99.5186,19.4252],[-99.5295,19.4154],[-99.5288,19.413],[-99.5371,19.4116],[-99.5426,19.4061],[-99.5657,19.3954],[-99.5727,19.3954],[-99.5839,19.3754],[-99.5912,19.3797],[-99.5842,19.3905],[-99.5912,19.3852],[-99.6044,19.3874],[-99.6023,19.3911],[-99.6075,19.3927],[-99.6063,19.3947],[-99.63,19.4036],[-99.6324,19.3978],[-99.6127,19.3917],[-99.6204,19.3795],[-99.6275,19.3807],[-99.6241,19.392],[-99.6382,19.3939],[-99.6449,19.3992],[-99.6442,19.4015],[-99.6588,19.4037],[-99.6593,19.4073],[-99.6343,19.4099],[-99.6327,19.4181],[-99.6297,19.4199],[-99.6152,19.4061],[-99.6096,19.409],[-99.607,19.406],[-99.5984,19.4064],[-99.5765,19.3981],[-99.5675,19.401],[-99.5661,19.4025],[-99.5766,19.4034],[-99.5717,19.4154],[-99.5807,19.4141],[-99.5844,19.4062],[-99.597,19.4089],[-99.5908,19.425],[-99.5819,19.4236],[-99.5801,19.4279],[-99.5677,19.43],[-99.5654,19.4454],[-99.5703,19.46],[-99.5637,19.472],[-99.5501,19.4715],[-99.5453,19.4839],[-99.5299,19.4938],[-99.5287,19.499],[-99.5098,19.5013],[-99.5039,19.5041],[-99.5027,19.5081],[-99.4965,19.5074],[-99.4801,19.5133]]]}},{"type":"Feature","properties":{"cve_mun":"15051","nombre_municipio":"Lerma","cve_ent":"15","nombre_entidad":"México"},"geometry":{"type":"Polygon","coordinates":[[[-99.4043,19.4305],[-99.4014,19.4196],[-99.3959,19.4194],[-99.403,19.3833],[-99.404,19.3538],[-99.3819,19.3058],[-99.3946,19.3034],[-99.4064,19.3129],[-99.4344,19.3086],[-99.441,19.3073],[-99.4345,19.3007],[-99.4604,19.3022],[-99.4617,19.2917],[-99.4647,19.2949],[-99.4657,19.2909],[-99.4738,19.2921],[-99.474,19.2831],[-99.4799,19.2796],[-99.4973,19.2843],[-99.4933,19.2692],[-99.4957,19.2676],[-99.496,19.2477],[-99.4805,19.2476],[-99.4799,19.2396],[-99.4684,19.2238],[-99.477,19.222],[-99.4898,19.2306],[-99.5145,19.2303],[-99.5218,19.2474],[-99.5196,19.2678],[-99.5228,19.2765],[-99.5218,19.2861],[-99.5559,19.2863],[-99.5616,19.3096],[-99.5455,19.3167],[-99.5287,19.3191],[-99.5332,19.341],[-99.5463,19.3674],[-99.5723,19.395],[-99.5335,19.3962],[-99.4747,19.4108],[-99.4724,19.4182],[-99.4656,19.4242],[-99.4543,19.4228],[-99.4425,19.427],[-99.4043,19.4305]]]}},{"type":"Feature","properties":{"cve_mun":"15070","nombre_municipio":"La Paz","cve_ent":"15","nombre_entidad":"México"},"geometry":{"type":"Polygon","coordinates":[[[-98.9466,19.3898],[-98.9054,19.3735],[-98.898,19.3734],[-98.8997,19.3572],[-98.9032,19.355],[-98.9103,19.3582],[-98.9183,19.3463],[-98.9266,19.3455],[-98.9519,19.3331],[-98.9574,19.3402],[-98.9612,19.3344],[-98.9743,19.337],[-98.9946,19.3581],[-98.9919,19.3676],[-98.9638,19.3737],[-98.9577,19.3846],[-98.9466,19.3898]]]}},{"type":"Feature","properties":{"cve_mun":"15084","nombre_municipio":"Temascalapa","cve_ent":"15","nombre_entidad":"México"},"geometry":{"type":"Polygon","coordinates":[[[-98.8513,19.9006],[-98.841,19.8923],[-98.844,19.882],[-98.8367,19.8812],[-98.8382,19.8794],[-98.8148,19.8678],[-98.8227,19.852],[-98.8182,19.8482],[-98.8267,19.8245],[-98.8122,19.8181],[-98.8187,19.8023],[-98.8279,19.8096],[-98.8346,19.7973],[-98.8202,19.7868],[-98.8099,19.7837],[-98.8182,19.7701],[-98.8272,19.7741],[-98.8387,19.7728],[-98.8449,19.7834],[-98.8559,19.7906],[-98.8603,19.7858],[-98.8644,19.7866],[-98.8807,19.7505],[-98.9006,19.7553],[-98.8983,19.7522],[-98.9094,19.7272],[-98.9158,19.7293],[-98.9302,19.74],[-98.9291,19.743],[-98.9413,19.7485],[-98.9344,19.7631],[-98.9513,19.791],[-98.9276,19.8434],[-98.9163,19.8393],[-98.906,19.8451],[-98.9079,19.8499],[-98.903,19.8593],[-98.9088,19.8571],[-98.9052,19.8635],[-98.9175,19.8692],[-98.9124,19.8748],[-98.9139,19.8769],[-98.9111,19.8763],[-98.9127,19.8792],[-98.9097,19.879],[-98.9118,19.881],[-98.9092,19.8799],[-98.9041,19.8876],[-98.8983,19.8836],[-98.8959,19.8957],[-98.8921,19.8944],[-98.8832,19.9015],[-98.8659,19.8926],[-98.8558,19.9043],[-98.8513,19.9006]]]}},{"type":"Feature","properties":{"cve_mun":"15053","nombre_municipio":"Melchor Ocampo","cve_ent":"15","nombre_entidad":"México"},"geometry":{"type":"Polygon","coordinates":[[[-99.1356,19.7263],[-99.109,19.7206],[-99.1061,19.708],[-99.1089,19.7015],[-99.1109,19.6986],[-99.116,19.6996],[-99.1304,19.7061],[-99.1316,19.6988],[-99.1438,19.6899],[-99.1525,19.6908],[-99.1519,19.6963],[-99.1597,19.6998],[-99.1523,19.7206],[-99.1391,19.7205],[-99.1386,19.7261],[-99.1356,19.7263]]]}},{"type":"Feature","properties":{"cve_mun":"15071","nombre_municipio":"Polotitlán","cve_ent":"15","nombre_entidad":"México"},"geometry":{"type":"Polygon","coordinates":[[[-99.9124,20.2856],[-99.8774,20.2714],[-99.8591,20.2685],[-99.8595,20.2646],[-99.8457,20.2749],[-99.8419,20.2819],[-99.7904,20.238],[-99.7881,20.23],[-99.7935,20.2314],[-99.7952,20.2277],[-99.7426,20.1836],[-99.7403,20.178],[-99.7146,20.1663],[-99.699,20.1724],[-99.6953,20.1585],[-99.6982,20.16],[-99.6996,20.1514],[-99.7088,20.1556],[-99.7164,20.1383],[-99.7158,20.1618],[-99.7378,20.1542],[-99.7482,20.1446],[-99.7556,20.1509],[-99.7552,20.1547],[-99.7607,20.1568],[-99.7616,20.1621],[-99.7664,20.1632],[-99.7733,20.1718],[-99.7772,20.1712],[-99.7935,20.1834],[-99.8024,20.1822],[-99.8055,20.1884],[-99.8127,20.1907],[-99.8172,20.1961],[-99.8227,20.1974],[-99.8261,20.1947],[-99.8259,20.1973],[-99.8404,20.2064],[-99.8429,20.2039],[-99.8487,20.2139],[-99.8589,20.2146],[-99.8714,20.2101],[-99.9113,20.2311],[-99.9284,20.2327],[-99.9341,20.2498],[-99.9285,20.2502],[-99.9296,20.2685],[-99.9195,20.2817],[-99.9124,20.2856]]]}},{"type":"Feature","properties":{"cve_mun":"15072","nombre_municipio":"Rayón","cve_ent":"15","nombre_entidad":"México"},"geometry":{"type":"Polygon","coordinates":[[[-99.5975,19.1577],[-99.5637,19.1542],[-99.5636,19.1517],[-99.5302,19.1503],[-99.5344,19.1434],[-99.5374,19.1204],[-99.5854,19.1217],[-99.5819,19.1224],[-99.581,19.1281],[-99.5838,19.1292],[-99.5813,19.1359],[-99.5897,19.1376],[-99.5909,19.1297],[-99.5984,19.1353],[-99.5984,19.1325],[-99.6063,19.1303],[-99.6085,19.1354],[-99.6009,19.1371],[-99.6006,19.1409],[-99.6015,19.1475],[-99.6069,19.1526],[-99.5975,19.1577]]]}},{"type":"Feature","properties":{"cve_mun":"15073","nombre_municipio":"San Antonio la Isla","cve_ent":"15","nombre_entidad":"México"},"geometry":{"type":"Polygon","coordinates":[[[-99.5354,19.1952],[-99.5137,19.1854],[-99.5194,19.1776],[-99.5158,19.167],[-99.5264,19.1617],[-99.5309,19.1433],[-99.5344,19.1434],[-99.5302,19.1503],[-99.5636,19.1517],[-99.5637,19.1542],[-99.5956,19.1572],[-99.5956,19.161],[-99.5919,19.1631],[-99.5963,19.1654],[-99.5928,19.172],[-99.5771,19.1797],[-99.558,19.1774],[-99.5567,19.1737],[-99.5513,19.1735],[-99.5515,19.1862],[-99.5354,19.1952]]]}},{"type":"Feature","properties":{"cve_mun":"15076","nombre_municipio":"San Mateo Atenco","cve_ent":"15","nombre_entidad":"México"},"geometry":{"type":"Polygon","coordinates":[[[-99.5648,19.3074],[-99.5622,19.2998],[-99.5595,19.301],[-99.5559,19.2863],[-99.5218,19.2861],[-99.5198,19.239],[-99.54,19.2378],[-99.5377,19.2498],[-99.5526,19.2495],[-99.556,19.2708],[-99.5681,19.2652],[-99.5682,19.2773],[-99.5637,19.2775],[-99.5638,19.2871],[-99.5666,19.2872],[-99.5675,19.2975],[-99.5701,19.2972],[-99.5731,19.3042],[-99.5648,19.3074]]]}},{"type":"Feature","properties":{"cve_mun":"15009","nombre_municipio":"Amecameca","cve_ent":"15","nombre_entidad":"México"},"geometry":{"type":"Polygon","coordinates":[[[-98.6698,19.1813],[-98.6392,19.1636],[-98.6353,19.147],[-98.6389,19.1506],[-98.6407,19.1255],[-98.6396,19.1232],[-98.627,19.1248],[-98.6256,19.1202],[-98.6326,19.1006],[-98.6259,19.0894],[-98.6311,19.088],[-98.6393,19.0774],[-98.6472,19.086],[-98.6796,19.0869],[-98.69,19.0779],[-98.7017,19.0744],[-98.7108,19.0759],[-98.7288,19.089],[-98.7403,19.0923],[-98.7417,19.0889],[-98.7288,19.0848],[-98.7291,19.0775],[-98.7421,19.079],[-98.7613,19.0712],[-98.7642,19.0793],[-98.7755,19.0727],[-98.7843,19.0764],[-98.7831,19.0693],[-98.788,19.0554],[-98.7983,19.062],[-98.7932,19.0634],[-98.7925,19.0748],[-98.8175,19.0754],[-98.8107,19.0914],[-98.8019,19.0899],[-98.7947,19.1029],[-98.7962,19.1065],[-98.7876,19.1129],[-98.7895,19.1167],[-98.7859,19.1229],[-98.778,19.1219],[-98.7728,19.1301],[-98.7768,19.1312],[-98.7777,19.1352],[-98.7746,19.1441],[-98.7907,19.1461],[-98.7895,19.1557],[-98.794,19.1602],[-98.8115,19.1578],[-98.8181,19.1692],[-98.8074,19.1693],[-98.7897,19.1764],[-98.7811,19.1622],[-98.7769,19.1606],[-98.7789,19.1572],[-98.7762,19.1491],[-98.7694,19.1525],[-98.7602,19.1661],[-98.7581,19.1781],[-98.7361,19.1808],[-98.7274,19.1707],[-98.7169,19.1791],[-98.7001,19.1713],[-98.6796,19.1821],[-98.6698,19.1813]]]}},{"type":"Feature","properties":{"cve_mun":"15048","nombre_municipio":"Jocotitlán","cve_ent":"15","nombre_entidad":"México"},"geometry":{"type":"Polygon","coordinates":[[[-99.9804,19.8167],[-99.9751,19.8136],[-99.9587,19.8154],[-99.9612,19.7924],[-99.9493,19.798],[-99.9292,19.7919],[-99.9247,19.8022],[-99.9192,19.803],[-99.9187,19.8056],[-99.9071,19.805],[-99.9048,19.8016],[-99.9083,19.7959],[-99.9067,19.7914],[-99.9152,19.7851],[-99.8832,19.7715],[-99.8789,19.7758],[-99.8767,19.7722],[-99.8809,19.7607],[-99.8602,19.7636],[-99.8605,19.7571],[-99.8488,19.7448],[-99.8438,19.7516],[-99.8475,19.7582],[-99.8181,19.7459],[-99.8161,19.7401],[-99.8077,19.7356],[-99.796,19.7339],[-99.7655,19.7441],[-99.745,19.7296],[-99.7302,19.7411],[-99.7271,19.7372],[-99.7054,19.7427],[-99.7032,19.7472],[-99.6889,19.7417],[-99.6901,19.7364],[-99.683,19.7356],[-99.6854,19.723],[-99.6718,19.7203],[-99.6706,19.7139],[-99.678,19.7045],[-99.6586,19.7001],[-99.6613,19.6871],[-99.6829,19.6904],[-99.6822,19.6948],[-99.6848,19.694],[-99.6891,19.6855],[-99.6981,19.6831],[-99.7007,19.6715],[-99.7109,19.6602],[-99.7119,19.6484],[-99.7237,19.6446],[-99.7297,19.6478],[-99.7339,19.6461],[-99.736,19.6344],[-99.7331,19.6336],[-99.7375,19.6284],[-99.7443,19.6275],[-99.7446,19.6338],[-99.7643,19.6356],[-99.7655,19.6261],[-99.7879,19.6139],[-99.8007,19.624],[-99.7969,19.6265],[-99.7978,19.6336],[-99.8088,19.6365],[-99.8111,19.6328],[-99.8258,19.6495],[-99.8164,19.6618],[-99.809,19.6617],[-99.8031,19.6696],[-99.8392,19.6883],[-99.838,19.6922],[-99.846,19.6956],[-99.8427,19.6988],[-99.8347,19.6936],[-99.8321,19.6975],[-99.8389,19.6988],[-99.8362,19.7002],[-99.8555,19.7192],[-99.8604,19.7164],[-99.8719,19.7346],[-99.8798,19.7323],[-99.8803,19.7233],[-99.8875,19.7198],[-99.9059,19.7265],[-99.9071,19.724],[-99.9262,19.7285],[-99.9189,19.7364],[-99.9367,19.7377],[-99.9442,19.7332],[-99.9762,19.7394],[-99.9757,19.7368],[-99.9833,19.7361],[-99.986,19.7488],[-100.0066,19.7514],[-100.0157,19.7347],[-100.0107,19.7626],[-100.0004,19.7721],[-99.9921,19.7708],[-99.9804,19.8167]]]}},{"type":"Feature","properties":{"cve_mun":"15031","nombre_municipio":"Chimalhuacán","cve_ent":"15","nombre_entidad":"México"},"geometry":{"type":"Polygon","coordinates":[[[-98.9395,19.4625],[-98.9255,19.4424],[-98.9267,19.4111],[-98.922,19.4136],[-98.9276,19.4048],[-98.9302,19.406],[-98.9387,19.3975],[-98.9332,19.3906],[-98.9179,19.4062],[-98.9119,19.4077],[-98.913,19.4018],[-98.8951,19.3977],[-98.8954,19.3732],[-98.9054,19.3735],[-98.9479,19.3903],[-98.9492,19.3869],[-98.9577,19.3846],[-98.9659,19.3733],[-98.972,19.3838],[-98.967,19.391],[-98.9782,19.3945],[-98.9886,19.4123],[-98.9836,19.4249],[-98.9865,19.4274],[-98.9906,19.426],[-98.9904,19.4296],[-98.9792,19.4358],[-98.9764,19.4464],[-98.9783,19.4517],[-98.951,19.4617],[-98.9395,19.4625]]]}},{"type":"Feature","properties":{"cve_mun":"15047","nombre_municipio":"Jiquipilco","cve_ent":"15","nombre_entidad":"México"},"geometry":{"type":"Polygon","coordinates":[[[-99.6577,19.7004],[-99.6352,19.6897],[-99.638,19.674],[-99.6499,19.6747],[-99.6482,19.665],[-99.6427,19.6636],[-99.6431,19.6586],[-99.6327,19.6497],[-99.6323,19.6446],[-99.6239,19.6413],[-99.6215,19.6317],[-99.6035,19.6295],[-99.5966,19.6177],[-99.5743,19.6092],[-99.5638,19.6281],[-99.5646,19.6412],[-99.5499,19.629],[-99.5246,19.6149],[-99.5281,19.6043],[-99.534,19.5983],[-99.5258,19.5821],[-99.5422,19.5808],[-99.554,19.5711],[-99.5726,19.5256],[-99.5995,19.5179],[-99.6282,19.5005],[-99.6371,19.5049],[-99.6533,19.4825],[-99.6555,19.4832],[-99.6552,19.5082],[-99.6645,19.5076],[-99.6712,19.4984],[-99.674,19.5062],[-99.6821,19.5063],[-99.6864,19.4993],[-99.6884,19.5136],[-99.6859,19.5217],[-99.7025,19.5273],[-99.7143,19.5088],[-99.7237,19.5161],[-99.7122,19.5254],[-99.7198,19.526],[-99.7215,19.5323],[-99.7276,19.5342],[-99.7273,19.5442],[-99.7034,19.5432],[-99.7,19.5462],[-99.689,19.539],[-99.6847,19.5423],[-99.6884,19.556],[-99.6924,19.5576],[-99.698,19.5512],[-99.7162,19.5549],[-99.7155,19.5588],[-99.7299,19.5592],[-99.7307,19.5626],[-99.741,19.5688],[-99.7304,19.5716],[-99.7309,19.5756],[-99.7226,19.5824],[-99.7324,19.5891],[-99.7302,19.6004],[-99.7198,19.6219],[-99.7214,19.6249],[-99.7153,19.632],[-99.7134,19.6299],[-99.6983,19.6401],[-99.7005,19.6457],[-99.6887,19.6568],[-99.6793,19.6504],[-99.6788,19.6629],[-99.7015,19.6704],[-99.6981,19.6831],[-99.6891,19.6855],[-99.6826,19.695],[-99.6829,19.6904],[-99.6613,19.6871],[-99.6577,19.7004]]]}},{"type":"Feature","properties":{"cve_mun":"15042","nombre_municipio":"Ixtlahuaca","cve_ent":"15","nombre_entidad":"México"},"geometry":{"type":"Polygon","coordinates":[[[-99.8713,19.7337],[-99.8604,19.7164],[-99.8555,19.7192],[-99.8362,19.7002],[-99.8389,19.6988],[-99.8321,19.6975],[-99.8347,19.6936],[-99.8427,19.6988],[-99.846,19.6956],[-99.838,19.6922],[-99.8392,19.6883],[-99.8031,19.6696],[-99.809,19.6617],[-99.8164,19.6618],[-99.8258,19.6495],[-99.8111,19.6328],[-99.8088,19.6365],[-99.7978,19.6336],[-99.7969,19.6265],[-99.8007,19.624],[-99.7879,19.6139],[-99.7655,19.6261],[-99.7643,19.6356],[-99.7446,19.6338],[-99.7443,19.6275],[-99.7375,19.6284],[-99.7331,19.6336],[-99.736,19.6344],[-99.7339,19.6461],[-99.7297,19.6478],[-99.7237,19.6446],[-99.7119,19.6484],[-99.7109,19.6602],[-99.7015,19.6704],[-99.6788,19.6629],[-99.6793,19.6504],[-99.6887,19.6568],[-99.7005,19.6457],[-99.6983,19.6401],[-99.7134,19.6299],[-99.7153,19.632],[-99.7214,19.6249],[-99.7198,19.6219],[-99.7302,19.6004],[-99.7324,19.5891],[-99.7226,19.5824],[-99.7309,19.5756],[-99.7304,19.5716],[-99.741,19.5688],[-99.7307,19.5626],[-99.7299,19.5592],[-99.7155,19.5588],[-99.7162,19.5549],[-99.698,19.5512],[-99.6924,19.5576],[-99.6884,19.556],[-99.688,19.5489],[-99.6853,19.5484],[-99.6847,19.5423],[-99.6892,19.539],[-99.7,19.5462],[-99.7034,19.5432],[-99.7273,19.5442],[-99.7276,19.5342],[-99.7215,19.5323],[-99.7198,19.526],[-99.7122,19.5254],[-99.7237,19.5161],[-99.7143,19.5088],[-99.7032,19.527],[-99.6935,19.5255],[-99.6982,19.5169],[-99.6979,19.5083],[-99.7064,19.4983],[-99.7135,19.4807],[-99.7293,19.4819],[-99.7345,19.4714],[-99.7454,19.4745],[-99.7484,19.4718],[-99.7555,19.4747],[-99.7507,19.4792],[-99.7533,19.4809],[-99.7571,19.4773],[-99.7562,19.4842],[-99.7686,19.4814],[-99.7694,19.4692],[-99.7723,19.4685],[-99.7746,19.4781],[-99.7864,19.4799],[-99.7863,19.4834],[-99.7921,19.4844],[-99.7935,19.5035],[-99.8145,19.5219],[-99.8311,19.5318],[-99.8354,19.5384],[-99.8439,19.532],[-99.871,19.5354],[-99.8703,19.5404],[-99.9018,19.5453],[-99.8999,19.5493],[-99.9148,19.5518],[-99.9106,19.5603],[-99.9165,19.5611],[-99.902,19.5737],[-99.9112,19.586],[-99.8672,19.6303],[-99.8789,19.6422],[-99.8859,19.6619],[-99.8942,19.6593],[-99.9014,19.6694],[-99.9067,19.6851],[-99.8975,19.6867],[-99.9032,19.6924],[-99.9001,19.7063],[-99.9064,19.7152],[-99.881,19.7223],[-99.88,19.7321],[-99.8713,19.7337]]]}},{"type":"Feature","properties":{"cve_mun":"15040","nombre_municipio":"Ixtapan de la Sal","cve_ent":"15","nombre_entidad":"México"},"geometry":{"type":"Polygon","coordinates":[[[-99.7104,18.9131],[-99.701,18.9119],[-99.683,18.9025],[-99.6824,18.9059],[-99.6712,18.9042],[-99.6594,18.8955],[-99.6603,18.8918],[-99.6577,18.8941],[-99.652,18.8898],[-99.6517,18.8818],[-99.6473,18.8819],[-99.644,18.8738],[-99.6404,18.8734],[-99.636,18.8663],[-99.6331,18.8671],[-99.6287,18.8603],[-99.6214,18.8312],[-99.619,18.8324],[-99.6195,18.8287],[-99.6095,18.8197],[-99.6094,18.8163],[-99.6106,18.8129],[-99.6201,18.8204],[-99.6377,18.8137],[-99.648,18.8335],[-99.6563,18.8299],[-99.6523,18.8291],[-99.6556,18.8248],[-99.6643,18.8225],[-99.6649,18.816],[-99.671,18.8151],[-99.6707,18.8207],[-99.6922,18.8226],[-99.7065,18.8169],[-99.7123,18.8116],[-99.71,18.8019],[-99.7045,18.7908],[-99.697,18.7863],[-99.6947,18.7768],[-99.7092,18.7688],[-99.7144,18.7721],[-99.7172,18.7898],[-99.735,18.8066],[-99.7449,18.8118],[-99.7446,18.8179],[-99.7627,18.838],[-99.7614,18.841],[-99.7484,18.8459],[-99.7532,18.8582],[-99.7483,18.8512],[-99.7404,18.8526],[-99.7307,18.8411],[-99.7275,18.8425],[-99.734,18.8515],[-99.7268,18.8609],[-99.7267,18.8664],[-99.7346,18.8807],[-99.7323,18.8969],[-99.7353,18.8975],[-99.7326,18.9033],[-99.7151,18.8991],[-99.717,18.9056],[-99.7104,18.9131]]]}},{"type":"Feature","properties":{"cve_mun":"15036","nombre_municipio":"Hueypoxtla","cve_ent":"15","nombre_entidad":"México"},"geometry":{"type":"Polygon","coordinates":[[[-98.989,20.0679],[-98.9886,20.0629],[-98.97,20.0454],[-98.9587,20.0396],[-98.9599,20.0326],[-98.964,20.0312],[-98.9467,20.0275],[-98.9443,20.0173],[-98.9475,20.009],[-98.9421,20.0006],[-98.9427,19.9791],[-98.9485,19.974],[-98.9662,19.974],[-98.9812,19.9547],[-98.9956,19.9569],[-98.9998,19.9418],[-98.9847,19.9463],[-98.9832,19.9386],[-98.9683,19.9338],[-98.9604,19.9251],[-98.9561,19.9282],[-98.9527,19.9067],[-98.9568,19.9056],[-98.9551,19.8964],[-98.9614,19.8936],[-98.9535,19.8885],[-98.956,19.8852],[-98.966,19.8917],[-98.9892,19.8814],[-98.9921,19.903],[-98.9963,19.9003],[-99.0285,19.8757],[-99.0341,19.8333],[-99.0582,19.8423],[-99.0737,19.8566],[-99.0722,19.8769],[-99.0822,19.88],[-99.0784,19.8918],[-99.0901,19.9006],[-99.0836,19.9083],[-99.0909,19.9165],[-99.0686,19.9214],[-99.0586,19.9355],[-99.0933,19.9421],[-99.092,19.9448],[-99.1023,19.9433],[-99.1031,19.9493],[-99.1098,19.9482],[-99.1104,19.9445],[-99.1265,19.945],[-99.143,19.9586],[-99.1258,19.9716],[-99.1193,19.9691],[-99.1044,19.9819],[-99.0979,19.9834],[-99.0968,19.996],[-99.0954,19.9975],[-99.0948,19.9926],[-99.09,20.0014],[-99.084,20.004],[-99.0846,20.0109],[-99.0926,20.0183],[-99.1181,20.0248],[-99.1182,20.0293],[-99.0958,20.0306],[-99.0894,20.0343],[-99.0797,20.0262],[-99.0783,20.0183],[-99.0683,20.018],[-99.0638,20.0142],[-99.0676,19.985],[-99.0607,19.9742],[-99.0561,19.9847],[-99.0585,19.9884],[-99.0476,19.9952],[-99.0522,20.0013],[-99.0494,20.0077],[-99.0313,20.0149],[-99.0308,20.0029],[-99.0274,20.0016],[-99.0319,19.9966],[-99.0299,19.993],[-99.0328,19.9906],[-99.0345,19.9718],[-99.0277,19.9646],[-99.0041,19.965],[-99.0075,19.9792],[-99.0142,19.9777],[-99.0113,19.9821],[-99.0131,19.985],[-99.0216,19.987],[-99.018,19.9955],[-99.0133,19.9977],[-99.0133,20.0109],[-99.0053,20.0289],[-99.0048,20.0327],[-99.0079,20.0311],[-99.0105,20.0355],[-99.0056,20.0532],[-99.0012,20.0524],[-98.989,20.0679]]]}},{"type":"Feature","properties":{"cve_mun":"15034","nombre_municipio":"Ecatzingo","cve_ent":"15","nombre_entidad":"México"},"geometry":{"type":"Polygon","coordinates":[[[-98.667,19.0003],[-98.6902,18.9666],[-98.6964,18.9642],[-98.7015,18.9548],[-98.7148,18.9426],[-98.7334,18.9457],[-98.7631,18.9404],[-98.775,18.9435],[-98.7809,18.9398],[-98.7861,18.9429],[-98.7921,18.9353],[-98.7995,18.9403],[-98.7885,18.9616],[-98.7888,18.9695],[-98.7764,18.9742],[-98.776,18.9786],[-98.7729,18.9773],[-98.7676,18.9857],[-98.7679,18.9956],[-98.7557,18.9879],[-98.7436,18.9878],[-98.7362,18.9921],[-98.7311,18.9886],[-98.7224,18.9905],[-98.7209,18.9876],[-98.6911,18.9969],[-98.667,19.0003]]]}},{"type":"Feature","properties":{"cve_mun":"15041","nombre_municipio":"Ixtapan del Oro","cve_ent":"15","nombre_entidad":"México"},"geometry":{"type":"Polygon","coordinates":[[[-100.3,19.3286],[-100.2965,19.3233],[-100.2865,19.3246],[-100.2798,19.3116],[-100.2832,19.3072],[-100.2804,19.3013],[-100.2702,19.2973],[-100.2641,19.2896],[-100.2596,19.2894],[-100.2584,19.284],[-100.2528,19.2793],[-100.2504,19.2834],[-100.2396,19.2877],[-100.2322,19.2855],[-100.22,19.2628],[-100.2314,19.2589],[-100.2368,19.2502],[-100.2392,19.2395],[-100.2303,19.2397],[-100.2315,19.2182],[-100.2374,19.2008],[-100.2431,19.1974],[-100.2611,19.1993],[-100.2641,19.1943],[-100.2671,19.2009],[-100.2712,19.1957],[-100.2757,19.196],[-100.2795,19.1981],[-100.2705,19.2026],[-100.2683,19.2071],[-100.2745,19.2129],[-100.2884,19.2114],[-100.2994,19.2207],[-100.3305,19.2303],[-100.3377,19.227],[-100.3313,19.2305],[-100.3199,19.253],[-100.3205,19.2803],[-100.3153,19.2874],[-100.3201,19.2909],[-100.3131,19.2973],[-100.3233,19.3068],[-100.3206,19.3153],[-100.3075,19.3221],[-100.3065,19.3272],[-100.3,19.3286]]]}},{"type":"Feature","properties":{"cve_mun":"15079","nombre_municipio":"Soyaniquilpan de Juárez","cve_ent":"15","nombre_entidad":"México"},"geometry":{"type":"Polygon","coordinates":[[[-99.5224,20.1193],[-99.5082,20.1189],[-99.4984,20.1055],[-99.487,20.1052],[-99.4835,20.101],[-99.481,20.0822],[-99.4598,20.0655],[-99.4582,20.055],[-99.4484,20.0422],[-99.4369,20.0013],[-99.4455,19.9912],[-99.4445,19.9851],[-99.4684,19.9928],[-99.4681,19.9883],[-99.4774,19.9868],[-99.4732,19.9927],[-99.4909,19.9945],[-99.4897,20.0106],[-99.4991,20.0117],[-99.5065,20.0168],[-99.5136,19.9928],[-99.5222,19.9899],[-99.5225,20.0042],[-99.5443,20.005],[-99.5478,20.0126],[-99.5624,20.0126],[-99.5626,20.0276],[-99.5725,20.0306],[-99.5802,20.0275],[-99.5845,20.0395],[-99.573,20.0454],[-99.5795,20.0648],[-99.5855,20.0657],[-99.5853,20.0729],[-99.5843,20.0757],[-99.5781,20.0757],[-99.5804,20.0826],[-99.5749,20.0823],[-99.5751,20.0893],[-99.5857,20.0909],[-99.5849,20.0966],[-99.5902,20.0968],[-99.5899,20.1044],[-99.5698,20.0994],[-99.5696,20.1035],[-99.5399,20.1024],[-99.5388,20.1145],[-99.5331,20.1148],[-99.5333,20.1202],[-99.5224,20.1193]]]}},{"type":"Feature","properties":{"cve_mun":"15123","nombre_municipio":"Luvianos","cve_ent":"15","nombre_entidad":"México"},"geometry":{"type":"Polygon","coordinates":[[[-100.3676,19.0765],[-100.3658,19.0724],[-100.3559,19.0733],[-100.3516,19.0699],[-100.3522,19.0662],[-100.349,19.0668],[-100.3493,19.0629],[-100.3376,19.0611],[-100.339,19.0555],[-100.333,19.0515],[-100.3246,19.0523],[-100.3289,19.0437],[-100.3245,19.0382],[-100.3062,19.042],[-100.3,19.033],[-100.2908,19.034],[-100.287,19.0237],[-100.2896,19.0215],[-100.2847,19.0176],[-100.2872,19.0126],[-100.2827,19.0127],[-100.2829,19.0085],[-100.2809,19.01],[-100.2761,19.0046],[-100.2729,19.0058],[-100.2714,19.0022],[-100.2574,18.9996],[-100.2507,18.9799],[-100.2427,18.9775],[-100.2435,18.9738],[-100.2404,18.9751],[-100.2387,18.9699],[-100.2329,18.9671],[-100.2363,18.9633],[-100.2432,18.9644],[-100.2484,18.9597],[-100.2329,18.9391],[-100.2347,18.9319],[-100.25,18.9225],[-100.2413,18.9029],[-100.2451,18.8908],[-100.2497,18.8901],[-100.2562,18.8748],[-100.2519,18.8622],[-100.2554,18.8608],[-100.2557,18.8567],[-100.2722,18.856],[-100.2731,18.8461],[-100.2893,18.8415],[-100.2952,18.8361],[-100.2976,18.8405],[-100.3151,18.8481],[-100.3181,18.8591],[-100.3437,18.8709],[-100.3527,18.8685],[-100.3629,18.8751],[-100.3691,18.8737],[-100.3767,18.8773],[-100.3873,18.857],[-100.3912,18.8567],[-100.3983,18.849],[-100.394,18.8355],[-100.3981,18.8276],[-100.4018,18.83],[-100.4157,18.8252],[-100.4156,18.8189],[-100.4213,18.8165],[-100.4259,18.8236],[-100.4391,18.8262],[-100.4414,18.8305],[-100.4447,18.8261],[-100.4495,18.8306],[-100.4488,18.8352],[-100.4606,18.8367],[-100.4724,18.8464],[-100.4856,18.8495],[-100.4937,18.8473],[-100.5011,18.8509],[-100.5155,18.8516],[-100.5186,18.8462],[-100.5261,18.849],[-100.5297,18.8464],[-100.5364,18.8475],[-100.538,18.8362],[-100.5411,18.8367],[-100.5518,18.8455],[-100.5664,18.8486],[-100.5768,18.8578],[-100.5861,18.8591],[-100.5975,18.8762],[-100.6052,18.8757],[-100.608,18.8852],[-100.6131,18.8871],[-100.6106,18.8906],[-100.6129,18.8935],[-100.6005,18.8929],[-100.6041,18.8994],[-100.5894,18.9081],[-100.5932,18.9153],[-100.5854,18.9113],[-100.5804,18.9157],[-100.5742,18.9145],[-100.578,18.9211],[-100.5759,18.9229],[-100.5652,18.9177],[-100.5688,18.9217],[-100.5639,18.9238],[-100.565,18.9286],[-100.5622,18.9286],[-100.562,18.9328],[-100.5438,18.9347],[-100.5436,18.9404],[-100.5497,18.9464],[-100.5461,18.9501],[-100.5467,18.9642],[-100.5334,18.9644],[-100.5373,18.9723],[-100.5338,18.9786],[-100.5377,18.9842],[-100.5352,18.9877],[-100.5302,18.987],[-100.5324,18.9912],[-100.5302,18.9942],[-100.5232,18.9936],[-100.5299,19.0093],[-100.5194,19.0121],[-100.5142,19.0084],[-100.5128,19.0124],[-100.5089,19.0103],[-100.496,19.0182],[-100.4953,19.022],[-100.4843,19.021],[-100.4851,19.0277],[-100.4791,19.0262],[-100.4771,19.0341],[-100.4687,19.0291],[-100.4597,19.0322],[-100.4579,19.041],[-100.4512,19.0478],[-100.4456,19.0454],[-100.4471,19.052],[-100.4362,19.0579],[-100.4314,19.0549],[-100.4317,19.0607],[-100.4205,19.061],[-100.4198,19.0659],[-100.4108,19.0636],[-100.4126,19.0667],[-100.4099,19.0748],[-100.4006,19.0685],[-100.3983,19.0723],[-100.3914,19.0729],[-100.3906,19.0701],[-100.3878,19.0741],[-100.3778,19.0762],[-100.3743,19.0705],[-100.3736,19.074],[-100.3676,19.0765]]]}},{"type":"Feature","properties":{"cve_mun":"15114","nombre_municipio":"Villa Victoria","cve_ent":"15","nombre_entidad":"México"},"geometry":{"type":"Polygon","coordinates":[[[-99.9437,19.572],[-99.9252,19.5691],[-99.9275,19.5544],[-99.9404,19.5571],[-99.9489,19.5388],[-99.9303,19.5331],[-99.938,19.4885],[-99.9159,19.4821],[-99.9093,19.4682],[-99.9046,19.4665],[-99.9072,19.4616],[-99.8981,19.4646],[-99.8923,19.4574],[-99.893,19.4532],[-99.8899,19.4527],[-99.8926,19.437],[-99.8843,19.435],[-99.8791,19.4396],[-99.8611,19.4375],[-99.8531,19.4197],[-99.8701,19.4196],[-99.872,19.427],[-99.8774,19.4237],[-99.8737,19.4224],[-99.867,19.4058],[-99.8802,19.4054],[-99.8805,19.4188],[-99.887,19.4198],[-99.8879,19.4174],[-99.8831,19.4165],[-99.8828,19.4014],[-99.8917,19.4011],[-99.8917,19.4086],[-99.9012,19.4071],[-99.9014,19.4003],[-99.9111,19.3985],[-99.9134,19.3743],[-99.9063,19.3736],[-99.9058,19.3773],[-99.8934,19.3765],[-99.8928,19.3685],[-99.8938,19.3653],[-99.9196,19.3651],[-99.9224,19.3595],[-99.921,19.3448],[-99.9253,19.3383],[-99.916,19.3052],[-99.9191,19.2927],[-99.9327,19.3063],[-99.9681,19.3167],[-99.9824,19.3328],[-100.0038,19.3138],[-99.9987,19.331],[-100.0108,19.3439],[-100.0264,19.3489],[-100.0469,19.4025],[-100.0549,19.4097],[-100.0602,19.4071],[-100.0612,19.4137],[-100.0652,19.416],[-100.0576,19.4218],[-100.0637,19.4296],[-100.0598,19.4347],[-100.0633,19.4468],[-100.0993,19.4464],[-100.1145,19.4593],[-100.1257,19.4575],[-100.1258,19.4634],[-100.1452,19.464],[-100.1452,19.4712],[-100.1514,19.4807],[-100.1513,19.4869],[-100.1447,19.4855],[-100.1323,19.4948],[-100.1317,19.519],[-100.1253,19.5252],[-100.1106,19.5242],[-100.1116,19.5154],[-100.0914,19.5143],[-100.0962,19.4927],[-100.0777,19.4932],[-100.0783,19.4896],[-100.0715,19.4886],[-100.0595,19.5025],[-100.0651,19.5059],[-100.0586,19.523],[-100.0604,19.5262],[-100.05,19.5366],[-100.032,19.5458],[-100.0315,19.554],[-100.0222,19.5575],[-100.0144,19.555],[-100.0026,19.5563],[-99.9936,19.5608],[-99.995,19.5495],[-99.9576,19.5428],[-99.9548,19.5575],[-99.9421,19.5582],[-99.9437,19.572]]]}},{"type":"Feature","properties":{"cve_mun":"15085","nombre_municipio":"Temascalcingo","cve_ent":"15","nombre_entidad":"México"},"geometry":{"type":"Polygon","coordinates":[[[-100.1474,20.0554],[-100.1397,20.0431],[-100.134,20.0434],[-100.1266,20.0381],[-100.1203,20.0389],[-100.1185,20.0338],[-100.1113,20.034],[-100.1055,20.0267],[-100.097,20.0233],[-100.0971,20.0273],[-100.0913,20.0243],[-100.0888,20.015],[-100.0836,20.0267],[-100.0769,20.0295],[-100.0733,20.0184],[-100.0571,20.0045],[-100.0328,19.995],[-100.0275,19.9975],[-100.0226,19.9957],[-99.9743,19.9713],[-99.9774,19.9673],[-99.9674,19.946],[-99.9679,19.9304],[-99.9506,19.9291],[-99.9447,19.9359],[-99.9322,19.9394],[-99.9223,19.928],[-99.8909,19.9057],[-99.8988,19.8988],[-99.9165,19.906],[-99.9262,19.8906],[-99.935,19.8927],[-99.9324,19.871],[-99.9653,19.8785],[-99.9733,19.8578],[-99.9632,19.8534],[-99.9302,19.8589],[-99.9322,19.8467],[-99.94,19.848],[-99.9438,19.8535],[-99.9477,19.8519],[-99.948,19.8463],[-99.939,19.8434],[-99.9449,19.8313],[-99.9397,19.829],[-99.9437,19.8258],[-99.9599,19.8342],[-99.9587,19.8154],[-100.0011,19.8159],[-100.0185,19.8131],[-100.0186,19.8072],[-100.0248,19.8069],[-100.0341,19.8111],[-100.032,19.8145],[-100.0421,19.826],[-100.0417,19.8429],[-100.0471,19.8449],[-100.0479,19.8307],[-100.051,19.8303],[-100.054,19.8493],[-100.0581,19.8318],[-100.0662,19.8333],[-100.0718,19.8403],[-100.0855,19.8456],[-100.0911,19.86],[-100.0634,19.8546],[-100.0634,19.8619],[-100.071,19.8631],[-100.1024,19.8797],[-100.1175,19.904],[-100.1192,19.9121],[-100.1301,19.9162],[-100.1314,19.982],[-100.1244,19.9968],[-100.116,20.0061],[-100.1232,20.0077],[-100.1252,20.0122],[-100.1377,20.0108],[-100.1445,20.0052],[-100.1551,20.0074],[-100.1587,20.0358],[-100.1545,20.0351],[-100.1533,20.0537],[-100.1474,20.0554]]]}},{"type":"Feature","properties":{"cve_mun":"15088","nombre_municipio":"Tenancingo","cve_ent":"15","nombre_entidad":"México"},"geometry":{"type":"MultiPolygon","coordinates":[[[[-99.5496,18.8762],[-99.5412,18.8719],[-99.5415,18.8631],[-99.5337,18.8522],[-99.522,18.8481],[-99.5162,18.8314],[-99.5204,18.8189],[-99.5301,18.8209],[-99.5353,18.8363],[-99.5427,18.8382],[-99.5471,18.8473],[-99.5541,18.8496],[-99.5584,18.855],[-99.5588,18.8738],[-99.5525,18.8822],[-99.5496,18.8762]]],[[[-99.6129,19.0404],[-99.6024,19.0394],[-99.6001,19.036],[-99.6049,19.0297],[-99.6028,19.0148],[-99.5848,19.018],[-99.565,19.01],[-99.5603,19.0104],[-99.5605,19.022],[-99.5448,19.018],[-99.5398,19.0321],[-99.5412,19.0355],[-99.5353,19.0373],[-99.5083,19.0297],[-99.4909,19.0319],[-99.4916,19.017],[-99.5035,19.009],[-99.5102,18.9984],[-99.5047,18.9915],[-99.5105,18.9852],[-99.5117,18.9778],[-99.5108,18.9734],[-99.507,18.9732],[-99.5189,18.9432],[-99.5307,18.9471],[-99.5311,18.9505],[-99.5506,18.9447],[-99.5385,18.9359],[-99.5374,18.932],[-99.5373,18.9258],[-99.5474,18.9176],[-99.541,18.9168],[-99.5469,18.907],[-99.5486,18.8887],[-99.553,18.8895],[-99.5534,18.9024],[-99.5612,18.9091],[-99.5757,18.9068],[-99.5941,18.9222],[-99.607,18.9233],[-99.622,18.9213],[-99.6245,18.9185],[-99.6225,18.9279],[-99.6252,18.9413],[-99.6153,18.9515],[-99.6205,18.9609],[-99.6336,18.9684],[-99.6356,18.9666],[-99.6429,18.9756],[-99.6431,18.9801],[-99.638,18.981],[-99.6367,18.9874],[-99.6383,19.0058],[-99.6355,19.0133],[-99.6385,19.0301],[-99.6286,19.0383],[-99.6129,19.0404]]]]}},{"type":"Feature","properties":{"cve_mun":"15099","nombre_municipio":"Texcoco","cve_ent":"15","nombre_entidad":"México"},"geometry":{"type":"Polygon","coordinates":[[[-98.8348,19.557],[-98.8136,19.5508],[-98.7949,19.5515],[-98.7889,19.5331],[-98.7813,19.526],[-98.7832,19.5182],[-98.7802,19.5159],[-98.7785,19.5207],[-98.7722,19.5243],[-98.775,19.5287],[-98.771,19.5349],[-98.7573,19.53],[-98.7536,19.5329],[-98.754,19.5261],[-98.751,19.5276],[-98.7454,19.5226],[-98.7292,19.5216],[-98.6873,19.4836],[-98.6828,19.4761],[-98.6692,19.471],[-98.6646,19.4629],[-98.6532,19.466],[-98.6614,19.4581],[-98.6347,19.4299],[-98.6374,19.426],[-98.6389,19.4301],[-98.6412,19.4271],[-98.6502,19.4346],[-98.6488,19.4316],[-98.6602,19.4321],[-98.6563,19.4221],[-98.6618,19.4129],[-98.6586,19.4094],[-98.6628,19.403],[-98.6571,19.3971],[-98.674,19.4042],[-98.713,19.4116],[-98.7256,19.4003],[-98.7469,19.403],[-98.7503,19.3948],[-98.7707,19.4017],[-98.778,19.4084],[-98.8012,19.405],[-98.8239,19.4125],[-98.8319,19.4183],[-98.846,19.4161],[-98.8571,19.4186],[-98.8819,19.436],[-98.8854,19.436],[-98.8873,19.4302],[-98.8929,19.4317],[-98.899,19.4254],[-98.9122,19.4242],[-98.9244,19.4278],[-98.9255,19.4424],[-98.9402,19.4636],[-98.9783,19.4517],[-98.9764,19.4464],[-98.9789,19.4364],[-98.9904,19.4296],[-98.9907,19.4246],[-99.0269,19.4347],[-99.0282,19.4851],[-99.0146,19.4873],[-99.0145,19.4904],[-98.9536,19.5126],[-98.9155,19.5226],[-98.9131,19.5428],[-98.9103,19.5373],[-98.8827,19.5359],[-98.8822,19.5417],[-98.8662,19.5451],[-98.8642,19.5548],[-98.8469,19.5496],[-98.8446,19.5561],[-98.8365,19.5517],[-98.8348,19.557]]]}},{"type":"Feature","properties":{"cve_mun":"15030","nombre_municipio":"Chiconcuac","cve_ent":"15","nombre_entidad":"México"},"geometry":{"type":"Polygon","coordinates":[[[-98.9104,19.5706],[-98.8791,19.5659],[-98.8816,19.5559],[-98.8894,19.557],[-98.8944,19.5505],[-98.8839,19.536],[-98.9003,19.5412],[-98.9004,19.5511],[-98.9059,19.5478],[-98.9104,19.5545],[-98.9104,19.5706]]]}},{"type":"Feature","properties":{"cve_mun":"15081","nombre_municipio":"Tecámac","cve_ent":"15","nombre_entidad":"México"},"geometry":{"type":"Polygon","coordinates":[[[-98.9702,19.8087],[-98.9609,19.8051],[-98.9548,19.7987],[-98.9455,19.8038],[-98.9513,19.791],[-98.9344,19.7631],[-98.9413,19.7485],[-98.9291,19.743],[-98.9302,19.74],[-98.9158,19.7294],[-98.92,19.7246],[-98.9243,19.7051],[-98.9352,19.7037],[-98.9376,19.6926],[-98.9315,19.6902],[-98.9426,19.657],[-98.9587,19.6629],[-98.9603,19.6575],[-98.9758,19.6439],[-98.9798,19.6487],[-98.9885,19.6515],[-99.0042,19.6518],[-99.0051,19.6469],[-99.013,19.6455],[-99.0176,19.64],[-99.01,19.6266],[-99.0249,19.6154],[-99.04,19.6142],[-99.0626,19.6591],[-99.0534,19.6609],[-99.0498,19.6792],[-99.0462,19.6783],[-99.0433,19.6893],[-99.0471,19.6902],[-99.0447,19.6996],[-99.0368,19.6984],[-99.033,19.7019],[-99.0351,19.7287],[-99.0229,19.7296],[-98.9891,19.7217],[-98.9777,19.7332],[-98.9735,19.7478],[-98.9757,19.7583],[-99.0179,19.7714],[-99.0253,19.7792],[-99.0077,19.7737],[-99.0064,19.7781],[-99.0096,19.779],[-99.0099,19.7864],[-99.0075,19.7916],[-98.9987,19.7866],[-98.9904,19.7887],[-98.9702,19.8087]]]}},{"type":"Feature","properties":{"cve_mun":"15089","nombre_municipio":"Tenango del Aire","cve_ent":"15","nombre_entidad":"México"},"geometry":{"type":"Polygon","coordinates":[[[-98.8752,19.1829],[-98.8747,19.18],[-98.873,19.1839],[-98.8515,19.1832],[-98.8544,19.1821],[-98.855,19.1767],[-98.8473,19.1771],[-98.8256,19.1679],[-98.8308,19.1625],[-98.8489,19.1677],[-98.852,19.1644],[-98.8457,19.1648],[-98.8452,19.1588],[-98.8322,19.1525],[-98.8425,19.1424],[-98.8363,19.139],[-98.8425,19.1347],[-98.8549,19.1143],[-98.8753,19.1283],[-98.8682,19.1425],[-98.8806,19.1283],[-98.8957,19.1367],[-98.9178,19.1431],[-98.9253,19.1564],[-98.9247,19.1585],[-98.9132,19.1583],[-98.8849,19.1554],[-98.8884,19.1733],[-98.8826,19.1732],[-98.8778,19.1836],[-98.8752,19.1829]]]}},{"type":"Feature","properties":{"cve_mun":"15090","nombre_municipio":"Tenango del Valle","cve_ent":"15","nombre_entidad":"México"},"geometry":{"type":"Polygon","coordinates":[[[-99.6397,19.1425],[-99.6233,19.1383],[-99.6233,19.1286],[-99.6196,19.1285],[-99.6187,19.1415],[-99.6098,19.1387],[-99.6063,19.1303],[-99.5984,19.1325],[-99.5984,19.1353],[-99.5909,19.1297],[-99.5897,19.1376],[-99.5813,19.1359],[-99.5838,19.1292],[-99.581,19.1281],[-99.5819,19.1224],[-99.5854,19.1217],[-99.5302,19.1204],[-99.5306,19.1028],[-99.5363,19.096],[-99.5317,19.09],[-99.5317,19.0797],[-99.5265,19.0789],[-99.5268,19.0746],[-99.5349,19.0677],[-99.5436,19.0374],[-99.555,19.0369],[-99.5593,19.0298],[-99.5603,19.0104],[-99.5774,19.0129],[-99.5848,19.018],[-99.6028,19.0148],[-99.605,19.0271],[-99.6,19.0358],[-99.6024,19.0394],[-99.6237,19.0398],[-99.637,19.0311],[-99.6554,19.03],[-99.6586,19.0368],[-99.655,19.0486],[-99.6561,19.0578],[-99.6654,19.0549],[-99.7165,19.0532],[-99.7327,19.063],[-99.7856,19.0661],[-99.7841,19.0715],[-99.7692,19.0743],[-99.7703,19.0787],[-99.737,19.0688],[-99.7503,19.085],[-99.7476,19.0918],[-99.7348,19.1007],[-99.7347,19.1181],[-99.7009,19.1174],[-99.7012,19.1252],[-99.6986,19.1254],[-99.6406,19.1232],[-99.6389,19.1363],[-99.6434,19.1414],[-99.6397,19.1425]]]}},{"type":"Feature","properties":{"cve_mun":"15003","nombre_municipio":"Aculco","cve_ent":"15","nombre_entidad":"México"},"geometry":{"type":"Polygon","coordinates":[[[-99.9773,20.2725],[-99.9742,20.2628],[-99.9563,20.2484],[-99.9527,20.2404],[-99.9509,20.2159],[-99.9184,20.2118],[-99.9229,20.2279],[-99.9218,20.2325],[-99.9172,20.2328],[-99.8714,20.2101],[-99.8589,20.2146],[-99.8487,20.2139],[-99.8429,20.2039],[-99.8404,20.2064],[-99.8259,20.1973],[-99.8261,20.1947],[-99.8227,20.1974],[-99.8172,20.1961],[-99.8127,20.1907],[-99.8055,20.1884],[-99.8024,20.1822],[-99.7935,20.1834],[-99.7772,20.1712],[-99.7733,20.1718],[-99.7664,20.1632],[-99.7616,20.1621],[-99.7607,20.1568],[-99.7552,20.1547],[-99.7556,20.1509],[-99.7482,20.1446],[-99.7378,20.1542],[-99.7146,20.1611],[-99.7156,20.1262],[-99.7107,20.1243],[-99.7221,20.1229],[-99.7235,20.1146],[-99.7144,20.117],[-99.7151,20.1079],[-99.7214,20.1032],[-99.72,20.0965],[-99.7134,20.0937],[-99.7087,20.1019],[-99.6991,20.0975],[-99.7046,20.0906],[-99.7017,20.0878],[-99.679,20.0833],[-99.6765,20.0793],[-99.6705,20.0779],[-99.6731,20.046],[-99.6923,20.0516],[-99.6999,20.0446],[-99.7001,20.0389],[-99.7056,20.0403],[-99.7126,20.0337],[-99.7113,20.0261],[-99.7211,20.0268],[-99.7168,20.0213],[-99.7339,20.0168],[-99.746,20.0333],[-99.7557,20.0289],[-99.7613,20.0321],[-99.764,20.0301],[-99.7675,20.033],[-99.7785,20.0332],[-99.784,20.0452],[-99.7828,20.054],[-99.787,20.0531],[-99.7884,20.0454],[-99.8204,20.0547],[-99.822,20.0428],[-99.831,20.0468],[-99.8389,20.0416],[-99.8383,20.0394],[-99.8293,20.0418],[-99.8265,20.0162],[-99.8367,20.0141],[-99.8466,20.0071],[-99.8627,20.0068],[-99.8694,19.999],[-99.8771,19.9996],[-99.8794,20.0051],[-99.8723,20.0103],[-99.8732,20.016],[-99.8864,20.016],[-99.8853,20.0197],[-99.8961,20.0198],[-99.9051,20.0313],[-99.8979,20.0347],[-99.9006,20.0384],[-99.9178,20.0403],[-99.9189,20.0573],[-99.9227,20.0562],[-99.9274,20.0671],[-99.9238,20.0841],[-99.9361,20.0991],[-99.9372,20.1133],[-99.9422,20.1201],[-99.9392,20.1353],[-99.9308,20.1431],[-99.9376,20.153],[-99.9362,20.1625],[-99.9297,20.1617],[-99.9272,20.1571],[-99.9219,20.1587],[-99.9352,20.1653],[-99.9323,20.174],[-99.9412,20.179],[-99.9371,20.1817],[-99.9471,20.1845],[-99.9463,20.1892],[-99.9537,20.1927],[-99.9607,20.2017],[-99.9655,20.2017],[-99.9645,20.2163],[-99.9699,20.2184],[-99.9687,20.2215],[-99.9757,20.2323],[-99.9733,20.2369],[-99.9783,20.2389],[-99.9809,20.2531],[-99.9865,20.2571],[-99.9812,20.2714],[-99.9773,20.2725]]]}},{"type":"Feature","properties":{"cve_mun":"15005","nombre_municipio":"Almoloya de Juárez","cve_ent":"15","nombre_entidad":"México"},"geometry":{"type":"Polygon","coordinates":[[[-99.9362,19.5508],[-99.8703,19.5404],[-99.871,19.5354],[-99.8439,19.532],[-99.8354,19.5384],[-99.8311,19.5318],[-99.8145,19.5219],[-99.7935,19.5035],[-99.7921,19.4844],[-99.7863,19.4834],[-99.7864,19.4799],[-99.7746,19.4781],[-99.7723,19.4685],[-99.7694,19.4692],[-99.7686,19.4814],[-99.7562,19.4842],[-99.7571,19.4773],[-99.7518,19.4805],[-99.7509,19.4778],[-99.7556,19.4749],[-99.7487,19.4719],[-99.7454,19.4745],[-99.7345,19.4714],[-99.733,19.4785],[-99.7269,19.4799],[-99.7229,19.4745],[-99.7176,19.4735],[-99.7195,19.4685],[-99.7133,19.4696],[-99.7143,19.4669],[-99.7101,19.4628],[-99.7077,19.4662],[-99.7022,19.4642],[-99.7184,19.4472],[-99.7188,19.4386],[-99.706,19.4384],[-99.7078,19.4185],[-99.7195,19.4216],[-99.7205,19.4072],[-99.7348,19.4045],[-99.7308,19.3847],[-99.7314,19.3699],[-99.718,19.3566],[-99.7269,19.337],[-99.7244,19.3351],[-99.7325,19.3337],[-99.7331,19.329],[-99.7392,19.3297],[-99.7391,19.3246],[-99.7523,19.327],[-99.752,19.3324],[-99.7608,19.3331],[-99.7607,19.3284],[-99.7728,19.3303],[-99.7743,19.3205],[-99.7688,19.3112],[-99.7602,19.3136],[-99.7607,19.3037],[-99.7569,19.3025],[-99.7593,19.2904],[-99.7678,19.2907],[-99.7683,19.2845],[-99.7717,19.2816],[-99.7727,19.2846],[-99.7933,19.2884],[-99.7997,19.2865],[-99.8023,19.2935],[-99.816,19.2886],[-99.8092,19.319],[-99.8251,19.3206],[-99.8383,19.3066],[-99.8533,19.3102],[-99.855,19.2775],[-99.8596,19.2555],[-99.8655,19.2448],[-99.8691,19.244],[-99.8783,19.251],[-99.8754,19.2594],[-99.9019,19.2577],[-99.8998,19.2709],[-99.9111,19.2805],[-99.9191,19.2927],[-99.916,19.3052],[-99.9253,19.3383],[-99.921,19.3448],[-99.9224,19.3595],[-99.9196,19.3651],[-99.8938,19.3653],[-99.8928,19.3683],[-99.8934,19.3765],[-99.9058,19.3773],[-99.9063,19.3736],[-99.9134,19.3743],[-99.9111,19.3985],[-99.9014,19.4003],[-99.9012,19.4071],[-99.8917,19.4086],[-99.8917,19.4011],[-99.8828,19.4014],[-99.8831,19.4165],[-99.8879,19.4174],[-99.887,19.4198],[-99.8805,19.4188],[-99.8802,19.4054],[-99.867,19.4058],[-99.8737,19.4224],[-99.8774,19.4237],[-99.872,19.427],[-99.8701,19.4196],[-99.8531,19.4197],[-99.8611,19.4375],[-99.8791,19.4396],[-99.8843,19.435],[-99.8926,19.437],[-99.8899,19.4527],[-99.893,19.4532],[-99.8923,19.4574],[-99.8981,19.4646],[-99.9072,19.4616],[-99.9046,19.4665],[-99.9093,19.4682],[-99.9159,19.4821],[-99.938,19.4885],[-99.929,19.5394],[-99.9362,19.5508]]]}},{"type":"Feature","properties":{"cve_mun":"15068","nombre_municipio":"Ozumba","cve_ent":"15","nombre_entidad":"México"},"geometry":{"type":"Polygon","coordinates":[[[-98.8177,19.082],[-98.8149,19.0818],[-98.8175,19.0754],[-98.7917,19.0741],[-98.7932,19.0634],[-98.7983,19.062],[-98.7778,19.0477],[-98.7825,19.0456],[-98.7827,19.0379],[-98.7911,19.0275],[-98.7914,19.0226],[-98.7714,19.0102],[-98.7989,18.9892],[-98.8042,18.9786],[-98.8084,18.9766],[-98.8068,18.9748],[-98.8113,18.9665],[-98.8197,18.9592],[-98.825,18.9588],[-98.8242,18.9549],[-98.8306,18.9553],[-98.8359,18.9502],[-98.8407,18.9557],[-98.8372,18.9589],[-98.845,18.9728],[-98.8406,18.978],[-98.8266,18.982],[-98.8197,18.9967],[-98.8195,19.006],[-98.8125,19.0124],[-98.8041,19.028],[-98.8112,19.0321],[-98.8067,19.0341],[-98.831,19.0465],[-98.842,19.0638],[-98.8352,19.0725],[-98.8253,19.0719],[-98.8278,19.0791],[-98.8177,19.082]]]}},{"type":"Feature","properties":{"cve_mun":"15063","nombre_municipio":"Ocuilan","cve_ent":"15","nombre_entidad":"México"},"geometry":{"type":"Polygon","coordinates":[[[-99.3036,19.1233],[-99.2953,19.1227],[-99.3137,19.0982],[-99.3183,19.0874],[-99.3177,19.0534],[-99.3086,19.0403],[-99.3175,19.0401],[-99.3189,19.0311],[-99.3118,19.0247],[-99.3186,19.0203],[-99.3197,19.0113],[-99.3085,18.994],[-99.3111,18.9917],[-99.3087,18.9588],[-99.3172,18.94],[-99.321,18.9432],[-99.3246,18.9374],[-99.3379,18.9324],[-99.3442,18.9187],[-99.3584,18.9065],[-99.367,18.894],[-99.3731,18.8986],[-99.4067,18.8952],[-99.411,18.8782],[-99.4294,18.8776],[-99.4295,18.8817],[-99.4424,18.8934],[-99.4342,18.8975],[-99.4373,18.9211],[-99.441,18.9234],[-99.4326,18.9341],[-99.4374,18.9365],[-99.4392,18.935],[-99.4359,18.931],[-99.44,18.9269],[-99.4478,18.9261],[-99.4492,18.9135],[-99.4757,18.9184],[-99.479,18.9251],[-99.4788,18.9485],[-99.4707,18.9541],[-99.4628,18.9736],[-99.4686,18.9769],[-99.4712,18.9833],[-99.4614,18.9896],[-99.4647,18.9965],[-99.4752,18.998],[-99.476,19.008],[-99.4725,19.0108],[-99.4759,19.0336],[-99.4787,19.0355],[-99.491,19.0312],[-99.5035,19.0363],[-99.4821,19.0865],[-99.4506,19.1073],[-99.4435,19.1024],[-99.393,19.1101],[-99.375,19.1095],[-99.3351,19.1139],[-99.3066,19.1251],[-99.3036,19.1233]]]}},{"type":"Feature","properties":{"cve_mun":"15113","nombre_municipio":"Villa Guerrero","cve_ent":"15","nombre_entidad":"México"},"geometry":{"type":"Polygon","coordinates":[[[-99.7362,19.0632],[-99.7165,19.0532],[-99.6654,19.0549],[-99.6561,19.0578],[-99.6579,19.0335],[-99.6554,19.03],[-99.6382,19.0308],[-99.6355,19.0133],[-99.6383,19.0058],[-99.6367,18.9874],[-99.638,18.981],[-99.6431,18.9801],[-99.6432,18.9767],[-99.6356,18.9666],[-99.6336,18.9684],[-99.6205,18.9609],[-99.6153,18.9515],[-99.6252,18.9413],[-99.6225,18.9279],[-99.6253,18.9124],[-99.6148,18.8878],[-99.6152,18.8644],[-99.6081,18.8437],[-99.6094,18.8163],[-99.6095,18.8197],[-99.6195,18.8287],[-99.619,18.8324],[-99.6214,18.8312],[-99.6287,18.8603],[-99.6331,18.8671],[-99.636,18.8663],[-99.6404,18.8734],[-99.644,18.8738],[-99.6473,18.8819],[-99.6517,18.8818],[-99.652,18.8898],[-99.6577,18.8941],[-99.6603,18.8918],[-99.6594,18.8955],[-99.6712,18.9042],[-99.6824,18.9059],[-99.683,18.9025],[-99.701,18.9119],[-99.7104,18.9131],[-99.717,18.9056],[-99.7151,18.8991],[-99.7191,18.8982],[-99.7328,18.9282],[-99.7399,18.9325],[-99.7394,18.9433],[-99.7238,18.9516],[-99.7324,18.9596],[-99.7243,18.9646],[-99.729,18.9691],[-99.7392,18.9641],[-99.7462,18.9714],[-99.749,18.989],[-99.7622,18.9969],[-99.7661,19.0026],[-99.7662,19.0132],[-99.7729,19.0277],[-99.7692,19.0357],[-99.7717,19.0652],[-99.7362,19.0632]]]}},{"type":"Feature","properties":{"cve_mun":"15112","nombre_municipio":"Villa del Carbón","cve_ent":"15","nombre_entidad":"México"},"geometry":{"type":"Polygon","coordinates":[[[-99.4264,19.8729],[-99.421,19.8551],[-99.415,19.8505],[-99.3918,19.8599],[-99.3732,19.8515],[-99.377,19.845],[-99.3744,19.8379],[-99.3814,19.8314],[-99.3815,19.8203],[-99.3867,19.813],[-99.3864,19.8044],[-99.3775,19.7965],[-99.3889,19.7911],[-99.3894,19.7835],[-99.3815,19.7826],[-99.3925,19.7715],[-99.4013,19.7673],[-99.4158,19.7357],[-99.4169,19.7191],[-99.4213,19.7102],[-99.4193,19.6985],[-99.4227,19.6911],[-99.4242,19.6951],[-99.4269,19.6897],[-99.4192,19.6871],[-99.4214,19.6765],[-99.4269,19.6758],[-99.4265,19.6711],[-99.4223,19.6694],[-99.4255,19.6511],[-99.4517,19.6556],[-99.4589,19.6154],[-99.5246,19.6149],[-99.5499,19.629],[-99.5646,19.6412],[-99.5805,19.6606],[-99.6007,19.6741],[-99.6107,19.6752],[-99.6255,19.667],[-99.6358,19.6673],[-99.6355,19.6627],[-99.6421,19.6611],[-99.6482,19.665],[-99.6499,19.6747],[-99.638,19.674],[-99.6352,19.6898],[-99.608,19.6808],[-99.6066,19.697],[-99.5772,19.6846],[-99.5782,19.6735],[-99.5432,19.677],[-99.5352,19.6933],[-99.5199,19.7133],[-99.5717,19.7071],[-99.5719,19.7231],[-99.5693,19.7267],[-99.5814,19.734],[-99.5764,19.7382],[-99.5624,19.7379],[-99.5615,19.741],[-99.5542,19.7385],[-99.548,19.7443],[-99.5449,19.7406],[-99.5341,19.7559],[-99.514,19.7499],[-99.5085,19.7354],[-99.4925,19.733],[-99.4925,19.7521],[-99.4899,19.7584],[-99.483,19.7608],[-99.4861,19.7703],[-99.4811,19.7721],[-99.4643,19.8139],[-99.4624,19.8163],[-99.4605,19.8121],[-99.4547,19.812],[-99.4496,19.8151],[-99.4578,19.8267],[-99.4461,19.8376],[-99.438,19.8355],[-99.4207,19.841],[-99.4295,19.8644],[-99.4301,19.8709],[-99.4268,19.875],[-99.4264,19.8729]]]}},{"type":"Feature","properties":{"cve_mun":"15111","nombre_municipio":"Villa de Allende","cve_ent":"15","nombre_entidad":"México"},"geometry":{"type":"Polygon","coordinates":[[[-100.1744,19.4927],[-100.1513,19.4869],[-100.1452,19.464],[-100.1258,19.4634],[-100.1257,19.4575],[-100.1145,19.4593],[-100.0993,19.4464],[-100.0633,19.4468],[-100.0598,19.4347],[-100.0637,19.4296],[-100.0576,19.4218],[-100.0652,19.416],[-100.0612,19.4137],[-100.0602,19.4071],[-100.0549,19.4097],[-100.0469,19.4025],[-100.0264,19.3489],[-100.0108,19.3439],[-99.9985,19.3305],[-100.0112,19.2982],[-100.0201,19.3019],[-100.0329,19.3134],[-100.0317,19.3165],[-100.0465,19.3224],[-100.0506,19.3223],[-100.055,19.3065],[-100.0694,19.3101],[-100.0659,19.3237],[-100.0749,19.3374],[-100.0751,19.3464],[-100.0821,19.3284],[-100.0861,19.3328],[-100.095,19.3303],[-100.1043,19.3488],[-100.1089,19.3432],[-100.1419,19.3408],[-100.152,19.3431],[-100.1539,19.3515],[-100.1689,19.3328],[-100.1824,19.328],[-100.1784,19.3189],[-100.1808,19.3104],[-100.1769,19.3001],[-100.2068,19.3015],[-100.2064,19.3093],[-100.2093,19.3104],[-100.2093,19.3066],[-100.2213,19.3061],[-100.236,19.2964],[-100.2481,19.2996],[-100.2474,19.3021],[-100.2341,19.2993],[-100.2329,19.3099],[-100.2263,19.319],[-100.2265,19.3258],[-100.2462,19.3654],[-100.2461,19.379],[-100.2521,19.3831],[-100.2478,19.3905],[-100.2399,19.3948],[-100.2374,19.4035],[-100.2159,19.4134],[-100.2021,19.432],[-100.1899,19.4397],[-100.1989,19.4524],[-100.2068,19.4566],[-100.201,19.4928],[-100.1798,19.4883],[-100.1767,19.4897],[-100.1777,19.4926],[-100.1744,19.4927]]]}},{"type":"Feature","properties":{"cve_mun":"15028","nombre_municipio":"Chiautla","cve_ent":"15","nombre_entidad":"México"},"geometry":{"type":"Polygon","coordinates":[[[-98.901,19.6048],[-98.8957,19.5976],[-98.8958,19.5999],[-98.8719,19.5988],[-98.8683,19.577],[-98.8615,19.5757],[-98.862,19.5656],[-98.8697,19.5669],[-98.8732,19.5608],[-98.8654,19.5597],[-98.8662,19.5451],[-98.8822,19.5417],[-98.8827,19.5359],[-98.8944,19.5505],[-98.8894,19.557],[-98.8816,19.5559],[-98.8791,19.5659],[-98.911,19.5707],[-98.9108,19.5825],[-98.9023,19.5805],[-98.901,19.6048]]]}},{"type":"Feature","properties":{"cve_mun":"15075","nombre_municipio":"San Martín de las Pirámides","cve_ent":"15","nombre_entidad":"México"},"geometry":{"type":"MultiPolygon","coordinates":[[[[-98.8124,19.6425],[-98.8083,19.6396],[-98.8143,19.6315],[-98.8106,19.6246],[-98.8164,19.6183],[-98.8267,19.627],[-98.8215,19.6383],[-98.8143,19.644],[-98.8124,19.6425]]],[[[-98.8317,19.7564],[-98.7994,19.7391],[-98.7999,19.7348],[-98.8048,19.7346],[-98.7989,19.7231],[-98.8012,19.7165],[-98.7984,19.7104],[-98.7942,19.7117],[-98.7911,19.7213],[-98.7849,19.7244],[-98.7866,19.7282],[-98.7735,19.7542],[-98.7614,19.7453],[-98.7805,19.7269],[-98.7874,19.7131],[-98.7877,19.7062],[-98.7903,19.7027],[-98.7948,19.7029],[-98.8038,19.6856],[-98.7861,19.6839],[-98.7942,19.6653],[-98.7975,19.6659],[-98.8002,19.6603],[-98.8121,19.6638],[-98.8143,19.6603],[-98.8159,19.6626],[-98.8118,19.6691],[-98.8139,19.6739],[-98.8216,19.6768],[-98.816,19.6788],[-98.8164,19.6827],[-98.8151,19.6802],[-98.8095,19.6815],[-98.8068,19.6861],[-98.8382,19.6962],[-98.8378,19.6987],[-98.8447,19.701],[-98.8394,19.7033],[-98.8469,19.7077],[-98.8436,19.7098],[-98.8491,19.7182],[-98.8519,19.7183],[-98.8585,19.7004],[-98.8607,19.7059],[-98.8826,19.7144],[-98.8834,19.7186],[-98.8909,19.7212],[-98.8707,19.7724],[-98.8317,19.7564]]]]}},{"type":"Feature","properties":{"cve_mun":"15091","nombre_municipio":"Teoloyucan","cve_ent":"15","nombre_entidad":"México"},"geometry":{"type":"Polygon","coordinates":[[[-99.1432,19.7935],[-99.1385,19.7655],[-99.149,19.7656],[-99.1497,19.7458],[-99.1599,19.7487],[-99.1658,19.7441],[-99.1527,19.7355],[-99.1563,19.7203],[-99.1664,19.7219],[-99.1648,19.7303],[-99.1848,19.7335],[-99.1896,19.7396],[-99.1876,19.7468],[-99.2082,19.7476],[-99.2158,19.7511],[-99.2165,19.756],[-99.2002,19.7498],[-99.196,19.7619],[-99.198,19.7679],[-99.1845,19.7651],[-99.1796,19.7678],[-99.1804,19.7932],[-99.1436,19.7956],[-99.1432,19.7935]]]}},{"type":"Feature","properties":{"cve_mun":"15121","nombre_municipio":"Cuautitlán Izcalli","cve_ent":"15","nombre_entidad":"México"},"geometry":{"type":"Polygon","coordinates":[[[-99.1904,19.7296],[-99.1759,19.7271],[-99.1752,19.7095],[-99.1755,19.68],[-99.1835,19.6784],[-99.1857,19.6723],[-99.1913,19.6734],[-99.1926,19.6677],[-99.1841,19.6684],[-99.1844,19.6615],[-99.182,19.6611],[-99.1848,19.6294],[-99.1933,19.6294],[-99.1898,19.6084],[-99.187,19.6065],[-99.1866,19.5913],[-99.1914,19.5857],[-99.196,19.5901],[-99.2097,19.5892],[-99.2171,19.6042],[-99.2415,19.6122],[-99.2472,19.6068],[-99.2699,19.6083],[-99.2765,19.6145],[-99.2761,19.625],[-99.2859,19.6349],[-99.2848,19.6382],[-99.2897,19.6441],[-99.2786,19.6628],[-99.271,19.6645],[-99.2709,19.6893],[-99.2403,19.6931],[-99.2388,19.6978],[-99.2231,19.7048],[-99.2196,19.7047],[-99.2186,19.7011],[-99.2071,19.703],[-99.1947,19.7156],[-99.1904,19.7296]]]}},{"type":"Feature","properties":{"cve_mun":"15122","nombre_municipio":"Valle de Chalco Solidaridad","cve_ent":"15","nombre_entidad":"México"},"geometry":{"type":"Polygon","coordinates":[[[-98.9565,19.3395],[-98.952,19.3332],[-98.9539,19.3294],[-98.9222,19.2948],[-98.9185,19.291],[-98.9104,19.2902],[-98.9164,19.2878],[-98.9115,19.2813],[-98.9353,19.2582],[-98.9314,19.2497],[-98.9226,19.2468],[-98.9458,19.225],[-98.9686,19.2322],[-98.966,19.2499],[-98.9765,19.2531],[-98.9672,19.306],[-98.9579,19.3232],[-98.9743,19.337],[-98.9612,19.3344],[-98.9565,19.3395]]]}},{"type":"Feature","properties":{"cve_mun":"15108","nombre_municipio":"Tultepec","cve_ent":"15","nombre_entidad":"México"},"geometry":{"type":"Polygon","coordinates":[[[-99.1066,19.7108],[-99.0876,19.7082],[-99.0755,19.6835],[-99.0961,19.6896],[-99.0975,19.6856],[-99.1101,19.6887],[-99.1181,19.6672],[-99.106,19.664],[-99.1084,19.6495],[-99.1203,19.6531],[-99.1216,19.6495],[-99.1304,19.6522],[-99.1324,19.6469],[-99.1403,19.6458],[-99.1503,19.6495],[-99.1399,19.6935],[-99.1316,19.6988],[-99.1304,19.7061],[-99.1109,19.6986],[-99.1066,19.7108]]]}},{"type":"Feature","properties":{"cve_mun":"15006","nombre_municipio":"Almoloya del Río","cve_ent":"15","nombre_entidad":"México"},"geometry":{"type":"Polygon","coordinates":[[[-99.4792,19.1701],[-99.4683,19.1604],[-99.463,19.1506],[-99.4903,19.1495],[-99.5266,19.16],[-99.5158,19.167],[-99.4993,19.1622],[-99.494,19.1641],[-99.4932,19.1699],[-99.4792,19.1701]]]}},{"type":"Feature","properties":{"cve_mun":"15012","nombre_municipio":"Atizapán","cve_ent":"15","nombre_entidad":"México"},"geometry":{"type":"Polygon","coordinates":[[[-99.51,19.1878],[-99.4951,19.1866],[-99.4959,19.1842],[-99.4754,19.1803],[-99.4789,19.1776],[-99.4769,19.1745],[-99.4821,19.1694],[-99.4932,19.1699],[-99.494,19.1641],[-99.4993,19.1622],[-99.5155,19.1668],[-99.5184,19.1688],[-99.5193,19.178],[-99.5168,19.1837],[-99.5113,19.1842],[-99.51,19.1878]]]}},{"type":"Feature","properties":{"cve_mun":"19039","nombre_municipio":"Monterrey","cve_ent":"19","nombre_entidad":"Nuevo León"},"geometry":{"type":"Polygon","coordinates":[[[-100.387,25.7973],[-100.3559,25.7851],[-100.3405,25.7622],[-100.3368,25.7627],[-100.3221,25.7501],[-100.3239,25.7377],[-100.3171,25.7349],[-100.3171,25.7227],[-100.2838,25.7081],[-100.2686,25.7082],[-100.2682,25.7033],[-100.2618,25.7012],[-100.2613,25.6827],[-100.2709,25.6814],[-100.2759,25.6763],[-100.2717,25.6764],[-100.2742,25.6735],[-100.269,25.66],[-100.2736,25.6557],[-100.2681,25.6508],[-100.2743,25.647],[-100.2692,25.64],[-100.2727,25.6252],[-100.2695,25.6215],[-100.2433,25.6261],[-100.2432,25.617],[-100.2346,25.6031],[-100.2164,25.5812],[-100.2,25.5517],[-100.1838,25.5367],[-100.1674,25.5169],[-100.1691,25.5156],[-100.1754,25.5129],[-100.1789,25.5182],[-100.1916,25.5205],[-100.1971,25.5147],[-100.2061,25.5161],[-100.2228,25.5004],[-100.23,25.5076],[-100.2332,25.5054],[-100.2294,25.4986],[-100.2576,25.4821],[-100.2661,25.4979],[-100.2734,25.5019],[-100.271,25.5077],[-100.2781,25.5195],[-100.2866,25.5236],[-100.2886,25.5292],[-100.2944,25.5289],[-100.2996,25.5328],[-100.3032,25.5393],[-100.3183,25.5472],[-100.3147,25.5589],[-100.3188,25.5608],[-100.317,25.5718],[-100.3293,25.5768],[-100.3444,25.5893],[-100.3129,25.647],[-100.3635,25.6711],[-100.3668,25.6681],[-100.3804,25.6678],[-100.3954,25.6732],[-100.3982,25.6768],[-100.3977,25.6945],[-100.4037,25.7025],[-100.425,25.7148],[-100.4416,25.7205],[-100.4154,25.7894],[-100.4036,25.7965],[-100.3934,25.7928],[-100.387,25.7973]]]}},{"type":"Feature","properties":{"cve_mun":"19018","nombre_municipio":"García","cve_ent":"19","nombre_entidad":"Nuevo León"},"geometry":{"type":"Polygon","coordinates":[[[-100.7239,25.9527],[-100.7204,25.9447],[-100.6752,25.9505],[-100.6693,25.9467],[-100.6657,25.9519],[-100.6573,25.9501],[-100.6475,25.9587],[-100.6174,25.9671],[-100.612,25.9477],[-100.6116,25.8627],[-100.6005,25.8733],[-100.5748,25.8814],[-100.5236,25.9059],[-100.504,25.9008],[-100.4978,25.9028],[-100.4902,25.8991],[-100.4685,25.8983],[-100.4184,25.7909],[-100.4154,25.7894],[-100.4416,25.7205],[-100.4766,25.7319],[-100.5098,25.75],[-100.5129,25.7439],[-100.5347,25.7274],[-100.5495,25.7101],[-100.5545,25.7136],[-100.5655,25.7012],[-100.5757,25.7192],[-100.5919,25.7221],[-100.6025,25.7138],[-100.6025,25.7044],[-100.6453,25.6932],[-100.6695,25.6622],[-100.7091,25.6584],[-100.6999,25.6388],[-100.7234,25.627],[-100.7298,25.6339],[-100.7834,25.6397],[-100.7804,25.6457],[-100.7878,25.6836],[-100.8037,25.7088],[-100.8056,25.7243],[-100.8251,25.7517],[-100.8619,25.8185],[-100.8471,25.8579],[-100.8358,25.8666],[-100.8227,25.9169],[-100.8272,25.9205],[-100.8344,25.945],[-100.8243,25.9441],[-100.8183,25.9501],[-100.8162,25.94],[-100.775,25.9502],[-100.7539,25.9604],[-100.7374,25.9835],[-100.7239,25.9527]]]}},{"type":"Feature","properties":{"cve_mun":"19006","nombre_municipio":"Apodaca","cve_ent":"19","nombre_entidad":"Nuevo León"},"geometry":{"type":"Polygon","coordinates":[[[-100.2539,25.8792],[-100.2429,25.8524],[-100.2353,25.8632],[-100.1746,25.8626],[-100.1724,25.8604],[-100.17,25.8624],[-100.1459,25.854],[-100.1347,25.8458],[-100.1275,25.8476],[-100.1168,25.8447],[-100.1141,25.8369],[-100.1302,25.8303],[-100.1319,25.8211],[-100.1281,25.8146],[-100.1207,25.8135],[-100.1012,25.8004],[-100.1057,25.7924],[-100.102,25.7906],[-100.101,25.7784],[-100.1049,25.7678],[-100.1128,25.7596],[-100.1352,25.7433],[-100.1356,25.7381],[-100.1486,25.7311],[-100.1243,25.7346],[-100.1249,25.7162],[-100.115,25.7157],[-100.1156,25.7091],[-100.1097,25.7082],[-100.1068,25.7014],[-100.1164,25.7032],[-100.117,25.6966],[-100.1226,25.6979],[-100.1205,25.6967],[-100.1231,25.6941],[-100.1311,25.6973],[-100.1315,25.7006],[-100.1387,25.7015],[-100.1389,25.7049],[-100.1413,25.7019],[-100.155,25.7043],[-100.1545,25.7083],[-100.1583,25.7058],[-100.1737,25.7074],[-100.1765,25.7116],[-100.1846,25.7124],[-100.1784,25.7294],[-100.2069,25.7318],[-100.238,25.746],[-100.2449,25.7556],[-100.2671,25.7643],[-100.27,25.802],[-100.2613,25.802],[-100.2659,25.8302],[-100.2728,25.8494],[-100.2717,25.8718],[-100.2539,25.8792]]]}},{"type":"Feature","properties":{"cve_mun":"19016","nombre_municipio":"Doctor González","cve_ent":"19","nombre_entidad":"Nuevo León"},"geometry":{"type":"Polygon","coordinates":[[[-99.8021,25.9956],[-99.803,25.9903],[-99.7957,25.9901],[-99.7958,25.9872],[-99.7921,25.989],[-99.7887,25.984],[-99.782,25.9844],[-99.7805,25.98],[-99.7668,25.9845],[-99.7626,25.9778],[-99.745,25.9756],[-99.7429,25.967],[-99.7296,25.9626],[-99.7166,25.95],[-99.7028,25.9492],[-99.6911,25.9372],[-99.6794,25.9323],[-99.6779,25.93],[-99.7068,25.903],[-99.6999,25.8914],[-99.7047,25.8932],[-99.7081,25.888],[-99.6946,25.8702],[-99.6667,25.8472],[-99.6665,25.8435],[-99.6734,25.8403],[-99.6746,25.8362],[-99.6788,25.8362],[-99.6776,25.8266],[-99.6836,25.8255],[-99.6815,25.8207],[-99.6837,25.7974],[-99.6803,25.7912],[-99.6621,25.781],[-99.7176,25.7258],[-99.758,25.7358],[-99.7666,25.6952],[-99.7792,25.711],[-99.7912,25.7114],[-99.7985,25.725],[-99.8277,25.7392],[-99.8429,25.7377],[-99.871,25.7442],[-99.8822,25.7479],[-99.8897,25.7569],[-99.8942,25.7563],[-99.8941,25.7601],[-99.9003,25.7638],[-99.8982,25.7716],[-99.9019,25.7723],[-99.903,25.7765],[-99.8941,25.7792],[-99.8926,25.7883],[-99.9047,25.7903],[-99.9011,25.8033],[-99.919,25.8054],[-99.9349,25.8273],[-99.9401,25.8273],[-99.9471,25.8327],[-99.9655,25.8348],[-99.9692,25.8383],[-99.9831,25.9039],[-99.9706,25.8888],[-99.945,25.8836],[-99.9515,25.8879],[-99.9517,25.8943],[-99.9442,25.8915],[-99.8021,25.9956]]]}},{"type":"Feature","properties":{"cve_mun":"19010","nombre_municipio":"El Carmen","cve_ent":"19","nombre_entidad":"Nuevo León"},"geometry":{"type":"Polygon","coordinates":[[[-100.3696,25.9821],[-100.3669,25.9737],[-100.3438,25.976],[-100.313,25.9452],[-100.3226,25.9395],[-100.3234,25.9344],[-100.3322,25.9275],[-100.3105,25.8788],[-100.3077,25.8799],[-100.3039,25.8676],[-100.3069,25.8679],[-100.302,25.8522],[-100.2982,25.849],[-100.3273,25.8486],[-100.3272,25.8466],[-100.3796,25.8485],[-100.3973,25.8536],[-100.4074,25.864],[-100.4258,25.8934],[-100.4065,25.8911],[-100.3805,25.9285],[-100.3696,25.9821]]]}},{"type":"Feature","properties":{"cve_mun":"19020","nombre_municipio":"General Bravo","cve_ent":"19","nombre_entidad":"Nuevo León"},"geometry":{"type":"Polygon","coordinates":[[[-98.8182,26.047],[-98.7463,26.038],[-98.7467,26.0352],[-98.7405,26.0345],[-98.7412,26.0374],[-98.5851,26.0179],[-98.5814,25.706],[-98.5916,25.7075],[-98.5916,25.724],[-98.602,25.709],[-98.6308,25.7129],[-98.6309,25.7192],[-98.6339,25.7168],[-98.6377,25.7212],[-98.6382,25.7105],[-98.6484,25.711],[-98.6477,25.7024],[-98.6688,25.7052],[-98.6738,25.7203],[-98.6908,25.7218],[-98.6905,25.6553],[-98.7299,25.6395],[-98.7337,25.6294],[-98.7557,25.6238],[-98.7508,25.6302],[-98.7526,25.6356],[-98.7628,25.6314],[-98.7698,25.639],[-98.7786,25.6368],[-98.7832,25.6553],[-98.7858,25.6513],[-98.7955,25.6535],[-98.8048,25.643],[-98.8164,25.6521],[-98.8207,25.6516],[-98.8376,25.6271],[-98.8541,25.6275],[-98.8549,25.6243],[-98.86,25.6283],[-98.8784,25.6306],[-98.8788,25.6232],[-98.8899,25.6088],[-98.9243,25.6172],[-98.924,25.6103],[-98.9363,25.601],[-98.9911,25.6513],[-99.0185,25.6242],[-99.024,25.6247],[-99.0683,25.6478],[-99.1493,25.6713],[-99.1585,25.6803],[-99.1829,25.7229],[-99.1985,25.7619],[-99.209,25.7732],[-99.2102,25.7834],[-99.2149,25.7878],[-99.1825,25.7983],[-99.1896,25.8126],[-99.1817,25.82],[-99.1898,25.837],[-99.1831,25.8435],[-99.1854,25.8478],[-99.1837,25.8542],[-99.1895,25.8611],[-99.1891,25.8665],[-99.1833,25.8682],[-99.0073,25.8385],[-98.7916,25.9752],[-98.7924,26.0321],[-98.8076,26.0321],[-98.8459,26.0245],[-98.8233,26.0476],[-98.8182,26.047]]]}},{"type":"Feature","properties":{"cve_mun":"19019","nombre_municipio":"San Pedro Garza García","cve_ent":"19","nombre_entidad":"Nuevo León"},"geometry":{"type":"Polygon","coordinates":[[[-100.425,25.7148],[-100.4037,25.7025],[-100.3977,25.6945],[-100.3982,25.6768],[-100.3954,25.6732],[-100.3804,25.6678],[-100.3668,25.6681],[-100.3635,25.6711],[-100.3129,25.647],[-100.3441,25.5898],[-100.4246,25.6366],[-100.416,25.6913],[-100.423,25.6952],[-100.4275,25.7157],[-100.425,25.7148]]]}},{"type":"Feature","properties":{"cve_mun":"19021","nombre_municipio":"General Escobedo","cve_ent":"19","nombre_entidad":"Nuevo León"},"geometry":{"type":"Polygon","coordinates":[[[-100.4638,25.8984],[-100.4428,25.8905],[-100.4276,25.8957],[-100.4074,25.864],[-100.3973,25.8536],[-100.3796,25.8485],[-100.3272,25.8466],[-100.3273,25.8486],[-100.2728,25.8494],[-100.2659,25.8302],[-100.2613,25.802],[-100.27,25.802],[-100.267,25.7705],[-100.3405,25.7622],[-100.3559,25.7851],[-100.3673,25.7914],[-100.3872,25.7973],[-100.3934,25.7928],[-100.4035,25.7965],[-100.4111,25.7903],[-100.4175,25.7897],[-100.4685,25.8983],[-100.4638,25.8984]]]}},{"type":"Feature","properties":{"cve_mun":"19048","nombre_municipio":"Santa Catarina","cve_ent":"19","nombre_entidad":"Nuevo León"},"geometry":{"type":"Polygon","coordinates":[[[-100.5069,25.75],[-100.4954,25.7405],[-100.4766,25.7319],[-100.4275,25.7157],[-100.423,25.6952],[-100.416,25.6913],[-100.4246,25.6366],[-100.3686,25.6054],[-100.3293,25.5768],[-100.317,25.5718],[-100.3188,25.5608],[-100.3147,25.5589],[-100.3183,25.5472],[-100.3032,25.5393],[-100.2996,25.5328],[-100.2944,25.5289],[-100.2886,25.5292],[-100.2866,25.5236],[-100.2781,25.5195],[-100.271,25.5077],[-100.2734,25.5019],[-100.2661,25.4979],[-100.2576,25.4821],[-100.2499,25.4453],[-100.2387,25.4295],[-100.2719,25.4193],[-100.2759,25.4199],[-100.2753,25.4244],[-100.2961,25.4135],[-100.3263,25.4303],[-100.3448,25.435],[-100.3867,25.4558],[-100.4036,25.469],[-100.4142,25.4514],[-100.4175,25.4519],[-100.4232,25.4445],[-100.4195,25.4422],[-100.4255,25.4358],[-100.4437,25.435],[-100.4577,25.4379],[-100.4721,25.4538],[-100.4771,25.4514],[-100.5309,25.4635],[-100.561,25.4645],[-100.5849,25.4708],[-100.5795,25.4945],[-100.6191,25.5057],[-100.5998,25.52],[-100.5297,25.5144],[-100.5384,25.5319],[-100.5943,25.5444],[-100.6147,25.5423],[-100.612,25.5514],[-100.6329,25.5713],[-100.6903,25.5671],[-100.7199,25.6031],[-100.7298,25.6339],[-100.7234,25.627],[-100.6999,25.6388],[-100.7091,25.6584],[-100.6695,25.6622],[-100.6453,25.6932],[-100.6025,25.7044],[-100.6025,25.7138],[-100.5919,25.7221],[-100.5757,25.7192],[-100.5655,25.7012],[-100.5545,25.7136],[-100.5495,25.7101],[-100.5347,25.7274],[-100.5069,25.75]]]}},{"type":"Feature","properties":{"cve_mun":"19011","nombre_municipio":"Cerralvo","cve_ent":"19","nombre_entidad":"Nuevo León"},"geometry":{"type":"Polygon","coordinates":[[[-99.6255,26.2481],[-99.6183,26.2524],[-99.6173,26.2425],[-99.6116,26.2444],[-99.6083,26.2379],[-99.5895,26.2353],[-99.5889,26.1841],[-99.5542,26.1845],[-99.5397,26.1672],[-99.5366,26.1707],[-99.5271,26.1644],[-99.5031,26.1254],[-99.4898,26.1228],[-99.4875,26.1132],[-99.4758,26.0993],[-99.5738,26.095],[-99.5871,26.0922],[-99.6065,26.073],[-99.5859,26.0419],[-99.5886,26.0403],[-99.5203,25.9236],[-99.538,25.9128],[-99.5387,25.9016],[-99.6274,25.8637],[-99.6623,25.9002],[-99.6676,25.9165],[-99.6729,25.9206],[-99.6735,25.9275],[-99.6803,25.9331],[-99.6911,25.9372],[-99.7028,25.9492],[-99.7166,25.95],[-99.7296,25.9626],[-99.7429,25.967],[-99.745,25.9756],[-99.7626,25.9778],[-99.7668,25.9845],[-99.7805,25.98],[-99.782,25.9844],[-99.7887,25.984],[-99.7921,25.989],[-99.7958,25.9872],[-99.7957,25.9901],[-99.803,25.9903],[-99.8016,25.9951],[-99.8057,25.9988],[-99.8006,26.0021],[-99.8052,26.0019],[-99.8039,26.0067],[-99.8107,26.0057],[-99.8081,26.0075],[-99.8137,26.0111],[-99.8133,26.0154],[-99.8186,26.0159],[-99.8162,26.0182],[-99.8411,26.0151],[-99.8359,26.0203],[-99.8447,26.0201],[-99.8456,26.0244],[-99.8615,26.0089],[-99.8706,26.0154],[-99.8685,26.0185],[-99.8722,26.0151],[-99.8841,26.0219],[-99.8906,26.0143],[-99.8967,26.0168],[-99.8985,26.0245],[-99.8917,26.0262],[-99.9,26.0286],[-99.8978,26.0365],[-99.8863,26.0314],[-99.8834,26.0316],[-99.8832,26.0372],[-99.8916,26.0421],[-99.9005,26.036],[-99.9051,26.0375],[-99.9189,26.0495],[-99.9145,26.0624],[-99.9157,26.0649],[-99.9194,26.0629],[-99.9175,26.0876],[-99.927,26.0967],[-99.928,26.1139],[-99.9387,26.1206],[-99.9402,26.1349],[-99.9482,26.1456],[-99.9496,26.1544],[-99.9619,26.1627],[-99.9678,26.1629],[-99.9707,26.1954],[-99.967,26.2004],[-99.9464,26.1937],[-99.9276,26.196],[-99.9203,26.187],[-99.8788,26.174],[-99.8593,26.1509],[-99.8289,26.1536],[-99.8216,26.1566],[-99.8226,26.1599],[-99.8158,26.1693],[-99.8023,26.1678],[-99.7801,26.1762],[-99.7387,26.1707],[-99.7271,26.1839],[-99.6362,26.2473],[-99.6278,26.2565],[-99.6255,26.2481]]]}},{"type":"Feature","properties":{"cve_mun":"19022","nombre_municipio":"General Terán","cve_ent":"19","nombre_entidad":"Nuevo León"},"geometry":{"type":"Polygon","coordinates":[[[-99.5947,25.4991],[-99.5933,25.4908],[-99.5888,25.4875],[-99.5714,25.4927],[-99.5656,25.4879],[-99.5497,25.4881],[-99.5413,25.4849],[-99.5424,25.4769],[-99.5362,25.4704],[-99.538,25.4674],[-99.5321,25.4648],[-99.5308,25.4546],[-99.5226,25.4471],[-99.5146,25.4538],[-99.5155,25.4612],[-99.4967,25.4688],[-99.4854,25.4608],[-99.4737,25.4612],[-99.467,25.457],[-99.4581,25.4609],[-99.466,25.4851],[-99.4599,25.4878],[-99.4398,25.4785],[-99.418,25.4758],[-99.4174,25.4808],[-99.3867,25.4968],[-99.3573,25.478],[-99.367,25.4641],[-99.3544,25.4681],[-99.3529,25.4655],[-99.3609,25.4588],[-99.3406,25.4524],[-99.3236,25.4375],[-99.3264,25.4303],[-99.3109,25.4016],[-99.2795,25.401],[-99.278,25.4174],[-99.2586,25.4245],[-99.2559,25.4137],[-99.2427,25.4146],[-99.2233,25.402],[-99.2312,25.3959],[-99.2292,25.3827],[-99.2244,25.385],[-99.2237,25.3777],[-99.2032,25.3777],[-99.2019,25.3714],[-99.1908,25.3752],[-99.1834,25.3663],[-99.1669,25.3828],[-99.1131,25.3283],[-99.092,25.336],[-99.0817,25.3235],[-99.0569,25.26],[-99.0356,25.2663],[-99.0224,25.2147],[-99.0726,25.214],[-99.0512,25.1946],[-99.0465,25.198],[-99.0449,25.1932],[-99.052,25.1829],[-99.0494,25.1809],[-99.0695,25.1728],[-99.0319,25.1351],[-99.0321,25.123],[-99.0394,25.1196],[-99.042,25.123],[-99.0479,25.1203],[-99.0526,25.1271],[-99.06,25.1177],[-99.0677,25.1161],[-99.0673,25.1107],[-99.073,25.1082],[-99.0702,25.1027],[-99.0782,25.1007],[-99.0714,25.0967],[-99.0788,25.0921],[-99.075,25.0885],[-99.0803,25.0834],[-99.0787,25.0792],[-99.0822,25.0736],[-99.0855,25.0772],[-99.0975,25.0782],[-99.0942,25.0745],[-99.1015,25.0694],[-99.0958,25.067],[-99.0976,25.0631],[-99.1,25.0648],[-99.1138,25.0561],[-99.1274,25.0559],[-99.1351,25.0504],[-99.1577,25.0565],[-99.1609,25.0548],[-99.1623,25.0471],[-99.1719,25.0459],[-99.1741,25.0408],[-99.1817,25.0436],[-99.1827,25.0408],[-99.202,25.0432],[-99.1967,25.0741],[-99.1831,25.073],[-99.1789,25.0902],[-99.2516,25.0959],[-99.2538,25.084],[-99.2694,25.0851],[-99.2659,25.1038],[-99.3126,25.1066],[-99.3104,25.1446],[-99.364,25.1521],[-99.3681,25.1305],[-99.3804,25.1319],[-99.3832,25.118],[-99.3958,25.1193],[-99.393,25.1334],[-99.4098,25.1339],[-99.4164,25.0938],[-99.4522,25.0994],[-99.4454,25.1417],[-99.4796,25.1452],[-99.4776,25.159],[-99.4809,25.1585],[-99.4801,25.1548],[-99.4832,25.1552],[-99.4827,25.1499],[-99.488,25.1505],[-99.4969,25.143],[-99.4967,25.1377],[-99.501,25.137],[-99.5007,25.133],[-99.51,25.1323],[-99.5183,25.1231],[-99.5222,25.1247],[-99.5228,25.119],[-99.5294,25.1157],[-99.5322,25.1173],[-99.5359,25.1135],[-99.5396,25.1147],[-99.5425,25.1107],[-99.549,25.1131],[-99.5658,25.1112],[-99.5667,25.1054],[-99.5763,25.1012],[-99.5833,25.0907],[-99.6151,25.116],[-99.6107,25.1204],[-99.6279,25.1343],[-99.6369,25.1278],[-99.6414,25.1288],[-99.664,25.1465],[-99.658,25.1533],[-99.6963,25.1833],[-99.723,25.2181],[-99.7302,25.2179],[-99.7384,25.2111],[-99.7432,25.2118],[-99.7445,25.2182],[-99.7459,25.2114],[-99.7506,25.2084],[-99.7546,25.2227],[-99.7593,25.2275],[-99.7514,25.2285],[-99.7479,25.231],[-99.7473,25.2374],[-99.7406,25.2397],[-99.7465,25.2473],[-99.7495,25.2621],[-99.7652,25.2803],[-99.7741,25.2761],[-99.7713,25.2728],[-99.7756,25.2701],[-99.7771,25.272],[-99.7807,25.2665],[-99.795,25.2833],[-99.7824,25.3411],[-99.7837,25.3484],[-99.8002,25.3684],[-99.7922,25.3796],[-99.7965,25.3882],[-99.789,25.3995],[-99.7932,25.4087],[-99.7897,25.4158],[-99.7929,25.4174],[-99.7865,25.424],[-99.7852,25.43],[-99.6988,25.3789],[-99.7028,25.4234],[-99.6905,25.4221],[-99.6903,25.4193],[-99.6828,25.4241],[-99.6803,25.3949],[-99.6744,25.3951],[-99.6747,25.3985],[-99.6643,25.3962],[-99.6711,25.4751],[-99.6497,25.4768],[-99.6478,25.455],[-99.6402,25.4538],[-99.6419,25.4703],[-99.6297,25.4712],[-99.632,25.4977],[-99.5947,25.4991]]]}},{"type":"Feature","properties":{"cve_mun":"19008","nombre_municipio":"Bustamante","cve_ent":"19","nombre_entidad":"Nuevo León"},"geometry":{"type":"Polygon","coordinates":[[[-100.5539,26.6914],[-100.4909,26.6715],[-100.4876,26.6322],[-100.4671,26.641],[-100.4411,26.5848],[-100.4762,26.5708],[-100.4817,26.5844],[-100.4821,26.573],[-100.457,26.5254],[-100.4385,26.5143],[-100.4502,26.5078],[-100.4532,26.5127],[-100.4603,26.5052],[-100.5015,26.486],[-100.5212,26.4432],[-100.5146,26.4333],[-100.6237,26.4319],[-100.6154,26.446],[-100.6138,26.4567],[-100.6213,26.4656],[-100.6142,26.4661],[-100.6136,26.4783],[-100.6212,26.4791],[-100.6167,26.4933],[-100.6196,26.4932],[-100.619,26.4993],[-100.6098,26.524],[-100.6369,26.5214],[-100.6369,26.5336],[-100.6551,26.5676],[-100.6766,26.5876],[-100.6918,26.61],[-100.6961,26.6234],[-100.6912,26.6138],[-100.6144,26.6856],[-100.608,26.7109],[-100.5539,26.6914]]]}},{"type":"Feature","properties":{"cve_mun":"19001","nombre_municipio":"Abasolo","cve_ent":"19","nombre_entidad":"Nuevo León"},"geometry":{"type":"Polygon","coordinates":[[[-100.3992,25.9891],[-100.3713,25.9822],[-100.3799,25.9306],[-100.4065,25.8911],[-100.4258,25.8934],[-100.4294,25.9132],[-100.4427,25.928],[-100.4511,25.9312],[-100.4287,25.954],[-100.421,25.9574],[-100.3992,25.9891]]]}},{"type":"Feature","properties":{"cve_mun":"19014","nombre_municipio":"Doctor Arroyo","cve_ent":"19","nombre_entidad":"Nuevo León"},"geometry":{"type":"Polygon","coordinates":[[[-100.4961,24.41],[-100.444,24.4217],[-100.4469,24.4388],[-100.4327,24.4397],[-100.4052,24.3718],[-100.3647,24.3325],[-100.3482,24.3116],[-100.3152,24.3158],[-100.2735,24.2546],[-100.2572,24.318],[-100.2008,24.2897],[-100.1865,24.302],[-100.1814,24.2834],[-100.1868,24.285],[-100.1871,24.2472],[-100.1939,24.2454],[-100.1958,24.2493],[-100.2161,24.2492],[-100.1984,24.2126],[-100.2032,24.2123],[-100.1662,24.1598],[-100.1794,24.147],[-100.1798,24.1424],[-100.182,24.1444],[-100.1939,24.133],[-100.1939,24.1203],[-100.154,24.0948],[-100.1708,24.0755],[-100.1131,24.0554],[-100.101,24.0544],[-100.1035,24.0354],[-100.1202,24.0313],[-100.1206,24.0005],[-100.1233,24.0008],[-100.121,23.9722],[-100.1038,23.9734],[-100.1026,23.9577],[-100.0635,23.9604],[-100.0619,23.9395],[-100.0178,23.9421],[-100.0243,23.8944],[-100.0304,23.8852],[-99.9648,23.857],[-99.969,23.8472],[-99.9745,23.8475],[-99.9722,23.8401],[-99.9423,23.838],[-99.945,23.7879],[-99.9103,23.7854],[-99.9079,23.79],[-99.8934,23.7448],[-99.8828,23.7236],[-99.8911,23.7038],[-99.9158,23.6651],[-99.9612,23.5569],[-99.9477,23.4972],[-99.9835,23.5124],[-99.9789,23.5368],[-99.992,23.5386],[-100.0198,23.5597],[-100.037,23.5272],[-100.1068,23.5516],[-100.1035,23.559],[-100.1133,23.5601],[-100.1199,23.5665],[-100.1614,23.5728],[-100.1435,23.542],[-100.1896,23.5542],[-100.2325,23.5469],[-100.2343,23.5333],[-100.2438,23.5388],[-100.2444,23.5362],[-100.2468,23.5375],[-100.2458,23.54],[-100.2511,23.543],[-100.2513,23.5564],[-100.2879,23.5586],[-100.2962,23.5339],[-100.2995,23.4892],[-100.3214,23.4939],[-100.3249,23.435],[-100.3383,23.4209],[-100.3341,23.4133],[-100.3428,23.4115],[-100.3523,23.4009],[-100.3554,23.4019],[-100.359,23.3925],[-100.3574,23.3879],[-100.3233,23.378],[-100.3369,23.3597],[-100.3414,23.2915],[-100.3317,23.2591],[-100.3743,23.2653],[-100.3638,23.189],[-100.3235,23.1956],[-100.3318,23.1627],[-100.4798,23.1944],[-100.4836,23.214],[-100.4571,23.3664],[-100.5172,23.421],[-100.4976,23.494],[-100.4942,23.5284],[-100.4592,23.5116],[-100.4591,23.5332],[-100.4675,23.5436],[-100.4695,23.5668],[-100.4916,23.5686],[-100.4887,23.605],[-100.4866,23.6041],[-100.4774,23.6338],[-100.4634,23.6531],[-100.4544,23.6499],[-100.4498,23.656],[-100.4583,23.6601],[-100.4457,23.6773],[-100.4471,23.6965],[-100.462,23.6946],[-100.4619,23.6891],[-100.4665,23.6889],[-100.4679,23.7001],[-100.4741,23.7068],[-100.4903,23.7396],[-100.4977,23.7363],[-100.4976,23.7987],[-100.5288,23.8164],[-100.5255,23.8395],[-100.5503,23.8422],[-100.5398,23.8884],[-100.5494,23.8893],[-100.5468,23.9174],[-100.5624,23.9196],[-100.5413,24.0257],[-100.5238,24.0715],[-100.5387,24.1185],[-100.5196,24.1184],[-100.5168,24.1399],[-100.5488,24.146],[-100.6134,24.1739],[-100.5935,24.1782],[-100.5851,24.2239],[-100.6331,24.226],[-100.5999,24.3488],[-100.6035,24.4013],[-100.5517,24.4388],[-100.5219,24.4469],[-100.5042,24.4564],[-100.4961,24.41]]]}},{"type":"Feature","properties":{"cve_mun":"19013","nombre_municipio":"China","cve_ent":"19","nombre_entidad":"Nuevo León"},"geometry":{"type":"Polygon","coordinates":[[[-99.2661,25.9162],[-99.2502,25.9027],[-99.2512,25.8996],[-99.2441,25.8952],[-99.2412,25.8878],[-99.23,25.8945],[-99.2158,25.8919],[-99.2126,25.8945],[-99.1915,25.8954],[-99.189,25.9053],[-99.1828,25.9031],[-99.1881,25.8939],[-99.1834,25.8905],[-99.1884,25.8882],[-99.1893,25.8835],[-99.1821,25.8805],[-99.186,25.8777],[-99.1855,25.8684],[-99.1897,25.8637],[-99.1837,25.8542],[-99.1854,25.8478],[-99.1831,25.8433],[-99.1898,25.8373],[-99.1817,25.8201],[-99.1896,25.8128],[-99.1825,25.7983],[-99.2149,25.7878],[-99.2102,25.7834],[-99.209,25.7732],[-99.1985,25.7619],[-99.1829,25.7229],[-99.1585,25.6803],[-99.1412,25.6674],[-99.0683,25.6478],[-99.0244,25.6248],[-99.0185,25.6242],[-98.9911,25.6513],[-98.9363,25.601],[-98.924,25.6103],[-98.9243,25.6172],[-98.8899,25.6088],[-98.8788,25.6232],[-98.8784,25.6306],[-98.86,25.6283],[-98.8549,25.6243],[-98.8541,25.6275],[-98.8376,25.6271],[-98.8209,25.6516],[-98.8164,25.6521],[-98.8048,25.643],[-98.7955,25.6535],[-98.7858,25.6513],[-98.7832,25.6553],[-98.7786,25.6368],[-98.7698,25.639],[-98.7628,25.6314],[-98.7526,25.6356],[-98.7508,25.6302],[-98.7557,25.6238],[-98.7491,25.6253],[-98.7337,25.6294],[-98.7299,25.6395],[-98.6905,25.6553],[-98.6908,25.7218],[-98.6738,25.7203],[-98.6688,25.7052],[-98.6477,25.7024],[-98.6484,25.711],[-98.6382,25.7105],[-98.6377,25.7212],[-98.6339,25.7168],[-98.6309,25.7192],[-98.6308,25.7129],[-98.602,25.709],[-98.5916,25.724],[-98.5916,25.7075],[-98.5814,25.706],[-98.5818,25.4894],[-98.4216,25.4894],[-98.4231,25.4475],[-98.5853,25.3323],[-98.929,25.0773],[-98.9337,25.0761],[-98.9343,25.0802],[-98.9342,25.0728],[-98.9412,25.0709],[-98.9462,25.0766],[-98.9475,25.0739],[-98.9552,25.0761],[-98.9566,25.0733],[-98.9592,25.076],[-98.9683,25.0704],[-98.9708,25.074],[-98.9699,25.0719],[-98.9764,25.0688],[-98.9852,25.0744],[-98.9894,25.0674],[-98.9977,25.0713],[-99.0002,25.0674],[-99.0191,25.0699],[-99.0225,25.0732],[-99.0175,25.0756],[-99.0196,25.0792],[-99.0142,25.0802],[-99.0155,25.0859],[-99.0204,25.0883],[-99.022,25.0939],[-99.026,25.0926],[-99.0295,25.0964],[-99.0337,25.1069],[-99.0287,25.1097],[-99.036,25.1203],[-99.0309,25.1249],[-99.0319,25.1351],[-99.0695,25.1728],[-99.0494,25.1809],[-99.052,25.1829],[-99.0449,25.1932],[-99.0465,25.198],[-99.0512,25.1946],[-99.0726,25.214],[-99.0224,25.2147],[-99.0356,25.2663],[-99.0569,25.26],[-99.0817,25.3235],[-99.092,25.336],[-99.1131,25.3283],[-99.1669,25.3828],[-99.1834,25.3663],[-99.1908,25.3752],[-99.2019,25.3714],[-99.2032,25.3777],[-99.2237,25.3777],[-99.2244,25.385],[-99.2292,25.3827],[-99.2312,25.3959],[-99.2233,25.402],[-99.2427,25.4146],[-99.2559,25.4137],[-99.2586,25.4245],[-99.278,25.4174],[-99.2795,25.401],[-99.3109,25.4016],[-99.3264,25.4303],[-99.3236,25.4375],[-99.3406,25.4524],[-99.3609,25.4588],[-99.3529,25.4655],[-99.3544,25.4681],[-99.367,25.4641],[-99.3573,25.478],[-99.3867,25.4968],[-99.4174,25.4808],[-99.418,25.4758],[-99.4242,25.4768],[-99.4246,25.5008],[-99.4117,25.4997],[-99.4108,25.5145],[-99.4176,25.5312],[-99.4263,25.5301],[-99.4321,25.5329],[-99.4322,25.5366],[-99.4212,25.6004],[-99.4176,25.6004],[-99.4139,25.6232],[-99.4612,25.6882],[-99.4471,25.6972],[-99.4436,25.6926],[-99.4455,25.6982],[-99.419,25.7148],[-99.4415,25.743],[-99.4261,25.7537],[-99.4026,25.7617],[-99.4056,25.7661],[-99.4018,25.7716],[-99.4586,25.8388],[-99.4532,25.8423],[-99.4434,25.8377],[-99.439,25.84],[-99.43,25.8338],[-99.4267,25.8362],[-99.4285,25.8429],[-99.4177,25.8429],[-99.4163,25.8478],[-99.3601,25.7828],[-99.2756,25.8381],[-99.2814,25.842],[-99.2819,25.9038],[-99.2754,25.9122],[-99.2661,25.9162]]]}},{"type":"Feature","properties":{"cve_mun":"19024","nombre_municipio":"General Zaragoza","cve_ent":"19","nombre_entidad":"Nuevo León"},"geometry":{"type":"Polygon","coordinates":[[[-99.5419,24.0336],[-99.5409,23.9973],[-99.52,23.9906],[-99.4869,23.9605],[-99.4569,23.8661],[-99.4938,23.8787],[-99.5767,23.7755],[-99.6022,23.7629],[-99.6195,23.7597],[-99.6834,23.7766],[-99.769,23.7845],[-99.8055,23.7843],[-99.8607,23.7745],[-99.8828,23.7236],[-99.8934,23.7448],[-99.9079,23.79],[-99.9103,23.7854],[-99.945,23.7879],[-99.9423,23.838],[-99.9722,23.8401],[-99.9745,23.8475],[-99.969,23.8472],[-99.9648,23.857],[-100.0304,23.8852],[-100.0243,23.8944],[-100.0178,23.9421],[-100.0086,23.9426],[-99.9855,23.9909],[-99.9728,24.0051],[-99.9182,24.0025],[-99.8782,24.0172],[-99.8798,23.9896],[-99.8675,23.9977],[-99.862,23.9904],[-99.853,23.9982],[-99.8421,23.9835],[-99.8442,23.9913],[-99.8366,24.0052],[-99.7889,24.0121],[-99.7866,24.015],[-99.7807,24.0101],[-99.7748,23.9945],[-99.7682,23.9908],[-99.7667,23.9845],[-99.7491,23.9971],[-99.755,24.0114],[-99.7429,24.0288],[-99.7208,24.0277],[-99.6893,24.0332],[-99.6759,24.0389],[-99.5788,24.0369],[-99.5709,24.0394],[-99.5419,24.0336]]]}},{"type":"Feature","properties":{"cve_mun":"19007","nombre_municipio":"Aramberri","cve_ent":"19","nombre_entidad":"Nuevo León"},"geometry":{"type":"Polygon","coordinates":[[[-99.6286,24.4922],[-99.5899,24.3961],[-99.5893,24.3508],[-99.5943,24.3309],[-99.6478,24.2181],[-99.6571,24.118],[-99.5709,24.0394],[-99.5788,24.0369],[-99.6759,24.0389],[-99.6893,24.0332],[-99.7208,24.0277],[-99.7429,24.0288],[-99.755,24.0114],[-99.7491,23.9971],[-99.7667,23.9845],[-99.7682,23.9908],[-99.7748,23.9945],[-99.7807,24.0101],[-99.7866,24.015],[-99.7889,24.0121],[-99.8366,24.0052],[-99.8442,23.9913],[-99.8421,23.9835],[-99.853,23.9982],[-99.862,23.9904],[-99.8675,23.9977],[-99.8798,23.9896],[-99.8782,24.0172],[-99.9182,24.0025],[-99.9728,24.0051],[-99.9855,23.9909],[-100.0086,23.9426],[-100.0619,23.9395],[-100.0635,23.9604],[-100.1026,23.9577],[-100.1038,23.9734],[-100.121,23.9722],[-100.1233,24.0008],[-100.1206,24.0005],[-100.1202,24.0313],[-100.1035,24.0354],[-100.101,24.0544],[-100.1131,24.0554],[-100.1708,24.0755],[-100.154,24.0948],[-100.1939,24.1203],[-100.1939,24.133],[-100.182,24.1444],[-100.1798,24.1424],[-100.1794,24.147],[-100.1662,24.1598],[-100.2032,24.2123],[-100.1984,24.2126],[-100.2161,24.2492],[-100.1958,24.2493],[-100.1939,24.2454],[-100.1871,24.2472],[-100.187,24.2637],[-100.1695,24.2633],[-100.1738,24.2828],[-100.1671,24.284],[-100.1535,24.2988],[-100.1152,24.3103],[-100.1061,24.2993],[-100.0735,24.3098],[-100.067,24.3538],[-100.0911,24.4525],[-100.0766,24.4421],[-100.0601,24.4517],[-100.0613,24.4557],[-100.0235,24.4595],[-100.0098,24.4547],[-99.9981,24.4545],[-99.9993,24.4643],[-99.9743,24.4745],[-99.9574,24.4629],[-99.9389,24.4648],[-99.9114,24.4599],[-99.9179,24.4515],[-99.9087,24.448],[-99.8887,24.4541],[-99.8942,24.4702],[-99.8548,24.501],[-99.8386,24.4959],[-99.8478,24.4856],[-99.8396,24.4716],[-99.8362,24.4727],[-99.8085,24.4464],[-99.8012,24.4291],[-99.8034,24.4281],[-99.7923,24.4067],[-99.7751,24.4105],[-99.7625,24.3902],[-99.744,24.3917],[-99.7406,24.4091],[-99.743,24.4193],[-99.7103,24.4421],[-99.7198,24.4837],[-99.6364,24.5067],[-99.6286,24.4922]]]}},{"type":"Feature","properties":{"cve_mun":"19045","nombre_municipio":"Salinas Victoria","cve_ent":"19","nombre_entidad":"Nuevo León"},"geometry":{"type":"Polygon","coordinates":[[[-100.3931,26.3948],[-100.3883,26.3607],[-100.3566,26.3644],[-100.3467,26.347],[-100.3485,26.3406],[-100.3433,26.3377],[-100.3396,26.3253],[-100.3321,26.3227],[-100.329,26.3167],[-100.32,26.3189],[-100.3109,26.3142],[-100.3088,26.304],[-100.298,26.2967],[-100.2991,26.2937],[-100.2899,26.2721],[-100.248,26.2719],[-100.2388,26.2655],[-100.2407,26.2628],[-100.2328,26.2624],[-100.2302,26.2583],[-100.226,26.26],[-100.2253,26.2661],[-100.2175,26.2748],[-100.2076,26.2784],[-100.2011,26.285],[-100.1859,26.2867],[-100.1844,26.2895],[-100.1895,26.2962],[-100.1839,26.3195],[-100.1877,26.3279],[-100.1029,26.3197],[-100.0644,26.3063],[-100.0544,26.3063],[-100.0576,26.3016],[-100.0511,26.2951],[-100.0537,26.2929],[-100.0454,26.2761],[-100.034,26.2788],[-100.0304,26.2763],[-100.0353,26.2705],[-100.0182,26.2562],[-100.0227,26.2523],[-99.9556,26.2388],[-99.9193,26.2455],[-99.9253,26.2375],[-99.933,26.2019],[-99.9276,26.196],[-99.9464,26.1937],[-99.967,26.2004],[-99.9701,26.1989],[-99.9671,26.1742],[-99.9703,26.1703],[-99.9678,26.1629],[-99.9793,26.164],[-99.9884,26.1602],[-99.9928,26.163],[-99.997,26.1604],[-100.0017,26.1642],[-100.0178,26.1659],[-100.023,26.152],[-100.0667,26.1311],[-100.1044,26.1172],[-100.0748,26.0626],[-100.1183,26.0385],[-100.1442,26.0142],[-100.1503,26.0329],[-100.1581,26.0439],[-100.1759,26.0337],[-100.1863,26.0215],[-100.1959,26.0184],[-100.2025,26.023],[-100.2047,26.0304],[-100.2337,26.0207],[-100.2302,26.0019],[-100.2731,26.0217],[-100.2738,26.0163],[-100.2798,26.0112],[-100.2508,26.0014],[-100.2427,25.9844],[-100.2341,25.9793],[-100.2378,25.9609],[-100.2322,25.9611],[-100.2301,25.9518],[-100.2387,25.9473],[-100.2443,25.9345],[-100.2446,25.9284],[-100.2363,25.9146],[-100.2412,25.907],[-100.2392,25.9033],[-100.2482,25.8928],[-100.254,25.8793],[-100.2717,25.8718],[-100.2717,25.8495],[-100.2982,25.849],[-100.302,25.8522],[-100.3077,25.8799],[-100.3105,25.8788],[-100.3322,25.9275],[-100.3234,25.9344],[-100.3226,25.9395],[-100.313,25.9452],[-100.3438,25.976],[-100.3669,25.9737],[-100.3696,25.9821],[-100.3659,25.9871],[-100.3716,26.0062],[-100.384,26.0252],[-100.3985,26.037],[-100.4001,26.0433],[-100.4063,26.0441],[-100.4323,26.0653],[-100.4858,26.093],[-100.5174,26.114],[-100.526,26.115],[-100.5395,26.1079],[-100.5649,26.1233],[-100.522,26.2104],[-100.5022,26.2008],[-100.5054,26.2067],[-100.5037,26.2112],[-100.4998,26.2123],[-100.4642,26.2562],[-100.4488,26.2591],[-100.4519,26.2806],[-100.4627,26.289],[-100.4667,26.2969],[-100.463,26.3019],[-100.4757,26.3238],[-100.472,26.3336],[-100.4799,26.3355],[-100.4714,26.3424],[-100.4811,26.3461],[-100.454,26.3688],[-100.4496,26.3848],[-100.443,26.3898],[-100.4339,26.3937],[-100.4059,26.3901],[-100.3931,26.3948]]]}},{"type":"Feature","properties":{"cve_mun":"19009","nombre_municipio":"Cadereyta Jiménez","cve_ent":"19","nombre_entidad":"Nuevo León"},"geometry":{"type":"Polygon","coordinates":[[[-99.9306,25.6948],[-99.92,25.6893],[-99.9163,25.691],[-99.9108,25.6865],[-99.9005,25.6878],[-99.9005,25.6913],[-99.8961,25.6919],[-99.8781,25.6899],[-99.8716,25.6844],[-99.8495,25.685],[-99.8467,25.6734],[-99.8312,25.6684],[-99.8311,25.6592],[-99.8205,25.6591],[-99.8172,25.6663],[-99.8147,25.6648],[-99.8102,25.6716],[-99.8022,25.6735],[-99.7967,25.6701],[-99.8028,25.658],[-99.7999,25.6576],[-99.7873,25.6732],[-99.7667,25.6664],[-99.7647,25.6535],[-99.7511,25.6515],[-99.7489,25.6436],[-99.7507,25.6291],[-99.739,25.6246],[-99.7405,25.5658],[-99.7364,25.5463],[-99.7349,25.5503],[-99.7109,25.5444],[-99.698,25.5299],[-99.6938,25.5177],[-99.6863,25.5141],[-99.6871,25.5041],[-99.6965,25.494],[-99.7041,25.4936],[-99.7119,25.5007],[-99.7182,25.4994],[-99.7223,25.4851],[-99.7288,25.4817],[-99.732,25.4714],[-99.736,25.4689],[-99.7412,25.4735],[-99.7481,25.4698],[-99.7458,25.4661],[-99.7544,25.4572],[-99.7613,25.4571],[-99.7596,25.4534],[-99.7663,25.4459],[-99.77,25.4326],[-99.7849,25.4306],[-99.7865,25.424],[-99.7929,25.4174],[-99.7897,25.4158],[-99.7932,25.4087],[-99.789,25.3995],[-99.7965,25.3882],[-99.7924,25.3789],[-99.798,25.373],[-99.8074,25.3513],[-99.8217,25.3455],[-99.8273,25.3398],[-99.9318,25.4203],[-99.9403,25.4066],[-99.9344,25.3941],[-99.9278,25.3882],[-99.9284,25.3807],[-99.9327,25.3764],[-99.9399,25.3766],[-99.9504,25.3716],[-99.9509,25.363],[-99.9601,25.3659],[-99.9651,25.3619],[-99.9728,25.3642],[-99.9796,25.3573],[-99.9911,25.3546],[-99.9966,25.3569],[-100.0149,25.3451],[-100.0257,25.3519],[-100.044,25.351],[-100.0586,25.3619],[-100.0607,25.3735],[-100.0746,25.3854],[-100.0764,25.3937],[-100.0512,25.4093],[-100.0599,25.4177],[-100.0434,25.4409],[-100.0313,25.4509],[-100.0374,25.448],[-100.0696,25.4706],[-100.0712,25.4688],[-100.0969,25.5032],[-100.1314,25.4702],[-100.1788,25.5303],[-100.1736,25.538],[-100.1693,25.5311],[-100.1627,25.5288],[-100.1625,25.525],[-100.1342,25.5366],[-100.127,25.535],[-100.1252,25.532],[-100.1277,25.5307],[-100.1226,25.5271],[-100.1234,25.522],[-100.1114,25.5243],[-100.1071,25.5166],[-100.1016,25.5139],[-100.0951,25.5155],[-100.088,25.5121],[-100.0734,25.5211],[-100.0759,25.5234],[-100.0719,25.5256],[-100.0606,25.5152],[-100.0553,25.5211],[-100.0501,25.5163],[-100.0739,25.5403],[-100.0773,25.5339],[-100.1107,25.5648],[-100.1068,25.5687],[-100.0958,25.5606],[-100.1018,25.5661],[-100.0979,25.5699],[-100.1018,25.5736],[-100.0985,25.5766],[-100.0905,25.5717],[-100.1044,25.5845],[-100.0942,25.5983],[-100.0866,25.6014],[-100.0858,25.6069],[-100.0804,25.6051],[-100.0745,25.6102],[-100.0628,25.6114],[-100.056,25.628],[-100.0424,25.6201],[-100.0402,25.6377],[-100.066,25.6527],[-100.0559,25.6614],[-100.009,25.6522],[-99.9962,25.6665],[-100.0036,25.6668],[-99.9901,25.6823],[-99.9775,25.6785],[-99.971,25.6797],[-99.9648,25.6835],[-99.9648,25.6864],[-99.9619,25.6857],[-99.9607,25.6909],[-99.9306,25.6948]]]}},{"type":"Feature","properties":{"cve_mun":"19012","nombre_municipio":"Ciénega de Flores","cve_ent":"19","nombre_entidad":"Nuevo León"},"geometry":{"type":"Polygon","coordinates":[[[-100.1573,26.0427],[-100.1503,26.0329],[-100.1442,26.0142],[-100.1183,26.0385],[-100.1174,26.029],[-100.1135,26.0252],[-100.1137,26.0134],[-100.1107,26.0127],[-100.1044,25.9965],[-100.1113,25.9903],[-100.1259,25.9848],[-100.1263,25.9825],[-100.1223,25.9819],[-100.1262,25.9745],[-100.1203,25.9684],[-100.1393,25.9619],[-100.1494,25.9448],[-100.1633,25.9396],[-100.1673,25.9321],[-100.1579,25.9235],[-100.1741,25.91],[-100.1827,25.9127],[-100.1767,25.9146],[-100.1799,25.9211],[-100.1857,25.9207],[-100.1904,25.915],[-100.1976,25.9172],[-100.2105,25.8987],[-100.2179,25.9141],[-100.2231,25.9079],[-100.2363,25.9146],[-100.2446,25.9284],[-100.2387,25.9473],[-100.2301,25.9518],[-100.2322,25.9611],[-100.2378,25.9609],[-100.2341,25.9793],[-100.2427,25.9844],[-100.2524,26.0029],[-100.2616,26.0031],[-100.2795,26.0122],[-100.2738,26.0163],[-100.273,26.0217],[-100.2302,26.0019],[-100.2337,26.0207],[-100.2047,26.0304],[-100.2025,26.023],[-100.1959,26.0184],[-100.1863,26.0215],[-100.1759,26.0337],[-100.1573,26.0427]]]}},{"type":"Feature","properties":{"cve_mun":"19038","nombre_municipio":"Montemorelos","cve_ent":"19","nombre_entidad":"Nuevo León"},"geometry":{"type":"Polygon","coordinates":[[[-99.928,25.4176],[-99.8273,25.3398],[-99.8217,25.3455],[-99.8074,25.3513],[-99.8002,25.3684],[-99.7837,25.3484],[-99.7824,25.3411],[-99.795,25.2833],[-99.7807,25.2665],[-99.7771,25.272],[-99.7756,25.2701],[-99.7713,25.2728],[-99.7741,25.2761],[-99.7652,25.2803],[-99.7495,25.2621],[-99.7465,25.2473],[-99.7406,25.2397],[-99.7473,25.2374],[-99.7479,25.231],[-99.7514,25.2285],[-99.7593,25.2275],[-99.7546,25.2227],[-99.7506,25.2084],[-99.7459,25.2114],[-99.7445,25.2182],[-99.7432,25.2118],[-99.7384,25.2111],[-99.7302,25.2179],[-99.723,25.2181],[-99.6963,25.1833],[-99.658,25.1533],[-99.664,25.1465],[-99.6414,25.1288],[-99.6369,25.1278],[-99.6279,25.1343],[-99.6107,25.1204],[-99.6151,25.116],[-99.5833,25.0907],[-99.5763,25.1012],[-99.5667,25.1054],[-99.5658,25.1112],[-99.549,25.1131],[-99.5425,25.1107],[-99.5396,25.1147],[-99.5359,25.1135],[-99.5322,25.1173],[-99.5294,25.1157],[-99.5228,25.119],[-99.5222,25.1247],[-99.5183,25.1231],[-99.51,25.1323],[-99.5007,25.133],[-99.501,25.137],[-99.4967,25.1377],[-99.4969,25.143],[-99.488,25.1505],[-99.4827,25.1499],[-99.4832,25.1552],[-99.4801,25.1548],[-99.4809,25.1585],[-99.4776,25.159],[-99.4796,25.1452],[-99.4454,25.1417],[-99.4522,25.0994],[-99.4164,25.0938],[-99.4148,25.1075],[-99.3944,25.1038],[-99.3988,25.08],[-99.4064,25.0819],[-99.4111,25.046],[-99.3693,25.0376],[-99.3736,25.0102],[-99.3982,25.0155],[-99.4094,25.0218],[-99.4157,24.9873],[-99.4219,24.9897],[-99.4239,24.9955],[-99.429,24.9959],[-99.4335,24.9878],[-99.4257,24.9847],[-99.4259,24.9784],[-99.4206,24.9785],[-99.4204,24.9681],[-99.4317,24.9685],[-99.4306,24.9815],[-99.4405,24.9845],[-99.4452,24.9801],[-99.4502,24.9813],[-99.4542,24.9884],[-99.4663,24.9967],[-99.479,24.997],[-99.4852,25.0039],[-99.5008,24.9979],[-99.5149,24.9867],[-99.512,25.008],[-99.5256,25.0077],[-99.5229,24.9924],[-99.5284,24.9959],[-99.5294,24.9887],[-99.5403,24.9894],[-99.5489,25.0009],[-99.5666,25.0006],[-99.574,24.9933],[-99.5945,24.9908],[-99.602,24.9724],[-99.6158,24.9749],[-99.6164,24.964],[-99.6295,24.9699],[-99.6428,24.9675],[-99.651,24.9784],[-99.6558,24.9785],[-99.6594,24.973],[-99.6565,24.9631],[-99.6509,24.958],[-99.6521,24.9528],[-99.6566,24.9516],[-99.6641,24.9564],[-99.6718,24.9543],[-99.6759,24.9477],[-99.6888,24.9571],[-99.6893,24.9665],[-99.6944,24.9638],[-99.6996,24.9666],[-99.6967,24.9763],[-99.7003,24.9762],[-99.7057,24.9695],[-99.7144,24.974],[-99.7154,24.9833],[-99.7239,24.9781],[-99.7458,24.9905],[-99.7555,24.9897],[-99.7675,24.9952],[-99.7701,24.9919],[-99.7811,24.9975],[-99.7837,24.9934],[-99.7927,24.9938],[-99.7967,24.9984],[-99.8115,24.9925],[-99.8176,24.9825],[-99.8286,24.9783],[-99.8319,24.9745],[-99.8297,24.9682],[-99.8358,24.9579],[-99.8609,24.9468],[-99.8697,24.9329],[-99.8822,24.93],[-99.8885,24.9366],[-99.8931,24.9305],[-99.9014,24.9332],[-99.9093,24.9271],[-99.9156,24.9286],[-99.9139,24.9226],[-99.9209,24.9187],[-99.9154,24.9127],[-99.9269,24.9117],[-99.9326,24.9159],[-99.9338,24.913],[-99.9457,24.9186],[-99.9873,25.0441],[-99.9818,25.0456],[-99.9841,25.05],[-99.9895,25.0502],[-99.9875,25.0521],[-99.9916,25.0601],[-99.9853,25.07],[-100.0005,25.0794],[-100.0192,25.0749],[-100.0193,25.0711],[-100.0238,25.0694],[-100.0203,25.0567],[-100.027,25.0576],[-100.0304,25.0697],[-100.0412,25.0696],[-100.0433,25.0756],[-100.0525,25.081],[-100.0569,25.0989],[-100.0641,25.1108],[-100.0703,25.1144],[-100.0965,25.0966],[-100.0954,25.1149],[-100.11,25.1279],[-100.1568,25.1905],[-100.156,25.202],[-100.1711,25.2238],[-100.1329,25.2598],[-100.071,25.2307],[-100.0739,25.2294],[-100.0703,25.2252],[-100.0669,25.2281],[-100.0659,25.2248],[-100.0619,25.2243],[-100.0561,25.2293],[-100.0409,25.2321],[-100.0379,25.2416],[-100.0286,25.2533],[-100.0058,25.2604],[-99.9988,25.259],[-99.9913,25.2663],[-99.9836,25.264],[-99.9777,25.2681],[-99.9714,25.2652],[-99.9708,25.2738],[-99.9662,25.2789],[-99.9578,25.2752],[-99.9536,25.2861],[-99.9467,25.2841],[-99.9445,25.2877],[-99.9396,25.2877],[-99.9374,25.2995],[-99.9485,25.2965],[-99.9537,25.3003],[-99.9278,25.312],[-99.9295,25.3163],[-99.94,25.3188],[-99.9446,25.3351],[-99.9439,25.3392],[-99.9347,25.3453],[-99.9328,25.35],[-99.9349,25.3559],[-99.9407,25.3579],[-99.9424,25.3742],[-99.9317,25.377],[-99.9275,25.3855],[-99.9403,25.4066],[-99.9318,25.4203],[-99.928,25.4176]]]}},{"type":"Feature","properties":{"cve_mun":"19023","nombre_municipio":"General Treviño","cve_ent":"19","nombre_entidad":"Nuevo León"},"geometry":{"type":"Polygon","coordinates":[[[-99.3639,26.3291],[-99.3337,26.3064],[-99.3324,26.2528],[-99.4013,26.1394],[-99.3803,26.0939],[-99.4758,26.0993],[-99.4875,26.1132],[-99.4898,26.1228],[-99.5031,26.1254],[-99.5271,26.1644],[-99.5366,26.1707],[-99.5397,26.1672],[-99.5542,26.1845],[-99.5889,26.1841],[-99.5895,26.2353],[-99.5452,26.2362],[-99.492,26.2744],[-99.4802,26.273],[-99.4754,26.2679],[-99.4699,26.2753],[-99.4626,26.2663],[-99.4651,26.3131],[-99.4097,26.317],[-99.4012,26.3048],[-99.3947,26.3062],[-99.3858,26.3171],[-99.3721,26.3219],[-99.3639,26.3291]]]}},{"type":"Feature","properties":{"cve_mun":"19029","nombre_municipio":"Hualahuises","cve_ent":"19","nombre_entidad":"Nuevo León"},"geometry":{"type":"Polygon","coordinates":[[[-99.732,24.9331],[-99.6162,24.9292],[-99.6184,24.9085],[-99.6138,24.9052],[-99.6137,24.8866],[-99.6177,24.8871],[-99.6189,24.8697],[-99.6101,24.8672],[-99.6102,24.8625],[-99.6154,24.8625],[-99.6162,24.8431],[-99.6258,24.8433],[-99.6261,24.8377],[-99.6356,24.8349],[-99.6501,24.8406],[-99.6543,24.8366],[-99.6651,24.8382],[-99.6675,24.8352],[-99.6682,24.8379],[-99.7414,24.8375],[-99.7434,24.8641],[-99.7404,24.8637],[-99.7408,24.8768],[-99.738,24.8772],[-99.7417,24.8846],[-99.737,24.8856],[-99.74,24.8968],[-99.738,24.8958],[-99.732,24.9331]]]}},{"type":"Feature","properties":{"cve_mun":"19028","nombre_municipio":"Higueras","cve_ent":"19","nombre_entidad":"Nuevo León"},"geometry":{"type":"Polygon","coordinates":[[[-100.0151,26.1652],[-100.0017,26.1642],[-99.997,26.1604],[-99.9776,26.1641],[-99.9619,26.1627],[-99.9496,26.1544],[-99.9482,26.1456],[-99.9402,26.1349],[-99.9387,26.1206],[-99.928,26.1139],[-99.927,26.0967],[-99.9175,26.0876],[-99.9194,26.0629],[-99.9157,26.0649],[-99.9145,26.0624],[-99.9189,26.0495],[-99.9051,26.0375],[-99.9005,26.036],[-99.8916,26.0421],[-99.8832,26.0372],[-99.8834,26.0316],[-99.8978,26.0365],[-99.9002,26.0301],[-99.8917,26.0262],[-99.8985,26.0245],[-99.8967,26.0168],[-99.8906,26.0143],[-99.8952,26.008],[-99.8827,26.0069],[-99.8802,25.9945],[-99.8941,25.9825],[-99.8985,25.9712],[-99.9142,25.9584],[-99.9143,25.9458],[-99.9244,25.9325],[-99.9241,25.9263],[-99.9301,25.9242],[-99.9454,25.9095],[-99.9507,25.9086],[-99.9515,25.9052],[-99.9978,25.92],[-100.0649,25.918],[-100.0839,25.952],[-100.0815,25.9566],[-100.0747,25.9492],[-100.052,25.9644],[-100.0627,25.9779],[-100.0775,26.0195],[-100.1044,25.9965],[-100.1107,26.0127],[-100.114,26.0144],[-100.1135,26.0252],[-100.1174,26.029],[-100.1181,26.0381],[-100.0748,26.0626],[-100.1044,26.1172],[-100.0667,26.1311],[-100.023,26.152],[-100.0212,26.1623],[-100.0151,26.1652]]]}},{"type":"Feature","properties":{"cve_mun":"19030","nombre_municipio":"Iturbide","cve_ent":"19","nombre_entidad":"Nuevo León"},"geometry":{"type":"Polygon","coordinates":[[[-99.8814,24.8919],[-99.8817,24.8682],[-99.8539,24.8501],[-99.8542,24.8457],[-99.8621,24.8397],[-99.8912,24.8233],[-99.8805,24.8179],[-99.8737,24.8104],[-99.8751,24.7967],[-99.8712,24.7755],[-99.839,24.7431],[-99.8113,24.6741],[-99.8122,24.6493],[-99.7783,24.6026],[-99.7723,24.5862],[-99.733,24.554],[-99.7103,24.4421],[-99.743,24.4193],[-99.7406,24.4091],[-99.744,24.3917],[-99.7625,24.3902],[-99.7751,24.4105],[-99.7923,24.4067],[-99.8034,24.4281],[-99.8012,24.4291],[-99.8085,24.4464],[-99.8362,24.4727],[-99.8396,24.4716],[-99.8478,24.4856],[-99.8386,24.4959],[-99.879,24.5092],[-99.8754,24.527],[-99.8547,24.5535],[-99.8415,24.5648],[-99.854,24.5959],[-99.8667,24.6186],[-99.8806,24.6341],[-99.8992,24.6507],[-99.9481,24.6839],[-99.9564,24.6953],[-99.9662,24.7],[-99.9722,24.7057],[-99.9721,24.7094],[-99.9812,24.7137],[-99.9824,24.7189],[-99.9964,24.7306],[-99.983,24.7449],[-99.977,24.744],[-99.9584,24.7629],[-99.9481,24.7638],[-99.9628,24.7796],[-99.969,24.7987],[-99.9818,24.8131],[-99.9836,24.8254],[-99.9589,24.819],[-99.9445,24.8327],[-99.9281,24.8261],[-99.9398,24.8376],[-99.94,24.8426],[-99.944,24.8429],[-99.9468,24.8488],[-99.9444,24.8534],[-99.9501,24.8542],[-99.9497,24.8592],[-99.955,24.8605],[-99.9541,24.8652],[-99.9588,24.8675],[-99.9565,24.8694],[-99.9645,24.8718],[-99.9631,24.8753],[-99.9685,24.8786],[-99.9694,24.891],[-99.963,24.8916],[-99.9619,24.8945],[-99.9563,24.8865],[-99.9589,24.8792],[-99.9408,24.8586],[-99.8843,24.898],[-99.8814,24.8919]]]}},{"type":"Feature","properties":{"cve_mun":"19037","nombre_municipio":"Mina","cve_ent":"19","nombre_entidad":"Nuevo León"},"geometry":{"type":"Polygon","coordinates":[[[-100.7208,26.6719],[-100.6918,26.61],[-100.6766,26.5876],[-100.6551,26.5676],[-100.6488,26.5521],[-100.6403,26.5418],[-100.6358,26.5289],[-100.6369,26.5214],[-100.6098,26.524],[-100.619,26.4993],[-100.6196,26.4932],[-100.6167,26.4933],[-100.6212,26.4791],[-100.6136,26.4783],[-100.6142,26.4661],[-100.6213,26.4656],[-100.6138,26.4567],[-100.6154,26.446],[-100.6237,26.4319],[-100.5146,26.4333],[-100.5112,26.4291],[-100.515,26.4133],[-100.5086,26.4086],[-100.5069,26.3977],[-100.5025,26.3933],[-100.507,26.3889],[-100.4998,26.3868],[-100.4959,26.3815],[-100.5037,26.3688],[-100.4883,26.3591],[-100.4896,26.3546],[-100.4817,26.3464],[-100.4714,26.3424],[-100.4799,26.3355],[-100.472,26.3336],[-100.4757,26.3238],[-100.463,26.3019],[-100.4667,26.2969],[-100.4627,26.289],[-100.4519,26.2806],[-100.4492,26.2696],[-100.4488,26.2591],[-100.4642,26.2562],[-100.4998,26.2123],[-100.5037,26.2112],[-100.5053,26.2061],[-100.5009,26.2018],[-100.522,26.2104],[-100.5649,26.1233],[-100.5395,26.1079],[-100.5383,26.0999],[-100.505,26.0687],[-100.4741,26.0478],[-100.4581,26.0323],[-100.4662,26.0181],[-100.475,26.0244],[-100.4848,25.9967],[-100.479,25.9947],[-100.4799,25.9891],[-100.4851,25.9862],[-100.5031,25.9516],[-100.4956,25.9035],[-100.504,25.9008],[-100.5236,25.9059],[-100.5748,25.8814],[-100.6005,25.8733],[-100.6116,25.8627],[-100.612,25.9477],[-100.6174,25.9671],[-100.6475,25.9587],[-100.6573,25.9501],[-100.6657,25.9519],[-100.6693,25.9467],[-100.6752,25.9505],[-100.7204,25.9447],[-100.7374,25.9835],[-100.7539,25.9604],[-100.775,25.9502],[-100.8162,25.94],[-100.8183,25.9501],[-100.8243,25.9441],[-100.8769,25.9472],[-100.9055,25.9569],[-100.9046,26.0087],[-100.9164,26.0756],[-100.9429,26.0868],[-100.9426,26.0906],[-100.9827,26.1395],[-101.0474,26.1698],[-101.0686,26.189],[-101.0976,26.2529],[-101.2068,26.3698],[-100.9051,26.6086],[-100.753,26.7352],[-100.7208,26.6719]]]}},{"type":"Feature","properties":{"cve_mun":"19050","nombre_municipio":"Vallecillo","cve_ent":"19","nombre_entidad":"Nuevo León"},"geometry":{"type":"Polygon","coordinates":[[[-99.7443,26.9121],[-99.7391,26.9073],[-99.7253,26.9069],[-99.7235,26.9041],[-99.7279,26.9035],[-99.7266,26.8985],[-99.7129,26.8958],[-99.71,26.8988],[-99.7137,26.9015],[-99.711,26.9055],[-99.7035,26.9055],[-99.6983,26.8984],[-99.6971,26.9067],[-99.6921,26.9088],[-99.6855,26.899],[-99.6875,26.8947],[-99.6789,26.8958],[-99.6781,26.8899],[-99.6821,26.8888],[-99.714,26.8423],[-99.6834,26.8246],[-99.7047,26.7934],[-99.715,26.8001],[-99.7496,26.7343],[-99.7783,26.7447],[-99.8015,26.6907],[-99.7342,26.6719],[-99.7079,26.5983],[-99.6958,26.6128],[-99.683,26.6077],[-99.6903,26.5999],[-99.6886,26.5796],[-99.7144,26.5716],[-99.7126,26.5416],[-99.7192,26.542],[-99.7242,26.4838],[-99.721,26.4826],[-99.7244,26.471],[-99.7199,26.4429],[-99.7227,26.4352],[-99.7278,26.4344],[-99.7306,26.4301],[-99.7286,26.4233],[-99.7248,26.4219],[-99.7267,26.4137],[-99.7325,26.408],[-99.7382,26.4137],[-99.7555,26.4071],[-99.7512,26.4035],[-99.7578,26.3969],[-99.7548,26.3944],[-99.7675,26.3855],[-99.7738,26.3912],[-99.7729,26.3945],[-99.7787,26.3941],[-99.7772,26.4025],[-99.7796,26.404],[-99.7758,26.4045],[-99.775,26.4079],[-99.7844,26.4084],[-99.7835,26.4002],[-99.7899,26.4032],[-99.7879,26.3969],[-99.792,26.3985],[-99.7942,26.3962],[-99.7846,26.3861],[-99.8044,26.3778],[-99.8105,26.3703],[-99.8115,26.3632],[-99.8142,26.367],[-99.8465,26.3773],[-99.9028,26.3778],[-99.9198,26.3823],[-99.9205,26.386],[-99.9738,26.3944],[-99.9877,26.4117],[-99.989,26.4182],[-99.9785,26.4412],[-99.9827,26.4428],[-99.9808,26.4468],[-99.9736,26.4493],[-99.9856,26.4473],[-99.9926,26.4493],[-99.9961,26.4539],[-99.9988,26.4498],[-99.9986,26.4551],[-100.0204,26.4539],[-100.0201,26.4569],[-100.009,26.4555],[-100.0056,26.4729],[-100.0095,26.473],[-100.0095,26.4672],[-100.0308,26.4698],[-100.0304,26.4746],[-100.0364,26.4748],[-100.0371,26.4812],[-100.0356,26.4782],[-100.0302,26.4779],[-100.0299,26.483],[-100.0372,26.4863],[-100.039,26.4935],[-100.0254,26.4981],[-100.0153,26.5422],[-100.0235,26.5408],[-100.0204,26.5547],[-100.0465,26.5573],[-100.0377,26.5881],[-100.0716,26.5876],[-100.0732,26.5894],[-100.0592,26.5996],[-100.086,26.6283],[-100.1014,26.6357],[-100.0373,26.6736],[-100.0443,26.6751],[-100.0429,26.6842],[-100.0459,26.6942],[-100.0534,26.6972],[-100.0566,26.7026],[-100.0553,26.722],[-100.0583,26.7257],[-100.0589,26.7421],[-100.0617,26.7461],[-100.0753,26.7514],[-100.0796,26.7612],[-100.0836,26.761],[-100.0875,26.7667],[-100.0781,26.7783],[-100.0777,26.7852],[-100.085,26.7922],[-100.0937,26.8146],[-100.0979,26.8187],[-100.0939,26.83],[-100.0979,26.837],[-100.0834,26.8498],[-100.0674,26.8398],[-100.024,26.8683],[-100.0309,26.8792],[-100.0237,26.8881],[-100.0494,26.9058],[-100.0463,26.9114],[-100.0209,26.9073],[-100.0026,26.914],[-99.9687,26.8464],[-99.9361,26.8738],[-99.9292,26.8583],[-99.8688,26.8827],[-99.8655,26.878],[-99.8588,26.8798],[-99.8492,26.8883],[-99.8445,26.8865],[-99.8498,26.8827],[-99.8478,26.8789],[-99.8386,26.8862],[-99.8347,26.8868],[-99.833,26.8836],[-99.8323,26.8877],[-99.8288,26.8889],[-99.8211,26.8753],[-99.804,26.8716],[-99.8019,26.8728],[-99.8039,26.8749],[-99.8134,26.8772],[-99.81,26.8867],[-99.7982,26.8892],[-99.7984,26.8848],[-99.8071,26.8816],[-99.8036,26.8797],[-99.7934,26.8806],[-99.7927,26.8887],[-99.7812,26.8937],[-99.7753,26.889],[-99.7676,26.889],[-99.7646,26.894],[-99.7477,26.9002],[-99.7473,26.9097],[-99.7443,26.9121]]]}},{"type":"Feature","properties":{"cve_mun":"19034","nombre_municipio":"Marín","cve_ent":"19","nombre_entidad":"Nuevo León"},"geometry":{"type":"Polygon","coordinates":[[[-99.8437,26.0234],[-99.8447,26.0201],[-99.8359,26.0203],[-99.8411,26.0151],[-99.8162,26.0182],[-99.8186,26.0159],[-99.8133,26.0154],[-99.8137,26.0111],[-99.8081,26.0075],[-99.8107,26.0057],[-99.8039,26.0067],[-99.8052,26.0019],[-99.8007,26.0023],[-99.8057,25.9988],[-99.8023,25.9957],[-99.9442,25.8915],[-99.9517,25.8943],[-99.9515,25.8879],[-99.945,25.8836],[-99.9706,25.8888],[-99.9831,25.9039],[-99.9692,25.8383],[-99.9655,25.8348],[-99.9471,25.8327],[-99.9401,25.8273],[-99.9349,25.8273],[-99.919,25.8054],[-99.9011,25.8033],[-99.9047,25.7903],[-99.8926,25.7883],[-99.8941,25.7792],[-99.903,25.7769],[-99.9022,25.7727],[-99.8982,25.7716],[-99.9003,25.764],[-99.8822,25.7479],[-99.9097,25.7544],[-99.9329,25.7522],[-99.9644,25.7656],[-99.9794,25.765],[-99.9901,25.7748],[-99.9889,25.7848],[-99.9929,25.791],[-99.9933,25.7997],[-100.003,25.799],[-100.0184,25.8035],[-100.0313,25.8168],[-100.0313,25.824],[-100.0591,25.8156],[-100.0595,25.8186],[-100.0659,25.8161],[-100.1042,25.8315],[-100.098,25.8345],[-100.0976,25.8474],[-100.1011,25.8491],[-100.097,25.8539],[-100.0949,25.8514],[-100.093,25.8533],[-100.0927,25.8599],[-100.0858,25.8682],[-100.082,25.8659],[-100.084,25.8704],[-100.0688,25.8808],[-100.0609,25.9125],[-100.0649,25.918],[-99.9978,25.92],[-99.9515,25.9052],[-99.9507,25.9086],[-99.9454,25.9095],[-99.9301,25.9242],[-99.9241,25.9263],[-99.9244,25.9325],[-99.9143,25.9458],[-99.9142,25.9584],[-99.8985,25.9712],[-99.8941,25.9825],[-99.8802,25.9945],[-99.8827,26.0069],[-99.8952,26.008],[-99.8912,26.0106],[-99.8901,26.0169],[-99.8846,26.0185],[-99.8841,26.0219],[-99.8722,26.0151],[-99.8685,26.0185],[-99.8706,26.0154],[-99.8615,26.0089],[-99.8505,26.0221],[-99.8437,26.0234]]]}},{"type":"Feature","properties":{"cve_mun":"19015","nombre_municipio":"Doctor Coss","cve_ent":"19","nombre_entidad":"Nuevo León"},"geometry":{"type":"Polygon","coordinates":[[[-99.016,26.0955],[-98.9008,25.9683],[-98.8459,26.0245],[-98.8035,26.0325],[-98.7924,26.0321],[-98.7916,25.9752],[-99.0073,25.8385],[-99.1855,25.8684],[-99.1861,25.8775],[-99.1822,25.8815],[-99.1893,25.8842],[-99.1882,25.8884],[-99.1835,25.8903],[-99.1881,25.8939],[-99.1827,25.9028],[-99.1922,25.9066],[-99.187,25.9198],[-99.1944,25.9225],[-99.1952,25.9275],[-99.1936,25.9307],[-99.1829,25.9319],[-99.1839,25.9498],[-99.1885,25.9586],[-99.1857,25.9675],[-99.1792,25.9686],[-99.1783,25.9781],[-99.1714,25.9784],[-99.1725,25.9863],[-99.1787,25.987],[-99.183,25.9829],[-99.1859,25.9908],[-99.1922,25.9932],[-99.1946,25.9995],[-99.1922,26.0046],[-99.1981,26.0244],[-99.1897,26.0298],[-99.1865,26.0407],[-99.1937,26.0452],[-99.1889,26.0535],[-99.1916,26.0607],[-99.1883,26.0644],[-99.1944,26.066],[-99.1909,26.0731],[-99.1707,26.078],[-99.1621,26.0706],[-99.1601,26.0612],[-99.1442,26.0614],[-99.1411,26.053],[-99.129,26.0534],[-99.124,26.0567],[-99.1321,26.0643],[-99.1319,26.068],[-99.1199,26.0665],[-99.1155,26.0754],[-99.1093,26.0787],[-99.095,26.0806],[-99.0932,26.0773],[-99.0963,26.0724],[-99.0916,26.0699],[-99.0769,26.0718],[-99.0745,26.0788],[-99.0625,26.0801],[-99.0628,26.0905],[-99.0461,26.0985],[-99.0373,26.0935],[-99.0252,26.0934],[-99.0217,26.0984],[-99.0239,26.1041],[-99.016,26.0955]]]}},{"type":"Feature","properties":{"cve_mun":"19035","nombre_municipio":"Melchor Ocampo","cve_ent":"19","nombre_entidad":"Nuevo León"},"geometry":{"type":"Polygon","coordinates":[[[-99.4607,26.0995],[-99.396,26.0949],[-99.4042,26.0054],[-99.4434,25.9927],[-99.4959,25.9942],[-99.5092,25.9984],[-99.5241,25.9972],[-99.5296,25.9982],[-99.5323,26.0024],[-99.5421,26.0034],[-99.5443,25.9944],[-99.561,25.9941],[-99.5886,26.0403],[-99.5859,26.0419],[-99.6065,26.073],[-99.5871,26.0922],[-99.5738,26.095],[-99.4607,26.0995]]]}},{"type":"Feature","properties":{"cve_mun":"19033","nombre_municipio":"Linares","cve_ent":"19","nombre_entidad":"Nuevo León"},"geometry":{"type":"Polygon","coordinates":[[[-99.3496,25.1502],[-99.3104,25.1446],[-99.3126,25.1066],[-99.2659,25.1038],[-99.2694,25.0851],[-99.2538,25.084],[-99.2516,25.0959],[-99.1789,25.0902],[-99.1831,25.073],[-99.1967,25.0741],[-99.202,25.0432],[-99.1827,25.0408],[-99.1817,25.0436],[-99.1741,25.0408],[-99.1719,25.0459],[-99.1673,25.0468],[-99.1629,25.0436],[-99.1636,25.0349],[-99.1565,25.0285],[-99.1599,25.0258],[-99.1649,25.0295],[-99.1711,25.0248],[-99.1717,25.0197],[-99.1783,25.0177],[-99.1809,25.0115],[-99.1589,24.916],[-99.2074,24.8614],[-99.182,24.776],[-99.1887,24.7807],[-99.2129,24.7717],[-99.2949,24.8041],[-99.2972,24.7941],[-99.3068,24.792],[-99.3107,24.7873],[-99.3179,24.7898],[-99.3317,24.7762],[-99.3644,24.7718],[-99.3679,24.7656],[-99.3764,24.7614],[-99.3818,24.747],[-99.3894,24.7398],[-99.3976,24.7399],[-99.4066,24.7345],[-99.4229,24.7368],[-99.425,24.7301],[-99.4307,24.7258],[-99.4426,24.7268],[-99.4481,24.7322],[-99.4777,24.7126],[-99.4919,24.6977],[-99.4941,24.688],[-99.5007,24.6792],[-99.5006,24.666],[-99.496,24.651],[-99.4995,24.6413],[-99.5128,24.6345],[-99.5282,24.6316],[-99.5379,24.6224],[-99.5398,24.6268],[-99.5451,24.6265],[-99.5478,24.6243],[-99.5462,24.6131],[-99.5572,24.6087],[-99.5574,24.6124],[-99.5761,24.6236],[-99.5858,24.6244],[-99.5926,24.6194],[-99.597,24.6227],[-99.6094,24.6225],[-99.7047,24.5759],[-99.733,24.554],[-99.7723,24.5862],[-99.7783,24.6026],[-99.8122,24.6493],[-99.8113,24.6741],[-99.839,24.7431],[-99.8712,24.7755],[-99.8751,24.7967],[-99.8737,24.8104],[-99.8805,24.8179],[-99.8912,24.8233],[-99.8621,24.8397],[-99.8542,24.8457],[-99.8539,24.8501],[-99.8817,24.8682],[-99.8801,24.8874],[-99.8843,24.898],[-99.9408,24.8586],[-99.9589,24.8792],[-99.9563,24.8865],[-99.9619,24.8945],[-99.957,24.8969],[-99.9495,24.8933],[-99.9381,24.8977],[-99.9366,24.9009],[-99.9419,24.9075],[-99.9394,24.9147],[-99.9154,24.9127],[-99.9209,24.9187],[-99.9139,24.9226],[-99.9156,24.9286],[-99.9093,24.9271],[-99.9014,24.9332],[-99.8931,24.9305],[-99.8885,24.9366],[-99.8822,24.93],[-99.869,24.9332],[-99.8609,24.9468],[-99.8358,24.9579],[-99.8297,24.9682],[-99.8319,24.9745],[-99.8286,24.9783],[-99.8176,24.9825],[-99.8115,24.9925],[-99.7961,24.9985],[-99.7927,24.9938],[-99.7837,24.9934],[-99.7811,24.9975],[-99.7701,24.9919],[-99.7675,24.9952],[-99.7555,24.9897],[-99.7458,24.9905],[-99.7239,24.9781],[-99.7154,24.9833],[-99.7144,24.974],[-99.7057,24.9695],[-99.7003,24.9762],[-99.6967,24.9763],[-99.6996,24.9666],[-99.6944,24.9638],[-99.6893,24.9665],[-99.6888,24.9571],[-99.6773,24.9477],[-99.6731,24.9494],[-99.6718,24.9543],[-99.6641,24.9564],[-99.6566,24.9516],[-99.6521,24.9528],[-99.6509,24.958],[-99.6565,24.9631],[-99.6594,24.973],[-99.6558,24.9785],[-99.651,24.9784],[-99.6428,24.9675],[-99.6295,24.9699],[-99.6164,24.964],[-99.6158,24.9749],[-99.602,24.9724],[-99.5945,24.9908],[-99.574,24.9933],[-99.5666,25.0006],[-99.5489,25.0009],[-99.5403,24.9894],[-99.5294,24.9887],[-99.5284,24.9959],[-99.5229,24.9924],[-99.5256,25.0077],[-99.512,25.008],[-99.5149,24.9867],[-99.5008,24.9979],[-99.4852,25.0039],[-99.479,24.997],[-99.4663,24.9967],[-99.4542,24.9884],[-99.4502,24.9813],[-99.4452,24.9801],[-99.4405,24.9845],[-99.4306,24.9815],[-99.4317,24.9685],[-99.4204,24.9681],[-99.4206,24.9785],[-99.4259,24.9784],[-99.4257,24.9847],[-99.4335,24.9878],[-99.429,24.9959],[-99.4239,24.9955],[-99.4219,24.9897],[-99.4157,24.9873],[-99.4094,25.0218],[-99.3982,25.0155],[-99.3736,25.0102],[-99.3693,25.0376],[-99.4111,25.046],[-99.4064,25.0819],[-99.3988,25.08],[-99.3944,25.1038],[-99.4148,25.1075],[-99.4098,25.1339],[-99.393,25.1334],[-99.3958,25.1193],[-99.3832,25.118],[-99.3804,25.1319],[-99.3681,25.1305],[-99.364,25.1521],[-99.3496,25.1502]],[[-99.734,24.9229],[-99.738,24.8958],[-99.74,24.8968],[-99.737,24.8856],[-99.7417,24.8846],[-99.738,24.8772],[-99.7408,24.8768],[-99.7404,24.8637],[-99.7434,24.8641],[-99.7414,24.8375],[-99.6682,24.8379],[-99.6675,24.8352],[-99.6651,24.8382],[-99.6543,24.8366],[-99.6501,24.8406],[-99.6356,24.8349],[-99.6261,24.8377],[-99.6258,24.8433],[-99.6162,24.8431],[-99.6154,24.8625],[-99.6102,24.8625],[-99.6101,24.8672],[-99.6189,24.8697],[-99.6177,24.8871],[-99.6137,24.8866],[-99.6138,24.9052],[-99.6184,24.9085],[-99.6162,24.9292],[-99.7325,24.9331],[-99.734,24.9229]]]}},{"type":"Feature","properties":{"cve_mun":"19036","nombre_municipio":"Mier y Noriega","cve_ent":"19","nombre_entidad":"Nuevo León"},"geometry":{"type":"Polygon","coordinates":[[[-100.1612,23.5728],[-100.1199,23.5665],[-100.1133,23.5601],[-100.1035,23.559],[-100.1068,23.5516],[-100.037,23.5272],[-100.0198,23.5597],[-99.992,23.5386],[-99.9789,23.5368],[-99.9835,23.5124],[-99.9477,23.4972],[-99.9213,23.3792],[-99.9825,23.3924],[-100.0803,23.3957],[-100.1207,23.3578],[-100.145,23.3395],[-100.078,23.306],[-100.1019,23.2311],[-100.2282,23.2505],[-100.2064,23.3071],[-100.2182,23.3101],[-100.2202,23.2979],[-100.2784,23.3104],[-100.3063,23.2609],[-100.3258,23.2631],[-100.3317,23.2591],[-100.3414,23.2915],[-100.3369,23.3597],[-100.3233,23.378],[-100.3574,23.3879],[-100.359,23.3925],[-100.3554,23.4019],[-100.3523,23.4009],[-100.3428,23.4115],[-100.3341,23.4133],[-100.3383,23.4209],[-100.3249,23.435],[-100.3214,23.4939],[-100.2995,23.4892],[-100.2962,23.5339],[-100.2879,23.5586],[-100.2513,23.5564],[-100.2511,23.543],[-100.2458,23.54],[-100.2468,23.5375],[-100.2444,23.5362],[-100.2438,23.5388],[-100.2343,23.5333],[-100.2325,23.5469],[-100.1896,23.5542],[-100.1435,23.542],[-100.1612,23.5728]]]}},{"type":"Feature","properties":{"cve_mun":"19032","nombre_municipio":"Lampazos de Naranjo","cve_ent":"19","nombre_entidad":"Nuevo León"},"geometry":{"type":"Polygon","coordinates":[[[-100.4214,27.392],[-100.4091,27.3878],[-100.4008,27.3732],[-100.3858,27.3711],[-100.3882,27.3614],[-100.3983,27.3565],[-100.3997,27.3401],[-100.3848,27.3343],[-100.3792,27.3212],[-100.3598,27.3072],[-100.3564,27.3001],[-100.35,27.3004],[-100.3468,27.2928],[-100.3223,27.2928],[-100.3187,27.2765],[-100.3033,27.2738],[-100.3036,27.2637],[-100.2831,27.2454],[-100.2527,27.2455],[-100.2528,27.2184],[-100.182,27.2185],[-100.1819,27.1823],[-100.1719,27.1823],[-100.1719,27.1372],[-100.1215,27.1372],[-100.1213,27.1011],[-100.101,27.1011],[-100.101,27.065],[-100.1213,27.065],[-100.1213,27.0289],[-100.0908,27.0289],[-100.0908,27.0087],[-100.0715,27.0134],[-100.0692,27.0195],[-100.0599,27.0214],[-100.0462,27.0107],[-100.0234,27.0114],[-100.0158,27.015],[-100.0177,27.0175],[-100.012,27.0244],[-99.9972,27.0151],[-99.9938,27.0165],[-99.9877,27.0126],[-99.9769,27.0151],[-99.9748,27.0086],[-99.9685,27.011],[-99.9597,27.0079],[-100.0003,26.9856],[-100.0032,26.9739],[-100.0192,26.9562],[-100.0023,26.924],[-100.0061,26.921],[-100.0026,26.914],[-100.0209,26.9073],[-100.0463,26.9114],[-100.0494,26.9058],[-100.0237,26.8881],[-100.0309,26.8792],[-100.024,26.8683],[-100.0674,26.8398],[-100.0834,26.8498],[-100.0979,26.837],[-100.0939,26.83],[-100.0979,26.8187],[-100.0881,26.7992],[-100.149,26.7974],[-100.1456,26.8048],[-100.1376,26.8106],[-100.1702,26.872],[-100.2509,26.8823],[-100.2474,26.8984],[-100.2545,26.9002],[-100.2526,26.9085],[-100.2722,26.9129],[-100.2797,26.8856],[-100.3005,26.8471],[-100.327,26.8536],[-100.3048,26.8091],[-100.3052,26.7901],[-100.366,26.7884],[-100.3584,26.7438],[-100.351,26.7452],[-100.345,26.717],[-100.3509,26.708],[-100.336,26.6697],[-100.3658,26.675],[-100.3907,26.6733],[-100.4876,26.6322],[-100.4909,26.6715],[-100.608,26.7109],[-100.6013,26.7371],[-100.5901,26.7595],[-100.5382,26.8086],[-100.5414,26.8127],[-100.5417,26.8212],[-100.5447,26.8227],[-100.5466,26.8477],[-100.5514,26.8587],[-100.5407,26.881],[-100.5384,26.9061],[-100.5449,26.9253],[-100.5382,26.9397],[-100.5453,26.9784],[-100.5397,26.9863],[-100.5408,27.0138],[-100.5357,27.027],[-100.5388,27.0387],[-100.534,27.0456],[-100.6537,27.0757],[-100.656,27.0821],[-100.6625,27.0865],[-100.6742,27.0846],[-100.6768,27.1069],[-100.6827,27.1114],[-100.6975,27.1088],[-100.7081,27.0999],[-100.7116,27.0885],[-100.7197,27.0792],[-100.7261,27.0779],[-100.7377,27.0847],[-100.7486,27.0813],[-100.7462,27.0624],[-100.7358,27.0476],[-100.7477,27.0363],[-100.7485,27.0492],[-100.7659,27.0633],[-100.7842,27.0589],[-100.7994,27.0458],[-100.8093,27.0565],[-100.8096,27.0684],[-100.8306,27.0739],[-100.8341,27.1952],[-100.678,27.3348],[-100.4214,27.392]]]}},{"type":"Feature","properties":{"cve_mun":"19043","nombre_municipio":"Rayones","cve_ent":"19","nombre_entidad":"Nuevo León"},"geometry":{"type":"Polygon","coordinates":[[[-100.2387,25.2702],[-100.2263,25.2673],[-100.2101,25.2695],[-100.1711,25.2238],[-100.156,25.202],[-100.1568,25.1905],[-100.11,25.1279],[-100.0954,25.1149],[-100.0965,25.0966],[-100.0703,25.1144],[-100.0641,25.1108],[-100.0569,25.0989],[-100.0525,25.081],[-100.0433,25.0756],[-100.0412,25.0696],[-100.0304,25.0697],[-100.027,25.0576],[-100.0203,25.0567],[-100.0238,25.0694],[-100.0193,25.0711],[-100.0192,25.0749],[-100.0005,25.0794],[-99.9853,25.07],[-99.9916,25.0601],[-99.9875,25.0521],[-99.9895,25.0502],[-99.9841,25.05],[-99.9818,25.0456],[-99.9873,25.0441],[-99.9466,24.9198],[-99.937,24.9152],[-99.9419,24.9075],[-99.9366,24.9009],[-99.9381,24.8977],[-99.9495,24.8933],[-99.957,24.8969],[-99.963,24.8916],[-99.9687,24.8916],[-99.9683,24.8804],[-99.9899,24.9041],[-100.0658,24.8899],[-100.0819,24.911],[-100.1296,24.9442],[-100.1597,25.0136],[-100.1655,25.0098],[-100.1756,25.0143],[-100.1844,25.0207],[-100.1882,25.0292],[-100.2003,25.0205],[-100.2138,25.0454],[-100.2264,25.0531],[-100.2265,25.0616],[-100.2389,25.0653],[-100.2459,25.0772],[-100.2447,25.0815],[-100.2552,25.0962],[-100.2578,25.0944],[-100.2631,25.0984],[-100.2634,25.1055],[-100.2721,25.1098],[-100.2535,25.1306],[-100.2978,25.1526],[-100.3229,25.1707],[-100.3261,25.1855],[-100.332,25.1863],[-100.3256,25.2223],[-100.3053,25.2134],[-100.2614,25.2071],[-100.2296,25.2179],[-100.2472,25.2302],[-100.2447,25.229],[-100.2344,25.2355],[-100.2625,25.254],[-100.2539,25.2656],[-100.2387,25.2702]]]}},{"type":"Feature","properties":{"cve_mun":"19047","nombre_municipio":"Hidalgo","cve_ent":"19","nombre_entidad":"Nuevo León"},"geometry":{"type":"Polygon","coordinates":[[[-100.5229,26.1151],[-100.4751,26.0872],[-100.4526,26.0776],[-100.4323,26.0653],[-100.4188,26.0523],[-100.4001,26.0433],[-100.3985,26.037],[-100.384,26.0252],[-100.3716,26.0062],[-100.3659,25.9871],[-100.3696,25.9821],[-100.3998,25.9891],[-100.421,25.9574],[-100.4287,25.954],[-100.4511,25.9312],[-100.4427,25.928],[-100.4294,25.9132],[-100.4262,25.8973],[-100.4314,25.8937],[-100.4428,25.8905],[-100.4542,25.8964],[-100.4902,25.8991],[-100.4977,25.9024],[-100.4956,25.9035],[-100.5031,25.9516],[-100.4851,25.9862],[-100.4799,25.9891],[-100.479,25.9947],[-100.4848,25.9967],[-100.475,26.0244],[-100.4662,26.0181],[-100.4581,26.0323],[-100.4741,26.0478],[-100.505,26.0687],[-100.5383,26.0999],[-100.539,26.1086],[-100.5229,26.1151]]]}},{"type":"Feature","properties":{"cve_mun":"19031","nombre_municipio":"Juárez","cve_ent":"19","nombre_entidad":"Nuevo León"},"geometry":{"type":"Polygon","coordinates":[[[-100.052,25.7032],[-100.0372,25.6999],[-100.0391,25.6953],[-99.9977,25.6918],[-99.9943,25.6891],[-99.9982,25.6832],[-99.9901,25.6823],[-100.0036,25.6668],[-99.9962,25.6665],[-100.009,25.6522],[-100.0559,25.6614],[-100.0656,25.6533],[-100.0402,25.6377],[-100.0424,25.6201],[-100.056,25.628],[-100.0628,25.6114],[-100.0745,25.6102],[-100.0804,25.6051],[-100.0858,25.6069],[-100.0866,25.6014],[-100.0942,25.5983],[-100.1044,25.5845],[-100.0905,25.5717],[-100.0985,25.5766],[-100.1018,25.5736],[-100.0979,25.5699],[-100.1018,25.5661],[-100.0969,25.5597],[-100.1068,25.5687],[-100.1107,25.5648],[-100.0773,25.5339],[-100.0739,25.5403],[-100.049,25.5173],[-100.0553,25.5211],[-100.0606,25.5152],[-100.0719,25.5256],[-100.0759,25.5234],[-100.0734,25.5211],[-100.088,25.5121],[-100.0951,25.5155],[-100.1016,25.5139],[-100.1071,25.5166],[-100.1114,25.5243],[-100.1234,25.522],[-100.1226,25.5271],[-100.1277,25.5307],[-100.1252,25.532],[-100.127,25.535],[-100.1342,25.5366],[-100.1625,25.525],[-100.1627,25.5288],[-100.1693,25.5311],[-100.1736,25.538],[-100.1793,25.5303],[-100.2,25.5517],[-100.2164,25.5812],[-100.2346,25.6031],[-100.2432,25.617],[-100.2421,25.6248],[-100.2092,25.6231],[-100.2087,25.6208],[-100.1873,25.6364],[-100.1254,25.672],[-100.1164,25.7032],[-100.053,25.6975],[-100.052,25.7032]]]}},{"type":"Feature","properties":{"cve_mun":"19027","nombre_municipio":"Los Herreras","cve_ent":"19","nombre_entidad":"Nuevo León"},"geometry":{"type":"Polygon","coordinates":[[[-99.3897,26.0945],[-99.3803,26.0939],[-99.3652,26.0611],[-99.3657,26.0542],[-99.3617,26.0538],[-99.3343,25.9935],[-99.3359,25.9388],[-99.3348,25.9318],[-99.332,25.9307],[-99.3323,25.9144],[-99.3131,25.9255],[-99.308,25.9213],[-99.305,25.9072],[-99.2982,25.8994],[-99.2878,25.8999],[-99.2816,25.9048],[-99.2814,25.842],[-99.2756,25.8381],[-99.3601,25.7828],[-99.4163,25.8478],[-99.4177,25.8429],[-99.4285,25.8429],[-99.4267,25.8362],[-99.43,25.8338],[-99.439,25.84],[-99.4434,25.8377],[-99.4534,25.8423],[-99.4775,25.8209],[-99.4817,25.8223],[-99.4883,25.8162],[-99.5031,25.8469],[-99.5605,25.8312],[-99.5607,25.8379],[-99.551,25.841],[-99.5537,25.8492],[-99.5401,25.8546],[-99.5386,25.8589],[-99.538,25.9128],[-99.5203,25.9236],[-99.561,25.9941],[-99.5443,25.9944],[-99.5421,26.0034],[-99.5323,26.0024],[-99.5296,25.9982],[-99.5241,25.9972],[-99.5092,25.9984],[-99.4959,25.9942],[-99.4434,25.9927],[-99.4042,26.0054],[-99.396,26.0949],[-99.3897,26.0945]]]}},{"type":"Feature","properties":{"cve_mun":"19049","nombre_municipio":"Santiago","cve_ent":"19","nombre_entidad":"Nuevo León"},"geometry":{"type":"Polygon","coordinates":[[[-100.1866,25.5211],[-100.1789,25.5182],[-100.1754,25.5129],[-100.1674,25.5169],[-100.1314,25.4702],[-100.0969,25.5032],[-100.0712,25.4688],[-100.0696,25.4706],[-100.0374,25.448],[-100.0313,25.4509],[-100.0434,25.4409],[-100.0599,25.4177],[-100.0512,25.4093],[-100.0763,25.394],[-100.0746,25.3854],[-100.0607,25.3735],[-100.0582,25.3615],[-100.0763,25.3361],[-100.1398,25.3001],[-100.1332,25.2949],[-100.1242,25.28],[-100.1125,25.2702],[-100.1136,25.2668],[-100.1074,25.2623],[-100.0993,25.2619],[-100.1016,25.2558],[-100.0956,25.2561],[-100.0968,25.2529],[-100.0929,25.254],[-100.0855,25.2465],[-100.0872,25.2383],[-100.1329,25.2598],[-100.1711,25.2238],[-100.2101,25.2695],[-100.2214,25.2672],[-100.2438,25.2697],[-100.2541,25.3069],[-100.264,25.3053],[-100.2816,25.3197],[-100.3234,25.34],[-100.391,25.3281],[-100.4144,25.3299],[-100.4146,25.327],[-100.4701,25.3378],[-100.4516,25.4105],[-100.4693,25.4217],[-100.4923,25.4304],[-100.5227,25.4343],[-100.5175,25.449],[-100.5254,25.4498],[-100.5309,25.4635],[-100.4771,25.4514],[-100.4721,25.4538],[-100.4577,25.4379],[-100.4437,25.435],[-100.4255,25.4358],[-100.4195,25.4422],[-100.4232,25.4445],[-100.4175,25.4519],[-100.4142,25.4514],[-100.4036,25.469],[-100.3867,25.4558],[-100.3448,25.435],[-100.3263,25.4303],[-100.2961,25.4135],[-100.2753,25.4244],[-100.2759,25.4199],[-100.2719,25.4193],[-100.2387,25.4295],[-100.2499,25.4453],[-100.2576,25.4821],[-100.2294,25.4986],[-100.2332,25.5054],[-100.23,25.5076],[-100.2228,25.5004],[-100.2061,25.5161],[-100.1971,25.5147],[-100.1918,25.5204],[-100.1866,25.5211]]]}},{"type":"Feature","properties":{"cve_mun":"19025","nombre_municipio":"General Zuazua","cve_ent":"19","nombre_entidad":"Nuevo León"},"geometry":{"type":"Polygon","coordinates":[[[-100.0706,26.0004],[-100.0627,25.9779],[-100.052,25.9644],[-100.0747,25.9492],[-100.0815,25.9566],[-100.0839,25.952],[-100.0609,25.9125],[-100.0688,25.8808],[-100.084,25.8704],[-100.082,25.8659],[-100.0858,25.8682],[-100.0927,25.8599],[-100.093,25.8533],[-100.0949,25.8514],[-100.097,25.8539],[-100.1018,25.848],[-100.0976,25.8474],[-100.098,25.8345],[-100.108,25.8318],[-100.1147,25.8365],[-100.1174,25.8451],[-100.1275,25.8476],[-100.1347,25.8458],[-100.1459,25.854],[-100.17,25.8624],[-100.1724,25.8604],[-100.1746,25.8626],[-100.2353,25.8632],[-100.2429,25.8524],[-100.2544,25.8804],[-100.2393,25.9033],[-100.2412,25.907],[-100.2363,25.9146],[-100.2231,25.9079],[-100.2179,25.9141],[-100.2105,25.8987],[-100.1976,25.9172],[-100.1904,25.915],[-100.1857,25.9207],[-100.1799,25.9211],[-100.1767,25.9146],[-100.1827,25.9127],[-100.1741,25.91],[-100.1579,25.9235],[-100.1673,25.9321],[-100.1633,25.9396],[-100.1494,25.9448],[-100.1393,25.9619],[-100.1203,25.9684],[-100.1262,25.9745],[-100.1223,25.9819],[-100.1263,25.9825],[-100.1259,25.9848],[-100.1113,25.9903],[-100.0775,26.0195],[-100.0706,26.0004]]]}},{"type":"Feature","properties":{"cve_mun":"19017","nombre_municipio":"Galeana","cve_ent":"19","nombre_entidad":"Nuevo León"},"geometry":{"type":"Polygon","coordinates":[[[-100.5892,25.2537],[-100.5478,25.2436],[-100.4725,25.2312],[-100.3261,25.1855],[-100.3229,25.1707],[-100.2978,25.1526],[-100.2535,25.1306],[-100.2721,25.1098],[-100.2634,25.1055],[-100.2631,25.0984],[-100.2578,25.0944],[-100.2552,25.0962],[-100.2447,25.0815],[-100.2459,25.0772],[-100.2389,25.0653],[-100.2265,25.0616],[-100.2264,25.0531],[-100.2138,25.0454],[-100.2003,25.0205],[-100.1882,25.0292],[-100.1844,25.0207],[-100.1756,25.0143],[-100.1655,25.0098],[-100.1597,25.0136],[-100.1296,24.9442],[-100.0819,24.911],[-100.0658,24.8899],[-99.9899,24.9041],[-99.9633,24.8756],[-99.9645,24.8718],[-99.9565,24.8694],[-99.9588,24.8675],[-99.9541,24.8652],[-99.955,24.8605],[-99.9497,24.8592],[-99.9501,24.8542],[-99.9444,24.8534],[-99.9468,24.8488],[-99.944,24.8429],[-99.94,24.8426],[-99.9398,24.8376],[-99.9281,24.8261],[-99.9445,24.8327],[-99.9589,24.819],[-99.9836,24.8254],[-99.9818,24.8131],[-99.969,24.7987],[-99.9628,24.7796],[-99.9481,24.7638],[-99.9584,24.7629],[-99.977,24.744],[-99.983,24.7449],[-99.9964,24.7306],[-99.9824,24.7189],[-99.9812,24.7137],[-99.9721,24.7094],[-99.9722,24.7057],[-99.9662,24.7],[-99.9564,24.6953],[-99.9481,24.6839],[-99.8992,24.6507],[-99.8667,24.6186],[-99.8415,24.5648],[-99.8547,24.5535],[-99.8754,24.527],[-99.879,24.5092],[-99.8548,24.501],[-99.8942,24.4702],[-99.8887,24.4541],[-99.9087,24.448],[-99.9179,24.4515],[-99.9114,24.4599],[-99.9389,24.4648],[-99.9574,24.4629],[-99.9743,24.4745],[-99.9993,24.4643],[-99.9981,24.4545],[-100.0098,24.4547],[-100.0235,24.4595],[-100.0613,24.4557],[-100.0601,24.4517],[-100.0766,24.4421],[-100.0911,24.4525],[-100.067,24.3538],[-100.0735,24.3098],[-100.1061,24.2993],[-100.1152,24.3103],[-100.1535,24.2988],[-100.1671,24.284],[-100.1738,24.2828],[-100.1695,24.2633],[-100.187,24.2637],[-100.1868,24.285],[-100.1814,24.2834],[-100.1865,24.302],[-100.2008,24.2897],[-100.2572,24.318],[-100.2735,24.2546],[-100.3152,24.3158],[-100.3482,24.3116],[-100.3647,24.3325],[-100.4052,24.3718],[-100.4327,24.4397],[-100.4469,24.4388],[-100.444,24.4217],[-100.4961,24.41],[-100.5042,24.4564],[-100.5219,24.4469],[-100.5517,24.4388],[-100.6035,24.4013],[-100.7112,24.4915],[-100.7423,24.4604],[-100.7999,24.5562],[-100.8055,24.5963],[-100.797,24.7508],[-100.8274,24.8242],[-100.8261,24.835],[-100.7275,24.9187],[-100.7915,24.9741],[-100.7921,24.9791],[-100.8215,24.9967],[-100.8031,25.1653],[-100.7089,25.2365],[-100.6228,25.2509],[-100.5892,25.2537]]]}},{"type":"Feature","properties":{"cve_mun":"19051","nombre_municipio":"Villaldama","cve_ent":"19","nombre_entidad":"Nuevo León"},"geometry":{"type":"Polygon","coordinates":[[[-100.3196,26.6643],[-100.3234,26.665],[-100.3263,26.65],[-100.3318,26.6498],[-100.3306,26.6307],[-100.3051,26.6226],[-100.2909,26.6231],[-100.2792,26.6041],[-100.2648,26.5646],[-100.2582,26.5208],[-100.2496,26.504],[-100.2412,26.5004],[-100.2287,26.5014],[-100.2234,26.4955],[-100.2243,26.4824],[-100.2428,26.4573],[-100.2271,26.4451],[-100.2271,26.4406],[-100.2344,26.4383],[-100.2368,26.4314],[-100.224,26.427],[-100.2185,26.4205],[-100.2164,26.4046],[-100.1978,26.3928],[-100.2001,26.3909],[-100.1978,26.3747],[-100.2001,26.3665],[-100.1954,26.3618],[-100.195,26.3451],[-100.1921,26.3438],[-100.1921,26.3352],[-100.1839,26.3195],[-100.1895,26.2962],[-100.1844,26.2895],[-100.1903,26.2855],[-100.2011,26.285],[-100.2076,26.2784],[-100.2175,26.2748],[-100.2253,26.2661],[-100.226,26.26],[-100.2302,26.2583],[-100.2328,26.2624],[-100.2407,26.2628],[-100.2388,26.2655],[-100.248,26.2719],[-100.2899,26.2721],[-100.2991,26.2937],[-100.298,26.2967],[-100.3088,26.304],[-100.3109,26.3142],[-100.32,26.3189],[-100.329,26.3167],[-100.3321,26.3227],[-100.3396,26.3253],[-100.3433,26.3377],[-100.3485,26.3406],[-100.3467,26.347],[-100.3566,26.3644],[-100.3883,26.3607],[-100.3932,26.3952],[-100.4059,26.3901],[-100.4339,26.3937],[-100.443,26.3898],[-100.4496,26.3848],[-100.454,26.3688],[-100.4811,26.3461],[-100.4896,26.3546],[-100.4883,26.3591],[-100.5037,26.3688],[-100.4959,26.3815],[-100.4998,26.3868],[-100.507,26.3889],[-100.5025,26.3933],[-100.5069,26.3977],[-100.5086,26.4086],[-100.515,26.4133],[-100.5112,26.4291],[-100.5212,26.4432],[-100.5015,26.486],[-100.4603,26.5052],[-100.4532,26.5127],[-100.4502,26.5078],[-100.4385,26.5143],[-100.457,26.5254],[-100.4821,26.573],[-100.4817,26.5844],[-100.4762,26.5708],[-100.4411,26.5848],[-100.4671,26.641],[-100.3907,26.6733],[-100.3658,26.675],[-100.336,26.6697],[-100.3446,26.6934],[-100.3297,26.694],[-100.3196,26.6643]]]}},{"type":"Feature","properties":{"cve_mun":"19046","nombre_municipio":"San Nicolás de los Garza","cve_ent":"19","nombre_entidad":"Nuevo León"},"geometry":{"type":"Polygon","coordinates":[[[-100.267,25.7704],[-100.2671,25.7643],[-100.2449,25.7556],[-100.238,25.746],[-100.2067,25.7328],[-100.2038,25.7182],[-100.2189,25.7117],[-100.2323,25.7131],[-100.2325,25.7108],[-100.2638,25.7012],[-100.2682,25.7033],[-100.2686,25.7082],[-100.2838,25.7081],[-100.3171,25.7227],[-100.3171,25.7349],[-100.3239,25.7377],[-100.3221,25.7501],[-100.3368,25.7627],[-100.267,25.7704]]]}},{"type":"Feature","properties":{"cve_mun":"19026","nombre_municipio":"Guadalupe","cve_ent":"19","nombre_entidad":"Nuevo León"},"geometry":{"type":"Polygon","coordinates":[[[-100.2048,25.7316],[-100.1784,25.7294],[-100.1846,25.7124],[-100.1765,25.7116],[-100.1737,25.7074],[-100.1583,25.7058],[-100.1545,25.7083],[-100.155,25.7043],[-100.1413,25.7019],[-100.1389,25.7049],[-100.1387,25.7015],[-100.1315,25.7006],[-100.1311,25.6973],[-100.1231,25.6941],[-100.1205,25.6967],[-100.1226,25.6979],[-100.1172,25.6966],[-100.1246,25.6725],[-100.1873,25.6364],[-100.2087,25.6208],[-100.2092,25.6231],[-100.2433,25.6261],[-100.2695,25.6215],[-100.2728,25.6257],[-100.2693,25.6404],[-100.2743,25.6466],[-100.2682,25.65],[-100.2736,25.6557],[-100.269,25.6603],[-100.2742,25.6735],[-100.2717,25.6764],[-100.2759,25.6763],[-100.2709,25.6814],[-100.2613,25.6827],[-100.2618,25.7013],[-100.2542,25.7062],[-100.2325,25.7108],[-100.2323,25.7131],[-100.2189,25.7117],[-100.2038,25.7182],[-100.2069,25.7318],[-100.2048,25.7316]]]}},{"type":"Feature","properties":{"cve_mun":"19044","nombre_municipio":"Sabinas Hidalgo","cve_ent":"19","nombre_entidad":"Nuevo León"},"geometry":{"type":"Polygon","coordinates":[[[-100.2526,26.9085],[-100.2545,26.9002],[-100.2474,26.8984],[-100.2509,26.8823],[-100.1702,26.872],[-100.1376,26.8106],[-100.1456,26.8048],[-100.149,26.7974],[-100.0881,26.7992],[-100.0777,26.7852],[-100.0781,26.7783],[-100.0875,26.7667],[-100.0836,26.761],[-100.0796,26.7612],[-100.0753,26.7514],[-100.0617,26.7461],[-100.0589,26.7421],[-100.0583,26.7257],[-100.0553,26.722],[-100.0566,26.7026],[-100.0534,26.6972],[-100.0459,26.6942],[-100.0429,26.6842],[-100.0443,26.6751],[-100.0373,26.6736],[-100.1014,26.6357],[-100.086,26.6283],[-100.0592,26.5996],[-100.0732,26.5894],[-100.0716,26.5876],[-100.0377,26.5881],[-100.0465,26.5573],[-100.0204,26.5547],[-100.0235,26.5408],[-100.0153,26.5422],[-100.0254,26.4981],[-100.039,26.4935],[-100.0372,26.4863],[-100.0299,26.483],[-100.0302,26.4779],[-100.0356,26.4782],[-100.0371,26.4812],[-100.0364,26.4748],[-100.0304,26.4746],[-100.0308,26.4698],[-100.0095,26.4672],[-100.0095,26.473],[-100.0056,26.4729],[-100.009,26.4555],[-100.0201,26.4569],[-100.0204,26.4539],[-99.9986,26.4551],[-99.9988,26.4498],[-99.9961,26.4539],[-99.9926,26.4493],[-99.9856,26.4473],[-99.9736,26.4493],[-99.9808,26.4468],[-99.9827,26.4428],[-99.9785,26.4412],[-99.989,26.4182],[-99.9877,26.4117],[-99.9738,26.3944],[-99.9284,26.3873],[-99.9284,26.3716],[-99.9229,26.3711],[-99.9247,26.3596],[-99.928,26.3606],[-99.9277,26.3557],[-99.9213,26.3538],[-99.9255,26.3287],[-99.9282,26.329],[-99.9397,26.3074],[-99.935,26.3068],[-99.9556,26.2388],[-100.0227,26.2523],[-100.0182,26.2562],[-100.0353,26.2705],[-100.0304,26.2763],[-100.034,26.2788],[-100.0454,26.2761],[-100.0537,26.2929],[-100.0511,26.2951],[-100.0576,26.3016],[-100.0544,26.3063],[-100.0644,26.3063],[-100.1029,26.3197],[-100.1877,26.3279],[-100.1921,26.3352],[-100.1921,26.3438],[-100.195,26.3451],[-100.1954,26.3618],[-100.2001,26.3665],[-100.1978,26.3747],[-100.2001,26.3909],[-100.1978,26.3928],[-100.2164,26.4046],[-100.2185,26.4205],[-100.224,26.427],[-100.2368,26.4314],[-100.2344,26.4383],[-100.2271,26.4406],[-100.2271,26.4451],[-100.2428,26.4573],[-100.2243,26.4824],[-100.2234,26.4955],[-100.2287,26.5014],[-100.2412,26.5004],[-100.2496,26.504],[-100.2582,26.5208],[-100.2648,26.5646],[-100.2792,26.6041],[-100.2909,26.6231],[-100.3051,26.6226],[-100.3306,26.6307],[-100.3318,26.6498],[-100.3263,26.65],[-100.3234,26.665],[-100.3196,26.6643],[-100.3297,26.694],[-100.3446,26.6934],[-100.3509,26.708],[-100.345,26.717],[-100.351,26.7452],[-100.3584,26.7438],[-100.366,26.7884],[-100.3052,26.7901],[-100.3048,26.8091],[-100.327,26.8536],[-100.3005,26.8471],[-100.2797,26.8856],[-100.2722,26.9129],[-100.2526,26.9085]]]}},{"type":"Feature","properties":{"cve_mun":"19042","nombre_municipio":"Los Ramones","cve_ent":"19","nombre_entidad":"Nuevo León"},"geometry":{"type":"Polygon","coordinates":[[[-99.677,25.9292],[-99.6676,25.9165],[-99.6623,25.9002],[-99.6274,25.8637],[-99.5387,25.9016],[-99.5396,25.8559],[-99.5537,25.8492],[-99.551,25.841],[-99.5607,25.8379],[-99.5605,25.8312],[-99.5031,25.8469],[-99.4883,25.8162],[-99.4817,25.8223],[-99.4786,25.8203],[-99.4715,25.8255],[-99.4586,25.8388],[-99.4018,25.7716],[-99.4056,25.7661],[-99.4026,25.7617],[-99.4261,25.7537],[-99.4415,25.743],[-99.419,25.7148],[-99.4455,25.6982],[-99.4436,25.6926],[-99.4471,25.6972],[-99.4612,25.6882],[-99.4139,25.6232],[-99.4176,25.6004],[-99.4212,25.6004],[-99.4322,25.5366],[-99.4321,25.5329],[-99.4263,25.5301],[-99.4176,25.5312],[-99.4108,25.5145],[-99.411,25.5026],[-99.4117,25.4997],[-99.4246,25.5008],[-99.4242,25.4768],[-99.4398,25.4785],[-99.4599,25.4878],[-99.466,25.4851],[-99.4581,25.4609],[-99.467,25.457],[-99.4737,25.4612],[-99.4854,25.4608],[-99.4967,25.4688],[-99.5155,25.4612],[-99.5146,25.4538],[-99.5226,25.4471],[-99.5308,25.4546],[-99.5321,25.4648],[-99.538,25.4674],[-99.5362,25.4704],[-99.5424,25.4769],[-99.5413,25.4849],[-99.5497,25.4881],[-99.5656,25.4879],[-99.5714,25.4927],[-99.5888,25.4875],[-99.5933,25.4908],[-99.5948,25.5001],[-99.632,25.4977],[-99.6297,25.4712],[-99.6419,25.4703],[-99.6402,25.4538],[-99.6478,25.455],[-99.6497,25.4768],[-99.6711,25.4751],[-99.6643,25.3962],[-99.6747,25.3985],[-99.6744,25.3951],[-99.6803,25.3949],[-99.6828,25.4241],[-99.6903,25.4193],[-99.6905,25.4221],[-99.7028,25.4234],[-99.6988,25.3789],[-99.7852,25.43],[-99.77,25.4326],[-99.7663,25.4459],[-99.7596,25.4534],[-99.7613,25.4571],[-99.7544,25.4572],[-99.7458,25.4661],[-99.7481,25.4698],[-99.7412,25.4735],[-99.736,25.4689],[-99.732,25.4714],[-99.7288,25.4817],[-99.7223,25.4851],[-99.7182,25.4994],[-99.7119,25.5007],[-99.7044,25.4937],[-99.6972,25.4937],[-99.6871,25.5041],[-99.6862,25.5134],[-99.6938,25.5177],[-99.698,25.5299],[-99.7109,25.5444],[-99.7349,25.5503],[-99.7364,25.5463],[-99.7405,25.5658],[-99.739,25.6247],[-99.7508,25.6293],[-99.7489,25.6436],[-99.7511,25.6515],[-99.7647,25.6535],[-99.7667,25.6664],[-99.7821,25.6714],[-99.7786,25.6812],[-99.7658,25.6955],[-99.758,25.7358],[-99.7176,25.7258],[-99.6621,25.781],[-99.6803,25.7912],[-99.6837,25.7974],[-99.6815,25.8207],[-99.6836,25.8255],[-99.6776,25.8266],[-99.6788,25.8362],[-99.6746,25.8362],[-99.6734,25.8403],[-99.6665,25.8435],[-99.6667,25.8472],[-99.6946,25.8702],[-99.7081,25.888],[-99.7047,25.8932],[-99.6999,25.8914],[-99.7068,25.903],[-99.677,25.9292]]]}},{"type":"Feature","properties":{"cve_mun":"19041","nombre_municipio":"Pesquería","cve_ent":"19","nombre_entidad":"Nuevo León"},"geometry":{"type":"Polygon","coordinates":[[[-100.1075,25.8329],[-100.0659,25.8161],[-100.0595,25.8186],[-100.0591,25.8156],[-100.0313,25.824],[-100.0313,25.8168],[-100.0184,25.8035],[-100.003,25.799],[-99.9933,25.7997],[-99.9929,25.791],[-99.9889,25.7848],[-99.9901,25.7748],[-99.9794,25.765],[-99.9644,25.7656],[-99.9329,25.7522],[-99.9083,25.7543],[-99.8429,25.7377],[-99.8277,25.7392],[-99.7985,25.725],[-99.7912,25.7114],[-99.7792,25.711],[-99.7666,25.6952],[-99.7737,25.6837],[-99.7786,25.6812],[-99.7821,25.6714],[-99.7873,25.6732],[-99.7999,25.6576],[-99.8028,25.658],[-99.7968,25.669],[-99.7989,25.6729],[-99.8102,25.6716],[-99.8205,25.6591],[-99.8311,25.6592],[-99.8312,25.6684],[-99.8467,25.6734],[-99.8494,25.6849],[-99.8716,25.6844],[-99.8832,25.6909],[-99.8996,25.6919],[-99.9005,25.6878],[-99.9072,25.6863],[-99.928,25.6946],[-99.9454,25.6935],[-99.9496,25.6906],[-99.9607,25.6909],[-99.9663,25.6823],[-99.9775,25.6785],[-99.9874,25.6833],[-99.9982,25.6832],[-99.9943,25.6891],[-99.9977,25.6918],[-100.0391,25.6953],[-100.0365,25.6992],[-100.0424,25.7021],[-100.0525,25.7033],[-100.053,25.6975],[-100.0724,25.701],[-100.1068,25.7014],[-100.1097,25.7082],[-100.1156,25.7091],[-100.115,25.7157],[-100.1249,25.7162],[-100.1243,25.7346],[-100.1486,25.7311],[-100.1356,25.7381],[-100.1352,25.7433],[-100.1049,25.7678],[-100.1012,25.7851],[-100.1021,25.7909],[-100.1057,25.7924],[-100.1012,25.8004],[-100.1207,25.8135],[-100.1281,25.8146],[-100.1319,25.8211],[-100.1302,25.8303],[-100.1147,25.8365],[-100.1075,25.8329]]]}},{"type":"Feature","properties":{"cve_mun":"19005","nombre_municipio":"Anáhuac","cve_ent":"19","nombre_entidad":"Nuevo León"},"geometry":{"type":"Polygon","coordinates":[[[-100.188,27.7987],[-99.9988,27.6153],[-99.9327,27.6744],[-99.8432,27.7699],[-99.8362,27.7632],[-99.8266,27.7642],[-99.8225,27.7665],[-99.8185,27.7763],[-99.8094,27.7683],[-99.8018,27.7424],[-99.7965,27.7359],[-99.7875,27.7305],[-99.775,27.7336],[-99.7694,27.7309],[-99.7608,27.7215],[-99.7567,27.7114],[-99.7281,27.6791],[-99.9264,27.5492],[-99.9192,27.4915],[-99.7604,27.437],[-99.7477,27.2772],[-99.6789,27.1024],[-99.6589,27.0882],[-99.6501,27.0659],[-99.7342,26.9206],[-99.7701,26.9284],[-99.7667,26.8898],[-99.775,26.8889],[-99.7812,26.8937],[-99.7927,26.8887],[-99.7934,26.8806],[-99.8066,26.8797],[-99.8058,26.8832],[-99.7976,26.8862],[-99.7993,26.8898],[-99.8052,26.8893],[-99.8139,26.88],[-99.8129,26.8766],[-99.8024,26.8739],[-99.8037,26.8717],[-99.8211,26.8753],[-99.8288,26.8889],[-99.8323,26.8877],[-99.833,26.8836],[-99.8347,26.8868],[-99.8386,26.8862],[-99.8478,26.8789],[-99.8498,26.8827],[-99.8445,26.8865],[-99.8492,26.8883],[-99.8588,26.8798],[-99.8655,26.878],[-99.8688,26.8827],[-99.9292,26.8583],[-99.9361,26.8738],[-99.9687,26.8464],[-100.0061,26.921],[-100.0023,26.924],[-100.0192,26.9562],[-100.0032,26.9739],[-100.0003,26.9856],[-99.9598,27.0088],[-99.969,27.011],[-99.9747,27.0086],[-99.9769,27.0151],[-99.9877,27.0126],[-99.9938,27.0165],[-99.9972,27.0151],[-100.012,27.0244],[-100.0177,27.0175],[-100.0158,27.015],[-100.0234,27.0114],[-100.0462,27.0107],[-100.0599,27.0214],[-100.0692,27.0195],[-100.0715,27.0134],[-100.0908,27.0087],[-100.0908,27.0289],[-100.1213,27.0289],[-100.1213,27.065],[-100.101,27.065],[-100.101,27.1011],[-100.1213,27.1011],[-100.1215,27.1372],[-100.1719,27.1372],[-100.1719,27.1823],[-100.1819,27.1823],[-100.182,27.2185],[-100.2528,27.2184],[-100.2527,27.2455],[-100.2831,27.2454],[-100.3036,27.2637],[-100.3033,27.2738],[-100.3187,27.2765],[-100.3223,27.2928],[-100.3468,27.2928],[-100.35,27.3004],[-100.3564,27.3001],[-100.3598,27.3072],[-100.3792,27.3212],[-100.3848,27.3343],[-100.3997,27.3401],[-100.3983,27.3565],[-100.3882,27.3614],[-100.3858,27.3711],[-100.4008,27.3732],[-100.4091,27.3878],[-100.4171,27.3886],[-100.4219,27.3927],[-100.4177,27.3936],[-100.3506,27.6846],[-100.188,27.7987]]]}},{"type":"Feature","properties":{"cve_mun":"19040","nombre_municipio":"Parás","cve_ent":"19","nombre_entidad":"Nuevo León"},"geometry":{"type":"Polygon","coordinates":[[[-99.6619,26.9009],[-99.6473,26.8944],[-99.6443,26.8856],[-99.6369,26.8873],[-99.6347,26.8911],[-99.63,26.8903],[-99.631,26.8839],[-99.6288,26.8812],[-99.6252,26.883],[-99.6271,26.8705],[-99.6211,26.8684],[-99.6112,26.8735],[-99.591,26.8625],[-99.5934,26.8545],[-99.5844,26.8481],[-99.5835,26.832],[-99.5808,26.8298],[-99.5868,26.8248],[-99.5892,26.8146],[-99.5989,26.8146],[-99.5971,26.8096],[-99.6038,26.8079],[-99.6046,26.8001],[-99.6129,26.7916],[-99.6112,26.7825],[-99.6229,26.7692],[-99.6161,26.7544],[-99.6186,26.7265],[-99.6572,26.6951],[-99.6632,26.6829],[-99.6592,26.6704],[-99.5383,26.6646],[-99.3968,26.5966],[-99.4098,26.4428],[-99.4142,26.4448],[-99.4157,26.4382],[-99.4213,26.4377],[-99.4297,26.4433],[-99.4333,26.4418],[-99.4467,26.446],[-99.4596,26.4399],[-99.4658,26.4426],[-99.4624,26.4033],[-99.4744,26.3994],[-99.4755,26.3886],[-99.5779,26.4136],[-99.5768,26.4048],[-99.5799,26.4002],[-99.5892,26.4048],[-99.59,26.4097],[-99.6109,26.4087],[-99.6104,26.398],[-99.5989,26.3919],[-99.5988,26.3884],[-99.6065,26.3872],[-99.6062,26.3893],[-99.6188,26.3911],[-99.6204,26.3948],[-99.6534,26.3886],[-99.6432,26.3511],[-99.664,26.3511],[-99.664,26.3401],[-99.671,26.3401],[-99.671,26.3442],[-99.6744,26.3443],[-99.6744,26.3525],[-99.6886,26.3524],[-99.6887,26.3631],[-99.7217,26.3631],[-99.7215,26.369],[-99.7145,26.3689],[-99.7144,26.374],[-99.7256,26.3741],[-99.7309,26.3678],[-99.7357,26.3736],[-99.7287,26.3801],[-99.7359,26.3896],[-99.7354,26.3945],[-99.7216,26.4102],[-99.7279,26.4153],[-99.7248,26.4219],[-99.7286,26.4233],[-99.7306,26.4301],[-99.7278,26.4344],[-99.7227,26.4352],[-99.7199,26.4429],[-99.7244,26.471],[-99.721,26.4826],[-99.7242,26.4838],[-99.7192,26.542],[-99.7126,26.5416],[-99.7144,26.5716],[-99.6886,26.5796],[-99.6903,26.5999],[-99.683,26.6077],[-99.6958,26.6128],[-99.7079,26.5983],[-99.7342,26.6719],[-99.8015,26.6907],[-99.7783,26.7447],[-99.7496,26.7343],[-99.715,26.8001],[-99.7047,26.7934],[-99.6834,26.8246],[-99.714,26.8423],[-99.6821,26.8888],[-99.6781,26.8899],[-99.6789,26.8958],[-99.6667,26.8945],[-99.6619,26.9009]]]}},{"type":"Feature","properties":{"cve_mun":"19004","nombre_municipio":"Allende","cve_ent":"19","nombre_entidad":"Nuevo León"},"geometry":{"type":"Polygon","coordinates":[[[-99.9427,25.3724],[-99.9407,25.3579],[-99.935,25.3561],[-99.9328,25.3503],[-99.9347,25.3453],[-99.9446,25.3378],[-99.9424,25.3245],[-99.9392,25.318],[-99.9295,25.3163],[-99.9278,25.312],[-99.9537,25.3003],[-99.9485,25.2965],[-99.9374,25.2995],[-99.9385,25.2889],[-99.9445,25.2877],[-99.9467,25.2841],[-99.9536,25.2861],[-99.9578,25.2752],[-99.9662,25.2789],[-99.9708,25.2738],[-99.9714,25.2652],[-99.9777,25.2681],[-99.9836,25.264],[-99.9913,25.2663],[-99.9988,25.259],[-100.0058,25.2604],[-100.0286,25.2533],[-100.042,25.2314],[-100.0561,25.2293],[-100.0619,25.2243],[-100.0659,25.2248],[-100.0665,25.2281],[-100.0715,25.2259],[-100.0738,25.23],[-100.071,25.2307],[-100.0872,25.2383],[-100.0854,25.2463],[-100.0928,25.2539],[-100.1016,25.2558],[-100.0993,25.2619],[-100.1105,25.2638],[-100.1138,25.2672],[-100.1125,25.2702],[-100.1242,25.28],[-100.1332,25.2949],[-100.1398,25.3001],[-100.0763,25.3361],[-100.0582,25.3615],[-100.044,25.351],[-100.0257,25.3519],[-100.0149,25.3451],[-99.9966,25.3569],[-99.9911,25.3546],[-99.9796,25.3573],[-99.9728,25.3642],[-99.9651,25.3619],[-99.9601,25.3659],[-99.9511,25.363],[-99.9508,25.3712],[-99.9427,25.3724]]]}},{"type":"Feature","properties":{"cve_mun":"19003","nombre_municipio":"Los Aldamas","cve_ent":"19","nombre_entidad":"Nuevo León"},"geometry":{"type":"Polygon","coordinates":[[[-99.3192,26.2958],[-99.26,26.2528],[-99.1978,26.2587],[-99.167,26.0755],[-99.1733,26.0783],[-99.188,26.0754],[-99.1943,26.0663],[-99.1883,26.0644],[-99.1916,26.0607],[-99.1887,26.0582],[-99.1894,26.0501],[-99.1936,26.045],[-99.1865,26.0409],[-99.1897,26.0298],[-99.1981,26.0244],[-99.1922,26.0046],[-99.1946,25.9995],[-99.1922,25.9932],[-99.1859,25.9908],[-99.183,25.9829],[-99.1787,25.987],[-99.1725,25.9863],[-99.1714,25.9784],[-99.1783,25.9781],[-99.1792,25.9686],[-99.1857,25.9675],[-99.1885,25.9586],[-99.184,25.9499],[-99.1856,25.9449],[-99.1825,25.9346],[-99.1833,25.9314],[-99.1936,25.9307],[-99.1951,25.9279],[-99.1944,25.9225],[-99.187,25.9198],[-99.1922,25.909],[-99.189,25.9048],[-99.1914,25.8955],[-99.2126,25.8945],[-99.2158,25.8919],[-99.23,25.8945],[-99.2412,25.8878],[-99.2441,25.8952],[-99.2512,25.8996],[-99.2502,25.9027],[-99.2659,25.9161],[-99.2754,25.9122],[-99.2875,25.9001],[-99.2962,25.8987],[-99.305,25.9071],[-99.306,25.9174],[-99.3128,25.9254],[-99.3323,25.9144],[-99.332,25.9307],[-99.3348,25.9318],[-99.3359,25.9388],[-99.3343,25.9935],[-99.3617,26.0538],[-99.3657,26.0542],[-99.3658,26.0629],[-99.4013,26.1394],[-99.3324,26.2528],[-99.3337,26.3064],[-99.3192,26.2958]]]}},{"type":"Feature","properties":{"cve_mun":"19002","nombre_municipio":"Agualeguas","cve_ent":"19","nombre_entidad":"Nuevo León"},"geometry":{"type":"Polygon","coordinates":[[[-99.4471,26.446],[-99.4157,26.4382],[-99.4309,26.3513],[-99.4097,26.317],[-99.4651,26.3131],[-99.4626,26.2663],[-99.4699,26.2753],[-99.4754,26.2679],[-99.4802,26.273],[-99.4925,26.2742],[-99.5452,26.2362],[-99.5974,26.235],[-99.6101,26.2391],[-99.6099,26.2439],[-99.6173,26.2425],[-99.6183,26.2524],[-99.6255,26.2481],[-99.6278,26.2565],[-99.6362,26.2473],[-99.7271,26.1839],[-99.7387,26.1707],[-99.7801,26.1762],[-99.8023,26.1678],[-99.8158,26.1693],[-99.8234,26.1549],[-99.851,26.1535],[-99.8556,26.1507],[-99.8593,26.1509],[-99.8788,26.174],[-99.9203,26.187],[-99.933,26.2019],[-99.9253,26.2375],[-99.9193,26.2455],[-99.9556,26.2388],[-99.935,26.3068],[-99.9397,26.3074],[-99.9282,26.329],[-99.9255,26.3287],[-99.9213,26.3538],[-99.9277,26.3557],[-99.9229,26.3711],[-99.9284,26.3716],[-99.9284,26.3872],[-99.9028,26.3778],[-99.8465,26.3773],[-99.8142,26.367],[-99.8115,26.3632],[-99.8105,26.3703],[-99.8044,26.3778],[-99.7846,26.3861],[-99.7942,26.3962],[-99.792,26.3985],[-99.7879,26.3969],[-99.7899,26.4032],[-99.7835,26.4002],[-99.7844,26.4084],[-99.775,26.4079],[-99.7758,26.4045],[-99.7796,26.404],[-99.7772,26.4025],[-99.7787,26.3941],[-99.7729,26.3945],[-99.7738,26.3912],[-99.7675,26.3855],[-99.7548,26.3944],[-99.7578,26.3969],[-99.7512,26.4035],[-99.7555,26.4071],[-99.7382,26.4137],[-99.7325,26.408],[-99.7267,26.4137],[-99.7217,26.4095],[-99.7359,26.3909],[-99.7288,26.3807],[-99.7357,26.3736],[-99.7309,26.3678],[-99.7256,26.3741],[-99.7144,26.374],[-99.7145,26.3689],[-99.7215,26.369],[-99.7217,26.3631],[-99.6887,26.3631],[-99.6886,26.3524],[-99.6744,26.3525],[-99.6744,26.3443],[-99.671,26.3442],[-99.6711,26.3402],[-99.664,26.3401],[-99.664,26.3511],[-99.6432,26.3511],[-99.6534,26.3886],[-99.6204,26.3948],[-99.6188,26.3911],[-99.6062,26.3893],[-99.6065,26.3872],[-99.5988,26.3884],[-99.5989,26.3919],[-99.6104,26.398],[-99.6109,26.4087],[-99.59,26.4097],[-99.5892,26.4048],[-99.5799,26.4002],[-99.5768,26.4048],[-99.5779,26.4136],[-99.4755,26.3886],[-99.4744,26.3994],[-99.4624,26.4033],[-99.4658,26.4426],[-99.4596,26.4399],[-99.4471,26.446]]]}}]}